"spelling","pronunciation","freq"
"a","8",1041179
"a","e",1041179
"aah","a",2688
"aardvark","ardvark",21
"aaron","Eren",747
"ab","@b",75
"abacus","@bekes",12
"abandon","eb@nden",413
"abandoned","eb@ndend",678
"abandoning","eb@nden1N",86
"abandonment","eb@ndenment",49
"abbey","@bi",162
"abbot","@bet",43
"abbott","@bet",401
"abby","@bi",637
"abdomen","@bdemen",171
"abdominal","@bdamenel",174
"abducted","@bd^kt1d",255
"abducted","ebd^kt1d",255
"abduction","@bd^kSen",185
"abduction","ebd^kSen",185
"abductions","@bd^kSenz",42
"abel","8bel",68
"abide","eb5d",138
"abigail","@beg8l",154
"abilene","@belin",68
"abilities","eb1letiz",312
"ability","eb1leti",980
"able","8bel",8155
"abner","@bn3r",172
"abnormal","@bncrmel",148
"aboard","ebcrd",1358
"abominable","ebamenebel",32
"abomination","ebamen8Sen",58
"abort","ebcrt",235
"abortion","ebcrSen",369
"about","ebOt",185206
"above","eb^v",2493
"abracadabra","@breked@bre",53
"abraham","8breh@m",264
"abrasions","ebr8Zenz",56
"abroad","ebrad",250
"abrupt","ebr^pt",58
"abruptly","ebr^ptli",45
"abs","@bz",54
"absence","@bsens",322
"absent","@bsent",131
"absolute","@bselut",577
"absolutely","@bselutli",5769
"absolution","@bseluSen",48
"absorb","ebzcrb",101
"absorbed","ebzcrbd",78
"abstain","ebst8n",26
"abstinence","@bstenens",45
"abstract","@bstr@kt",111
"absurd","ebs3rd",495
"abundance","eb^ndens",45
"abuse","ebjus",523
"abuse","ebjuz",523
"abused","ebjuzd",231
"abusing","ebjuz1N",61
"abusive","ebjus1v",83
"abyss","eb1s",90
"academic","@kedEm1k",238
"academy","ek@demi",633
"acapulco","@kepUlko",82
"accelerando","@ksEler@ndo",3
"accelerate","@ksEl3r8t",65
"accelerated","@ksEl3r8ted",49
"accelerating","@ksEl3r8t1N",45
"acceleration","@ksEl3r8Sen",44
"accelerator","@ksEl3r8t3r",69
"accent","eksEnt",621
"accents","@ksEnts",58
"accept","@ksEpt",2692
"accept","eksEpt",2692
"acceptable","eksEptebel",269
"acceptance","@ksEptens",161
"acceptance","eksEptens",161
"accepted","@ksEpt1d",801
"accepting","@ksEpt1N",206
"accepting","eksEpt1N",206
"accepts","@ksEpts",106
"accepts","eksEpts",106
"access","@ksEs",1615
"accessed","@ksEst",78
"accessible","@ksEsebel",56
"accessing","@ksEs1N",53
"accessories","@ksEs3riz",76
"accessory","@ksEs3ri",147
"accident","@ksedent",4146
"accidental","@ksedEntel",153
"accidentally","@ksedEnteli",449
"accidents","@ksedents",340
"accolade","@kel8d",1
"accommodate","ekamed8t",109
"accommodation","ekamed8Sen",48
"accommodations","ekamed8Senz",85
"accompanied","ek^mpenid",105
"accompany","ek^mpeni",242
"accompanying","ek^mpeni1N",47
"accomplice","ekamples",216
"accomplices","ekamplesez",58
"accomplish","ekampl1S",298
"accomplished","ekampl1St",384
"accomplishment","ekampl1Sment",96
"accomplishments","ekampl1Sments",81
"accord","ekcrd",83
"accordance","ekcrdens",81
"according","ekcrd1N",2135
"accordingly","ekcrd1Nli",93
"accordion","ekcrdien",67
"account","ekOnt",2280
"accountable","ekOntebel",72
"accountant","ekOntent",315
"accountants","ekOntents",55
"accounted","ekOnted",154
"accounting","ekOnt1N",230
"accounts","ekOnts",534
"accuracy","@kj3resi",76
"accurate","@kj3ret",400
"accurately","@kj3retli",58
"accusation","@kjez8Sen",143
"accusation","@kjuz8Sen",143
"accusations","@kjez8Senz",153
"accusations","@kjuz8Senz",153
"accuse","ekjuz",290
"accused","ekjuzd",666
"accusing","ekjuz1N",252
"accustomed","ek^stemd",149
"ace","8s",751
"aces","8sez",202
"ache","8k",127
"aches","8ks",77
"achieve","eCiv",374
"achieved","eCivd",219
"achievement","eCivment",178
"achievements","eCivments",55
"achilles","ek1liz",115
"aching","8k1N",105
"acid","@sed",508
"acids","@s1dz",42
"acknowledge","eknal1G",313
"acknowledged","@knaleGd",100
"acme","@kmi",64
"acne","@kni",46
"acorn","8kcrn",37
"acoustic","ekustek",49
"acquaintance","ekw8ntens",273
"acquaintances","ekw8ntensez",54
"acquainted","ekw8nt1d",231
"acquiesce","@kwiEs",3
"acquiescence","@kwiEsens",5
"acquire","ekw5r",135
"acquired","ekw5rd",228
"acquiring","ekw5r1N",43
"acquisition","@kwez1Sen",74
"acquitted","ekw1ted",78
"acre","8k3r",93
"acres","8k3rz",234
"acrobat","@kreb@t",30
"acronym","@kren1m",15
"across","ekras",4801
"act","@kt",5565
"acted","@kt1d",548
"actin","@kten",54
"acting","@kt1N",2675
"action","@kSen",3115
"actions","@kSenz",620
"activate","@ktev8t",238
"activated","@kt1v8t1d",220
"activating","@ktev8t1N",44
"activation","@ktev8Sen",43
"active","@kt1v",584
"actively","@ktevli",42
"activist","@ktevest",50
"activities","@kt1v1tiz",439
"activity","@kt1v1ti",657
"actor","@kt3r",1343
"actors","@kt3rz",644
"actress","@ktres",817
"actresses","@ktresez",115
"acts","@kts",636
"actual","@kCuel",884
"actually","@kCueli",16439
"acute","ekjut",150
"ad","@d",694
"adam","@dem",1890
"adamant","@dement",50
"adams","@demz",470
"adapt","ed@pt",134
"adaptation","@dept8Sen",81
"adapted","ed@pted",56
"add","@d",1686
"added","@d1d",492
"adder","@d3r",73
"addict","@d1kt",273
"addict","ed1kt",273
"addicted","ed1kt1d",231
"addiction","ed1kSen",199
"addictive","ed1ktev",57
"addicts","@d1kts",106
"addicts","ed1kts",106
"adding","@d1N",205
"addison","@desen",91
"addition","ed1Sen",395
"additional","ed1Senel",300
"address","@drEs",2666
"addressed","edrEst",194
"addresses","@drEses",162
"addresses","edrEses",162
"addressing","@drEs1N",107
"addressing","edrEs1N",107
"adds","@dz",201
"ade","8d",15
"adequate","@dekwet",132
"adhesive","@dhis1v",47
"adhesive","edhis1v",47
"adieu","edju",94
"adieu","edu",94
"adios","adios",159
"adjacent","eG8sent",68
"adjective","@G1kt1v",25
"adjoining","eG2n1N",57
"adjourn","eG3rn",66
"adjourned","eG3rnd",250
"adjudication","eGudek8Sen",9
"adjust","eG^st",287
"adjusted","eG^sted",92
"adjusting","eG^st1N",121
"adjustment","eG^stment",158
"adjustments","eG^stments",71
"adjutant","@Getent",45
"administer","edm1n1st3r",85
"administered","edm1n1st3rd",76
"administration","@dm1n1str8Sen",387
"administrative","edm1n1str8t1v",82
"administrator","edm1n1str8t3r",84
"admirable","@dm3rebel",133
"admiral","@dm3rel",845
"admiration","@dm3r8Sen",107
"admire","@dm5r",722
"admire","edm5r",722
"admired","edm5rd",187
"admirer","@dm5r3r",151
"admirers","edm5r3rz",49
"admiring","@dm5r1N",141
"admission","@dm1Sen",181
"admission","edm1Sen",181
"admissions","@dm1Senz",111
"admit","edm1t",3019
"admits","edm1ts",105
"admitted","edm1ted",467
"admittedly","@dm1tedli",47
"admitting","@dm1t1N",157
"ado","edu",77
"adolescence","@delEsens",44
"adolescence","@dolEsens",44
"adolescent","@delEsent",94
"adolescent","@dolEsent",94
"adolf","8dalf",69
"adolph","8dalf",42
"adopt","edapt",238
"adopted","edapted",430
"adopting","edapt1N",60
"adoption","edapSen",239
"adorable","edcrebel",537
"adore","edcr",394
"adored","edcrd",125
"adores","edcrz",91
"adrenaline","edrEnelen",168
"adrift","edr1ft",51
"ads","@dz",258
"adult","ed^lt",729
"adultery","ed^lt3ri",99
"adults","@delts",488
"adults","ed^lts",488
"advance","edv@ns",815
"advanced","edv@nst",451
"advancement","edv@nsment",63
"advances","edv@nsez",148
"advancing","edv@ns1N",76
"advantage","@dv@nt1G",1125
"advantages","edv@nt1Gez",144
"adventure","@dvEnC3r",685
"adventure","edvEnC3r",685
"adventures","@dvEnC3rz",184
"adventurous","@dvEnC3res",62
"adverb","@dv3rb",10
"adversary","@dv3rsEri",77
"adversity","@dv3rs1ti",54
"advertise","@dv3rt5z",84
"advertised","@dv3rt5zd",52
"advertisement","@dv3rt1sment",61
"advertisement","@dv3rt5zment",61
"advertising","@dv3rt5z1N",379
"advice","@dv5s",2447
"advisable","edv5zebel",40
"advise","edv5z",622
"advised","edv5zd",267
"adviser","@dv5z3r",53
"advising","@dv5z1N",68
"advisor","@dv5z3r",225
"advisors","@dv5z3rz",66
"advisory","@dv5z3ri",51
"advocate","@dveket",113
"aegean","8Gien",19
"aerial","Eriel",129
"aerobics","Erob1ks",79
"aeronautical","Eronatekel",12
"aeroplane","Eropl8n",71
"aerospace","Erosp8s",55
"aesthetic","EsTEt1k",34
"afar","efar",59
"affair","efEr",1502
"affairs","efErz",747
"affect","@fEkt",568
"affect","efEkt",568
"affected","efEkt1d",345
"affecting","efEkt1N",130
"affection","efEkSen",431
"affectionate","efEkSenet",115
"affections","efEkSenz",61
"affects","@fEkts",244
"affects","efEkts",244
"affidavit","@f1d8v1t",100
"affiliated","ef1li8ted",40
"affirm","ef3rm",17
"affirmative","ef3rmet1v",241
"afflicted","efl1kted",65
"affliction","efl1kSen",60
"afford","efcrd",2266
"afghanistan","@fg@nest@n",93
"afloat","eflot",85
"afoot","efUt",52
"afraid","efr8d",12631
"africa","@fr1ke",957
"african","@fr1ken",345
"africans","@fr1kenz",54
"afro","@fro",57
"aft","@ft",180
"after","@ft3r",34812
"afterlife","@ft3rl5f",81
"aftermath","@ft3rm@T",53
"afternoon","@ft3rnun",4666
"afternoons","@ft3rnunz",101
"aftershave","@ft3rS8v",55
"afterward","@ft3rw3rd",112
"afterwards","@ft3rw3rdz",714
"again","egEn",40428
"against","egEnst",10288
"agamemnon","@gemEmnan",72
"age","8G",4039
"aged","8G1d",183
"aged","8Gd",183
"agencies","8Gensiz",164
"agency","8Gensi",991
"agenda","eGEnde",373
"agent","8Gent",5235
"agents","8Gents",1074
"ages","8Gez",567
"aggie","@gi",106
"aggravate","@grev8t",37
"aggravated","@grev8ted",64
"aggravation","@grev8Sen",59
"aggression","egrESen",143
"aggressive","egrEs1v",405
"aging","8G1N",131
"agitate","@Get8t",22
"agitated","@Get8ted",128
"ago","ego",14592
"agony","@geni",191
"agree","egri",3298
"agreeable","egriebel",81
"agreed","egrid",1832
"agreeing","egri1N",106
"agreement","egriment",892
"agreements","egriments",41
"agrees","egriz",219
"agricultural","@gr1k^lC3rel",48
"agriculture","@gr1k^lC3r",56
"ah","a",10535
"aha","aha",360
"ahab","8h@b",41
"ahead","ehEd",10115
"ahem","ehEm",391
"ahold","ehold",307
"ahoy","eh2",189
"aid","8d",709
"aide","8d",103
"aiding","8d1N",54
"aids","8dz",54
"ail","8l",11
"aim","8m",758
"aimed","8md",99
"aiming","8m1N",193
"aims","8mz",60
"air","Er",7090
"airborne","Erbcrn",215
"aircraft","Erkr@ft",482
"aired","Erd",45
"airfield","Erfild",118
"airforce","Erfcrs",20
"airline","Erl5n",331
"airlines","Erl5nz",191
"airlock","Erlak",42
"airplane","Erpl8n",557
"airplanes","Erpl8nz",164
"airport","Erpcrt",1940
"airports","Erpcrts",70
"airspace","Ersp8s",82
"airstrip","Erstr1p",57
"airtight","Ert5t",57
"airway","Erw8",83
"airways","Erw8z",45
"aisle","5l",379
"aitch","8C",1
"ajax","8G@ks",53
"al","@l",5306
"alabama","@leb@me",233
"aladdin","el@d1n",85
"alamo","@lemo",73
"alan","@len",1676
"alarm","elarm",1522
"alarmed","elarmd",151
"alarming","elarm1N",58
"alarms","elarmz",157
"alas","el@s",195
"alaska","el@ske",223
"albanian","@lb8nien",50
"albany","albeni",107
"albert","@lb3rt",949
"albino","@lb5no",59
"album","@lbem",522
"albums","@lbemz",119
"albuquerque","@lbek3rki",127
"alcohol","@lkehal",845
"alcoholic","@lkehal1k",316
"alcoholics","@lkehal1ks",54
"alcoholism","@lkehal1zm",43
"alden","alden",85
"alderman","ald3rmen",41
"ale","8l",202
"alec","@l1k",219
"alert","el3rt",1051
"alerted","el3rted",91
"alexander","@l1gz@nd3r",485
"alf","@lf",60
"alfonso","@lfanso",44
"alfred","@lfr1d",372
"alfredo","@lfr8do",32
"algae","@lGi",22
"algebra","@lGebre",90
"algorithm","@lg3r1Dm",27
"alias","8lies",208
"aliases","8liesez",43
"alibi","@leb5",426
"alibis","@leb5z",58
"alice","@l1s",1352
"alien","8lien",889
"alienated","8lien8ted",41
"aliens","8lienz",491
"align","el5n",35
"aligned","el5nd",40
"alignment","el5nment",67
"alike","el5k",579
"alimony","@lemoni",132
"alison","@l1sen",378
"alive","el5v",7878
"all","al",263255
"allah","ale",225
"allan","@len",184
"allegations","@leg8Senz",110
"alleged","elEGd",203
"allegedly","elEGedli",113
"allegiance","eliGens",159
"allen","@len",609
"allergic","el3rG1k",413
"allergies","@l3rGiz",139
"allergy","@l3rGi",86
"alley","@li",831
"alleys","@liz",58
"alleyway","@liw8",40
"alliance","el5ens",465
"allied","@l5d",147
"allied","el5d",147
"allies","@l5z",260
"allies","el5z",260
"alligator","@leg8t3r",178
"alligators","@leg8t3rz",65
"allow","elO",2263
"allowance","elOens",265
"allowed","elOd",2286
"allowing","elO1N",250
"allows","elOz",279
"alloy","@l2",52
"ally","@l5",1666
"ally","@li",1666
"ally","el5",1666
"alma","alme",294
"almanac","almen@k",43
"almighty","alm5ti",446
"almond","almend",56
"almonds","almendz",69
"almost","almost",9857
"aloft","elaft",37
"aloha","eloha",149
"alone","elon",15735
"along","elaN",9330
"alongside","elaNs5d",192
"aloud","elOd",94
"alpha","@lfe",414
"alphabet","@lfebEt",127
"alphabetical","@lfebEt1kel",44
"alphabetize","@lfebet5z",5
"alpine","@lp5n",65
"alps","@lps",62
"already","alrEdi",16246
"alright","alr5t",4044
"alrighty","alr5ti",83
"also","also",10528
"altair","altEr",64
"altar","alt3r",259
"alter","alt3r",244
"alterations","alt3r8Senz",48
"altered","alt3rd",228
"alternate","alt3rn8t",180
"alternate","alt3rnet",180
"alternative","alt3rnet1v",476
"alternatives","alt3rnetevz",83
"althea","@lTie",46
"although","alDo",2143
"altitude","@lt1tud",198
"alto","@lto",69
"altogether","altegED3r",327
"alum","@lem",7
"aluminum","elumenem",115
"alumni","el^mn5",89
"always","alw8z",33418
"alzheimer","@lzh5m3r",85
"am","@m",56438
"amalgamation","em@lgem8Sen",6
"amateur","@meC3r",334
"amateur","@met3r",334
"amateurs","@meC3rz",176
"amateurs","@met3rz",176
"amaze","em8z",82
"amazed","em8zd",261
"amazes","em8zez",43
"amazing","em8z1N",4167
"amazingly","em8z1Nli",91
"amazon","@mezan",148
"ambassador","@mb@sed3r",689
"ambassadors","@mb@sed3rz",43
"amber","@mb3r",473
"ambidextrous","@mb1dEkstres",12
"ambition","@mb1Sen",273
"ambitions","@mb1Senz",93
"ambitious","@mb1Ses",243
"ambivalent","@mb1velent",12
"ambrose","@mbroz",169
"ambrosia","@mbroZe",49
"ambulance","@mbjulens",1143
"ambulances","@mbjelensez",64
"ambush","@mbUS",277
"ambushed","@mbUSt",109
"amelia","emilje",240
"amen","8mEn",1325
"amen","amEn",1325
"amendment","emEndment",209
"amends","emEndz",94
"america","emEr1ke",3974
"american","emEr1ken",5213
"americans","emEr1kenz",1293
"amethyst","@m1T1st",6
"amid","em1d",45
"amigo","emigo",259
"amigos","emigoz",108
"amir","em1r",61
"amish","am1S",90
"ammo","@mo",274
"ammonia","emonje",76
"ammunition","@mjen1Sen",300
"amnesia","@mniZe",189
"amnesty","@mnesti",68
"among","em^N",1729
"amongst","em^Nst",364
"amorous","@m3res",47
"amos","8mes",81
"amount","emOnt",1262
"amounts","emOnts",181
"amour","amur",95
"amp","@mp",93
"ampersand","@mp3rs@nd",3
"amphibian","@mf1bien",20
"ample","@mpel",93
"amps","@mps",49
"amputate","@mpjet8t",44
"amputation","@mpjet8Sen",43
"amsterdam","@mst3rd@m",217
"amulet","@mjelet",118
"amuse","emjuz",133
"amused","emjuzd",128
"amusement","emjuzment",191
"amusing","emjuz1N",469
"amy","8mi",2498
"an","@n",95071
"ana","@ne",264
"ana","ane",264
"anachronism","en@kren1zm",5
"anal","8nel",138
"analogy","en@leGi",58
"analyse","@nel5z",45
"analysis","en@l1s1s",563
"analyst","@nel1st",177
"analysts","@nelests",56
"analyze","@nel5z",165
"analyzed","@nel5zd",110
"analyzing","@nel5z1N",93
"anarchy","@n3rki",103
"anatomy","en@temi",163
"ancestor","@nsEst3r",86
"ancestors","@nsEst3rz",279
"anchor","@Nk3r",378
"anchors","@Nk3rz",40
"anchovies","@nCoviz",50
"anchovy","@nCovi",7
"ancient","8nCent",1105
"and","@nd",682780
"anders","@nd3rz",80
"anderson","@nd3rsen",750
"andre","andr8",337
"andrew","@ndru",1085
"android","@ndr2d",45
"andromeda","@ndramede",413
"anecdote","@n1kdot",55
"anecdotes","@n1kdots",40
"anemone","enEmeni",13
"anesthesia","@n1sTiZie",101
"anesthetic","@nesTEt1k",68
"aneurysm","@nj3r1zm",101
"anew","enju",44
"anew","enu",44
"angel","8nGel",3992
"angeles","@nGel1s",1551
"angeles","@nGeles",1551
"angelica","@nGEleke",85
"angelina","@nGEline",58
"angels","8nGelz",744
"anger","@Ng3r",991
"angina","@nG5ne",46
"angle","@Ngel",761
"angles","@Ngelz",164
"angry","@Ngri",3008
"angst","@Nst",47
"anguish","@Ngw1S",110
"angus","@Nges",208
"animal","@nemel",2320
"animals","@nemelz",1993
"animated","@nem8t1d",61
"animation","@nem8Sen",62
"ankle","@Nkel",409
"ankles","@Nkelz",219
"ann","@n",1296
"anna","@ne",1738
"annapolis","en@pel1s",42
"anne","@n",1065
"annex","@nEks",43
"annie","@ni",1769
"annihilation","en5el8Sen",41
"anniversary","@nev3rseri",939
"announce","enOns",498
"announced","enonst",289
"announcement","enOnsment",525
"announcements","enOnsmEnts",68
"announcer","enOns3r",574
"announces","enOnsez",58
"announcing","enOns1N",127
"annoy","en2",128
"annoyed","en2d",175
"annoying","en21N",567
"annual","@njuel",367
"annulled","en^ld",42
"annulment","en^lment",76
"anomaly","enameli",63
"anonymity","@nen1m1ti",46
"anonymous","enanemes",429
"another","en^D3r",25970
"answer","@ns3r",8986
"answered","@ns3rd",775
"answering","@ns3r1N",715
"answers","@ns3rz",1527
"ant","@nt",273
"antarctica","@ntarkt1ke",53
"ante","@nti",111
"antelope","@ntelop",50
"antenna","@ntEne",122
"anterior","@nt1ri3r",48
"anthem","@nTem",96
"anthill","@nth1l",29
"anthony","@nTeni",785
"anthrax","@nTr@ks",66
"anthropologist","@nTrepaleG1st",53
"anthropology","@nTrepaleGi",67
"antibiotics","@nt5b5at1ks",187
"antibiotics","@ntib5at1ks",187
"antichrist","@ntikr5st",49
"anticipate","@nt1sep8t",129
"anticipated","@nt1sep8ted",134
"anticipating","@nt1sep8t1N",53
"anticipation","@nt1sep8Sen",127
"antics","@nt1ks",50
"antidote","@nt1dot",221
"antique","@ntik",309
"antiques","@ntiks",137
"antiseptic","@ntesEptek",44
"antisocial","@nt5soSel",41
"antisocial","@ntisoSel",41
"antler","@ntl3r",15
"antlers","@ntl3rz",46
"antoinette","@ntw1nEt",63
"antonio","@ntonio",319
"ants","@nts",365
"anus","8nes",56
"anxiety","@Nz5eti",345
"anxious","@NkSes",719
"any","Eni",56068
"anybody","Enibedi",11573
"anyhow","EnihO",773
"anymore","Enimcr",9597
"anyone","Eniw^n",13018
"anyplace","Enipl8s",277
"anything","EniT1N",46270
"anytime","Enit5m",1248
"anyway","Eniw8",12164
"anyways","Eniw8z",444
"anywhere","EniwEr",4501
"aorta","8crte",78
"ap","@p",104
"apache","ep@Ci",251
"apaches","ep@Ciz",107
"apart","epart",2398
"apartheid","epart5t",19
"apartment","epartment",4235
"apartments","epartments",215
"ape","8p",493
"aperture","@p3rCer",14
"apes","8ps",209
"apex","8pEks",43
"aphrodisiac","@frodizi@k",82
"aphrodite","@fred5ti",101
"apiece","epis",202
"apocalypse","epakel1ps",126
"apollo","epalo",360
"apologies","epaleGiz",449
"apologize","epaleG5z",2518
"apologized","epaleG5zd",183
"apologizing","epaleG5z1N",139
"apology","epaleGi",804
"apostle","epasel",71
"apostrophe","epastrefi",12
"apothecary","epaTekEri",20
"appalled","epald",59
"appalling","epal1N",99
"apparatus","@perates",77
"apparent","epErent",215
"apparently","epErentli",2415
"appeal","epil",663
"appealed","epild",55
"appealing","epil1N",162
"appeals","epilz",137
"appear","ep1r",1192
"appearance","ep1rens",591
"appearances","ep1rensez",156
"appeared","ep1rd",499
"appearing","ep1r1N",119
"appears","ep1rz",1074
"appease","epiz",25
"appendicitis","epEnd1s5tes",48
"appendix","epEnd1ks",133
"appetite","@pet5t",456
"appetites","@pet5ts",46
"appetizer","@pet5z3r",61
"appetizers","@pet5z3rz",54
"applaud","eplad",109
"applauding","eplad1N",39
"applause","eplaz",576
"apple","@pel",1207
"applejack","@pelG@k",29
"apples","@pelz",423
"applesauce","@pelsas",30
"appliance","epl5ens",41
"appliances","epl5ensez",56
"applicants","@plekents",44
"application","@plek8Sen",510
"applications","@plek8Senz",158
"applied","epl5d",314
"applies","epl5z",127
"apply","epl5",638
"applying","epl51N",184
"appoint","ep2nt",104
"appointed","ep2nt1d",270
"appointed","ep2nted",270
"appointment","ep2ntment",1559
"appointments","ep2ntments",173
"appreciate","epriSi8t",4373
"appreciated","epriSi8t1d",292
"appreciates","epriSi8ts",159
"appreciation","epriSi8Sen",261
"appreciative","epriSet1v",41
"apprehend","@prehEnd",73
"apprehended","@prehEnded",105
"apprehension","@pr1hEnSen",39
"apprentice","eprEntes",99
"approach","eproC",1070
"approached","eproCt",220
"approaches","eproCez",171
"approaching","eproC1N",653
"appropriate","epropri8t",657
"appropriate","epropriet",657
"appropriately","eproprietli",55
"approval","epruvel",428
"approve","epruv",580
"approved","epruvd",331
"approves","epruvz",44
"approximate","epraks1m8t",64
"approximate","epraks1met",64
"approximately","epraksemetli",380
"apricot","8prekat",32
"april","8prel",1053
"apron","8pren",136
"apropos","@prepo",17
"apt","@pt",89
"aptitude","@ptetud",55
"aqua","@kwe",70
"aqua","akwe",70
"aquarium","ekwEriem",141
"aquarius","ekwEries",58
"ar","ar",1
"arab","@reb",174
"arab","Ereb",174
"arabia","er8bie",76
"arabian","er8bien",63
"arabic","@reb1k",174
"arabic","Ereb1k",174
"arabs","@rebz",108
"arabs","Erebz",108
"arbitrary","arbetrEri",52
"arc","ark",247
"arcade","ark8d",111
"arcadia","ark8die",49
"arch","arC",188
"archaeological","arkielaGekel",48
"archaeologist","arkialeG1st",57
"archaic","ark81k",35
"archbishop","arCb1Sep",188
"archduke","arCduk",46
"archer","arC3r",278
"archers","arC3rz",69
"arches","arCez",43
"archie","arCi",299
"archipelago","arkepElego",7
"architect","arketEkt",334
"architects","arketEkts",55
"architectural","arketEkC3rel",65
"architecture","arketEkC3r",162
"archive","ark5v",67
"archives","ark5vz",129
"arctic","arkt1k",100
"arduous","arGues",34
"are","ar",265672
"area","Erie",3821
"areas","Eriez",456
"arena","erine",185
"ares","Eriz",161
"argentina","arGentine",134
"argh","arg",295
"argo","argo",42
"argue","argju",1007
"argued","argjud",138
"arguing","argju1N",544
"argument","argjument",867
"arguments","argjements",230
"argyle","arg5l",43
"arid","@red",16
"arid","Ered",16
"ariel","Eriel",361
"arise","er5z",151
"arises","3r5zez",53
"aristocracy","Erestakresi",32
"aristocrat","3r1stekr@t",69
"aristocrats","3r1stekr@ts",112
"aristotle","Erestatel",61
"arithmetic","er1Tmet1k",78
"arizona","Er1zone",564
"ark","ark",199
"arkansas","arkensa",102
"arlington","arl1Nten",56
"arm","arm",3336
"armada","armade",55
"armadillo","armed1lo",154
"armageddon","armegEden",88
"armchair","armCEr",21
"armed","armd",1164
"armenian","arminien",92
"armenians","arminienz",42
"armies","armiz",178
"arming","arm1N",57
"armoire","armwar",8
"armor","arm3r",372
"armored","arm3rd",166
"armory","arm3ri",95
"armour","arm3r",86
"armoured","arm3rd",59
"armpit","armp1t",64
"armpits","armp1ts",50
"armrest","armrEst",8
"arms","armz",3050
"armstrong","armstraN",264
"army","armi",4370
"arnold","arneld",431
"aroma","3rome",69
"aroma","erome",69
"arose","eroz",42
"around","erOnd",37573
"arouse","erOz",62
"aroused","erOzd",113
"arraigned","er8nd",33
"arraignment","3r8nment",71
"arrange","er8nG",791
"arranged","er8nGd",824
"arrangement","er8nGment",482
"arrangements","er8nGments",502
"arranging","3r8nG1N",95
"array","er8",108
"arrest","erEst",3037
"arrested","erEst1d",1781
"arrested","erEsted",1781
"arresting","erEst1N",192
"arrests","3rEsts",140
"arrhythmia","er1Dmie",24
"arrival","er5vel",422
"arrivals","3r5velz",41
"arrive","er5v",953
"arrived","er5vd",1949
"arrivederci","erived3rCi",60
"arrives","er5vz",469
"arriving","er5v1N",394
"arrogance","Eregens",144
"arrogant","Eregent",266
"arrow","@ro",400
"arrow","Ero",400
"arrows","@roz",173
"arrows","Eroz",173
"arse","ars",191
"arsenal","arsenel",102
"arsenic","arsenek",63
"arson","arsen",153
"arsonist","arsen1st",52
"arsonist","arsenest",52
"art","art",3611
"arterial","art1riel",68
"arteries","art3riz",86
"artery","art3ri",271
"arthritis","arTr5t1s",99
"arthur","arT3r",1687
"artichoke","art1Cok",28
"article","artekel",998
"articles","art1kelz",308
"articles","artekelz",308
"articulate","art1kjul8t",85
"artifact","artef@kt",56
"artifacts","artef@kts",75
"artifice","artef1s",3
"artificial","artef1Sel",246
"artillery","art1l3ri",280
"artist","art1st",1460
"artistic","art1st1k",251
"artists","art1sts",412
"arts","arts",470
"artwork","artw3rk",78
"arty","arti",55
"aryan","arien",47
"as","@z",113068
"asbestos","@sbEstes",66
"ascend","esEnd",47
"ascension","esEnSen",44
"ascertain","@s3rt8n",49
"ash","@S",469
"ashamed","eS8md",1396
"asher","@S3r",122
"ashes","@Sez",503
"ashore","eScr",317
"ashtray","@Str8",166
"asia","8Ze",270
"asian","8Zen",276
"aside","es5d",1212
"asinine","@sen5n",49
"ask","@sk",24640
"askance","esk@ns",4
"asked","@skt",11029
"asking","@sk1N",6546
"asks","@sks",852
"asleep","eslip",2541
"asparagus","espEreges",50
"aspect","@spEkt",197
"aspects","@spEkts",137
"aspen","@spen",96
"asphalt","@sfalt",49
"asphyxiate","esf1ksi8t",8
"aspirations","@sp3r8Senz",64
"aspire","esp5r",55
"aspirin","@sp3r1n",395
"ass","@s",11545
"assailant","es8lent",75
"assassin","es@sen",302
"assassinate","es@sen8t",96
"assassinated","es@sen8ted",126
"assassination","es@sen8Sen",281
"assassins","es@senz",125
"assault","esalt",896
"assaulted","esalt1d",184
"assaulting","esalt1N",60
"assaults","esalts",47
"assemble","esEmbel",163
"assembled","esEmbeld",154
"assembling","esEmbl1N",41
"assembly","esEmbli",245
"assert","es3rt",43
"asses","@sez",579
"assess","esEs",83
"assessment","esEsment",158
"asset","@sEt",193
"assets","@sEts",260
"asshole","@shol",3142
"assholes","@sholz",573
"assign","es5n",138
"assigned","es5nd",618
"assigning","es5n1N",43
"assignment","es5nment",912
"assignments","es5nments",180
"assist","es1st",400
"assistance","es1stens",558
"assistant","es1stent",1643
"assistants","es1stents",124
"assisted","es1sted",87
"assisting","es1st1N",81
"associate","esosi8t",458
"associate","esoSi8t",458
"associate","esosiet",458
"associate","esoSiet",458
"associated","esosi8ted",200
"associates","esosi8ts",250
"associates","esoSi8ts",250
"associates","esosiets",250
"associates","esoSiets",250
"association","esosi8Sen",414
"assorted","escrted",49
"assume","esum",1707
"assumed","esumd",579
"assumes","esumz",58
"assuming","esum1N",566
"assumption","es^mpSen",170
"assumptions","es^mpSenz",72
"assurance","eSUrens",104
"assure","eSUr",1021
"assured","eS3rd",316
"assures","eSUrz",43
"astern","est3rn",55
"asteroid","@st3r2d",86
"asthma","@zme",197
"astonished","estaneSt",48
"astonishing","estaneS1N",87
"astounding","estOnd1N",66
"astral","@strel",49
"astray","estr8",76
"astrology","estraleGi",47
"astronaut","@strenat",202
"astronauts","@strenats",100
"astronomy","estranemi",67
"astute","estut",51
"asylum","es5lem",234
"asystole","@s1stal",42
"at","@t",164072
"ate","8t",1722
"atheist","8Tiest",55
"athens","@Tenz",117
"athlete","@Tlit",235
"athletes","@Tlits",157
"athletic","@TlEt1k",197
"athletics","@TlEt1ks",32
"atlanta","@tl@nte",334
"atlantic","@tl@nt1k",504
"atlantic","etl@nt1k",504
"atlantis","@tl@nt1s",269
"atlas","@tles",52
"atmosphere","@tmesf1r",493
"atmospheric","@tmesfErek",47
"atom","@tem",140
"atomic","etam1k",249
"atoms","@temz",88
"atone","eton",43
"atop","etap",52
"atrocities","etrasetiz",53
"atrophy","@trefi",21
"atropine","@trepin",87
"atta","@te",102
"attach","et@C",126
"attache","@t@S8",5
"attached","et@Ct",623
"attachment","et@Cment",59
"attachments","et@Cments",44
"attack","et@k",3853
"attacked","et@kt",1219
"attacker","et@k3r",73
"attacking","et@k1N",408
"attacks","et@ks",578
"attagirl","@teg3rl",53
"attain","et8n",47
"attained","et8nd",40
"attempt","etEmpt",975
"attempted","etEmpted",392
"attempting","etEmpt1N",204
"attempts","etEmpts",220
"attend","etEnd",715
"attendance","etEndens",135
"attendant","etEndent",158
"attendants","etEndents",56
"attended","etEnded",198
"attending","etEnd1N",364
"attention","etEnSen",5032
"attentive","etEntev",66
"attic","@t1k",400
"attila","et1le",131
"attire","et5r",76
"attitude","@tetud",1330
"attitudes","@tetudz",69
"attorney","et3rni",2060
"attorneys","et3rniz",219
"attract","etr@kt",290
"attracted","etr@kted",605
"attracting","etr@kt1N",58
"attraction","etr@kSen",348
"attractive","etr@kt1v",1256
"attracts","etr@kts",59
"attribute","etr1bjut",45
"attributed","etr1bjeted",44
"auction","akSen",454
"audacity","ad@seti",48
"audience","adiens",1294
"audiences","adiensez",95
"audio","adio",284
"audit","ad1t",57
"audition","ad1Sen",705
"auditioning","ad1Sen1N",98
"auditions","ad1Senz",143
"auditorium","adetcriem",80
"auf","Of",71
"august","ag^st",520
"august","agest",520
"augusta","eg^ste",44
"auk","ak",1
"auld","ald",55
"aunt","@nt",2815
"aunt","ant",2815
"auntie","@nti",401
"auntie","anti",401
"aunts","@nts",52
"aunts","ants",52
"aunty","@nti",52
"aunty","anti",52
"aura","cre",93
"aurora","crcre",125
"auspice","asp1s",3
"austere","ast1r",11
"austin","ast1n",525
"austin","asten",525
"australia","astr8lje",430
"australian","astr8ljen",110
"austria","astrie",146
"austrian","astrien",65
"authentic","aTEnt1k",230
"authenticity","aTent1seti",59
"author","aT3r",405
"authorised","aT3r5zd",46
"authorities","eTcretiz",652
"authority","eTcreti",1082
"authorization","aT3rez8Sen",184
"authorize","aT3r5z",105
"authorized","aT3r5zd",319
"authors","aT3rz",71
"autistic","at1stek",58
"auto","ato",391
"autobiography","ateb5agrefi",41
"autograph","ategr@f",416
"autographed","ategr@ft",60
"autographs","ategr@fs",113
"automated","atem8ted",73
"automatic","atem@t1k",356
"automatically","atem@t1keli",213
"automatically","atom@t1keli",213
"automobile","atemobil",291
"automobiles","atemobilz",57
"autopilot","atop5let",51
"autopsy","atapsi",489
"autumn","atem",193
"auxiliary","agz1liEri",109
"auxiliary","agz1lj3ri",109
"ava","8ve",105
"avail","ev8l",43
"available","ev8lebel",1323
"avalanche","@vel@nC",173
"avalon","@velan",128
"ave","@v",71
"ave","av8",71
"avenge","evEnG",154
"avenged","evEnGd",44
"avenger","evEnG3r",120
"avenue","@venu",861
"average","@v3r1G",849
"average","@vr1G",849
"aversion","ev3rZen",68
"avert","ev3rt",30
"aviation","8vi8Sen",73
"aviator","8vi8t3r",28
"avid","@v1d",25
"avocado","@vekado",62
"avocado","avekado",62
"avoid","ev2d",1239
"avoided","ev2ded",134
"avoiding","ev2d1N",348
"avow","evO",3
"aw","a",2079
"await","ew8t",181
"awaiting","ew8t1N",192
"awaits","ew8ts",199
"awake","ew8k",1362
"awaken","ew8ken",125
"awakened","ew8kend",106
"awakening","ew8ken1N",63
"award","ewcrd",657
"awarded","ewcrded",126
"awards","ewcrdz",247
"aware","ewEr",1818
"awareness","ewErnes",115
"away","ew8",37276
"awe","a",134
"awesome","asem",1600
"awful","afel",3234
"awfully","afeli",1035
"awhile","ew5l",483
"awkward","akwerd",730
"awning","an1N",24
"awoke","ewok",67
"awol","8wal",117
"awry","er5",28
"ax","@ks",221
"axe","@ks",249
"axel","@ksel",132
"axis","@ks1s",81
"axle","@ksel",63
"ayatollah","5etole",13
"aycock","8kak",1
"aye","5",2236
"aztec","@ztEk",56
"baa","b@",52
"baa","ba",52
"babble","b@bel",44
"babbling","b@bl1N",158
"babe","b8b",1814
"babes","b8bz",177
"babies","b8biz",1704
"baboon","bebun",87
"baby","b8bi",25978
"babyish","b8bi1S",5
"babylon","b@belan",120
"babysit","b8bis1t",104
"babysitter","b8bis1t3r",236
"babysitting","b8bis1t1N",138
"bach","bak",102
"bachelor","b@Cel3r",504
"bachelor","b@Cl3r",504
"bachelorette","b@Cl3rEt",82
"bachelorette","b@ClerEt",82
"bachelors","b@Cl3rz",69
"back","b@k",102467
"backbone","b@kbon",84
"backdoor","b@kdcr",30
"backed","b@kt",382
"backer","b@k3r",54
"backfire","b@kf5r",44
"backfired","b@kf5rd",53
"background","b@kgrOnd",899
"backgrounds","b@kgrOndz",49
"backing","b@k1N",324
"backpack","b@kp@k",186
"backs","b@ks",400
"backseat","b@ksit",117
"backside","b@ks5d",85
"backstage","b@kst8G",261
"backup","b@kep",862
"backward","b@kw3rd",159
"backwards","b@kw3rdz",667
"backyard","b@kjard",369
"bacon","b8ken",605
"bacteria","b@kt1rie",155
"bad","b@d",27804
"badass","b@d@s",75
"baddest","b@dest",64
"bade","b8d",22
"badge","b@G",778
"badger","b@G3r",89
"badgering","b@G3r1N",53
"badges","b@Gez",102
"badly","b@dli",1336
"badness","b@dnes",29
"baffled","b@feld",47
"bag","b@g",4796
"bagel","b8gel",156
"bagels","b8gelz",96
"bagful","b@gfUl",5
"baggage","b@g1G",318
"bagged","b@gd",95
"baggie","b@gi",21
"bagging","b@g1N",43
"baggy","b@gi",48
"baghdad","b@gd@d",74
"bags","b@gz",1456
"bah","ba",100
"bahamas","behamez",109
"bail","b8l",885
"bailed","b8ld",144
"bailey","b8li",394
"bailiff","b8l1f",110
"bailiff","b8lef",110
"bailing","b8l1N",72
"bait","b8t",496
"baits","b8ts",9
"baja","baha",96
"bake","b8k",323
"baked","b8kt",341
"baker","b8k3r",698
"bakersfield","b8k3rzfild",53
"bakery","b8k3ri",179
"bakes","b8ks",27
"baking","b8k1N",177
"balance","b@lens",764
"balanced","b@lenst",121
"balancing","b@lens1N",41
"balboa","b@lboe",228
"balcony","b@lkeni",373
"bald","bald",496
"baldness","baldnes",12
"baldrick","baldrek",354
"baldy","baldi",56
"bale","b8l",104
"bali","bali",114
"balk","balk",3
"ball","bal",5353
"ballad","b@led",72
"ballard","b@l3rd",78
"ballast","b@lest",60
"ballerina","b@l3rine",118
"ballet","b@l8",523
"ballgame","balg8m",52
"ballistic","bel1st1k",59
"ballistics","bel1st1ks",120
"ballon","b@len",41
"balloon","belun",442
"balloons","belunz",239
"ballot","b@let",69
"ballpark","balpark",89
"ballroom","balrum",220
"balls","balz",2048
"balm","balm",30
"baloney","beloni",154
"baltimore","baltemcr",362
"bam","b@m",361
"bamboo","b@mbu",80
"ban","b@n",160
"banana","ben@ne",547
"bananas","ben@nez",278
"band","b@nd",2724
"bandage","b@nd1G",146
"bandages","b@nd1Gez",168
"bandaid","b@nd8d",3
"bandit","b@nd1t",191
"bandits","b@ndets",211
"bands","b@ndz",274
"bandstand","b@ndst@nd",41
"bane","b8n",94
"bang","b@N",1019
"banged","b@Nd",160
"banging","b@N1N",436
"bangkok","b@Nkak",112
"bangs","b@Nz",92
"banish","b@n1S",69
"banished","b@n1St",100
"banister","b@nest3r",67
"banjo","b@nGo",83
"bank","b@Nk",4334
"banker","b@Nk3r",243
"bankers","b@Nk3rz",110
"banking","b@Nk1N",152
"bankroll","b@Nkrol",56
"bankrupt","b@Nkr^pt",143
"bankruptcy","b@Nkreptsi",121
"banks","b@Nks",811
"banned","b@nd",137
"banner","b@n3r",302
"bannerman","b@n3rmen",50
"banners","b@n3rz",41
"banning","b@n1N",53
"bannister","b@n1st3r",219
"bannister","b@nest3r",219
"banquet","b@Nkwet",263
"banshee","b@nSi",57
"banter","b@nt3r",70
"banzai","banz5",79
"baptism","b@pt1zm",61
"baptist","b@pt1st",118
"baptist","b@ptest",118
"baptize","b@pt5z",37
"baptized","b@pt5zd",100
"bar","bar",4385
"barb","barb",118
"barbados","barb8dos",64
"barbara","barbere",1154
"barbarian","barbErien",92
"barbarians","barbErienz",64
"barbaric","barb@rek",72
"barbaric","barbErek",72
"barbecue","barb1kju",456
"barbecued","barbekjud",43
"barbed","barbd",67
"barber","barb3r",279
"barbershop","barb3rSap",108
"barbie","barbi",219
"barbwire","barbw5r",2
"barcelona","barselone",100
"bard","bard",41
"bare","bEr",425
"barefoot","bErfUt",121
"barefooted","bErfUted",9
"barely","bErli",1482
"barf","barf",100
"barfs","barfs",1
"bargain","bargen",612
"bargaining","bargen1N",106
"barge","barG",198
"barging","barG1N",90
"bark","bark",280
"barkeep","barkip",50
"barker","bark3r",149
"barking","bark1N",459
"barks","barks",164
"barley","barli",46
"barlow","barlo",116
"barn","barn",693
"barnaby","barnebi",120
"barney","barni",1003
"barnyard","barnjard",45
"baron","b@ren",687
"baron","bEren",687
"baroness","bErenes",134
"barons","b@renz",50
"barons","bErenz",50
"barrack","b@rek",18
"barrack","bErek",18
"barracks","b@reks",226
"barracks","bEreks",226
"barracuda","bErekude",35
"barrage","beraZ",53
"barre","bar",1
"barred","bard",64
"barrel","b@rel",542
"barrel","bErel",542
"barrels","b@relz",144
"barren","b@ren",75
"barren","bEren",75
"barrette","berEt",8
"barricade","b@rek8d",75
"barricade","bErek8d",75
"barricades","b@rek8dz",42
"barricades","bErek8dz",42
"barrier","b@ri3r",173
"barrier","bEri3r",173
"barriers","b@ri3rz",47
"barriers","bEri3rz",47
"barrister","b@rest3r",41
"barrister","bErest3r",41
"barrow","b@ro",61
"barrow","bEro",61
"barry","b@ri",1013
"barry","bEri",1013
"bars","barz",916
"bart","bart",345
"bartender","bartEnd3r",498
"bartenders","bartEnd3rz",42
"barter","bart3r",46
"bartlett","bartlet",125
"barton","barten",228
"bas","b@s",9
"base","b8s",1804
"baseball","b8sbal",1288
"based","b8st",1357
"basement","b8sment",1074
"bases","b8sez",182
"bases","b8siz",182
"bash","b@S",167
"bashed","b@St",58
"bashful","b@Sfel",63
"basic","b8s1k",794
"basically","b8s1keli",1327
"basics","b8s1ks",114
"basil","b@zel",69
"basil","b8zel",69
"basin","b8sen",96
"basis","b8s1s",609
"bask","b@sk",29
"basket","b@sk1t",672
"basketball","b@sketbal",1091
"baskets","b@skets",86
"bass","b@s",385
"bass","b8s",385
"bastard","b@st3rd",3348
"bastards","b@st3rdz",943
"baste","b8st",18
"bat","b@t",1052
"batch","b@C",212
"bate","b8t",3
"bateman","b8tmen",103
"bates","b8ts",213
"bath","b@T",1587
"bathe","b8D",128
"bathed","b8Dd",71
"bathes","b8Dz",12
"bathing","b8D1N",379
"bathrobe","b@Trob",85
"bathroom","b@Trum",3145
"bathrooms","b@Trumz",138
"baths","b@Ts",161
"bathtub","b@Tt^b",311
"batman","b@tm@n",239
"baton","betan",145
"bats","b@ts",309
"battalion","bet@ljen",298
"batter","b@t3r",203
"battered","b@t3rd",57
"batteries","b@t3riz",405
"battery","b@t3ri",633
"batting","b@t1N",164
"battle","b@tel",2155
"battlefield","b@telfild",165
"battles","b@telz",260
"battleship","b@telS1p",87
"battling","b@tl1N",127
"bavarian","bevErien",45
"bawling","bal1N",43
"baxter","b@kst3r",339
"bay","b8",1236
"bayonet","b8enEt",80
"bayou","b5u",68
"bazaar","bezar",58
"bazooka","bezuke",46
"be","bi",293085
"beach","biC",2888
"beachball","biCbal",3
"beaches","biCez",209
"beacon","biken",197
"bead","bid",57
"beads","bidz",180
"beagle","bigel",64
"beak","bik",107
"beaker","bik3r",22
"beam","bim",445
"beamed","bimd",48
"beaming","bim1N",42
"beams","bimz",137
"bean","bin",349
"beanie","bini",78
"beans","binz",736
"bear","bEr",2928
"beard","b1rd",643
"bearded","b1rded",65
"beardy","b1rdi",1
"bearer","bEr3r",92
"bearing","bEr1N",486
"bearings","bEreNz",85
"bearlike","bErl5k",1
"bears","bErz",581
"beast","bist",1252
"beasts","bists",190
"beat","bit",6716
"beaten","biten",611
"beating","bit1N",1160
"beatings","bit1Nz",68
"beatles","bitelz",153
"beatrice","bietres",172
"beats","bits",767
"beau","bo",298
"beaucoup","boku",57
"beaucoup","buku",57
"beaufort","bof3rt",53
"beaumont","bomant",131
"beaut","bjut",66
"beauties","bjutiz",129
"beautiful","bjutefel",14266
"beautifully","bjutefeli",357
"beauty","bjuti",2460
"beaver","biv3r",246
"became","b1k8m",2435
"became","bik8m",2435
"because","b1k^z",54622
"because","b1kaz",54622
"beck","bEk",195
"becker","bEk3r",127
"becket","bEket",68
"beckett","bEket",148
"become","b1k^m",5894
"becomes","b1k^mz",1231
"becoming","b1k^m1N",1167
"bed","bEd",9543
"bedbug","bEdb^g",15
"bedbugs","bEdb^gz",44
"bedding","bEd1N",38
"bedlam","bEdlem",62
"bedpan","bEdp@n",48
"bedroom","bEdrum",1872
"bedrooms","bEdrumz",152
"beds","bEdz",437
"bedside","bEds5d",98
"bedtime","bEdt5m",316
"bee","bi",528
"beech","biC",18
"beecher","biC3r",41
"beef","bif",1005
"beehive","bih5v",44
"beek","bik",6
"been","b1n",88573
"beep","bip",332
"beeper","bip3r",144
"beeping","bip1N",329
"beeps","bips",153
"beer","b1r",3850
"beers","b1rz",548
"bees","biz",272
"beet","bit",14
"beethoven","b8toven",202
"beetle","bitel",105
"beetles","bitelz",65
"beets","bits",52
"before","b1fcr",40501
"beforehand","b1fcrh@nd",74
"beg","bEg",2600
"began","b1g@n",1658
"began","big@n",1658
"beggar","bEg3r",126
"beggars","bEg3rz",97
"begged","bEgd",371
"begging","bEg1N",766
"begin","b1g1n",2906
"beginner","b1g1n3r",99
"beginning","b1g1n1N",3219
"beginnings","beg1n1Nz",65
"begins","b1g1nz",844
"begs","bEgz",72
"beguile","b1g5l",10
"begun","b1g^n",538
"begun","b1gen",538
"behalf","b1h@f",620
"behave","b1h8v",828
"behaved","beh8vd",152
"behaves","beh8vz",40
"behaving","b1h8v1N",198
"behavior","b1h8vj3r",1142
"behavioral","beh8vj3rel",79
"behavioral","bih8vj3rel",79
"behaviour","b1h8vj3r",275
"behind","b1h5nd",9581
"behold","b1hold",303
"beige","b8Z",69
"being","bi1N",24781
"beings","bi1Nz",599
"beirut","b8rut",70
"bel","bEl",60
"bela","bEle",89
"belch","bElC",37
"belfast","bElf@st",43
"belgian","bElGen",48
"belgium","bElGem",65
"belie","b1l5",9
"belief","b1lif",388
"beliefs","b1lifs",199
"believable","b1livebel",72
"believe","b1liv",31882
"believed","b1livd",1788
"believer","b1liv3r",174
"believers","b1liv3rz",44
"believes","b1livz",885
"believeth","b1liveT",54
"believing","b1liv1N",532
"bell","bEl",2006
"bellboy","bElb2",63
"belle","bEl",413
"bellevue","bElvju",60
"bellicosity","bElekaseti",3
"bellies","bEliz",87
"belligerence","bel1G3rens",1
"belligerent","bel1G3rent",33
"bellman","bElmen",55
"bellows","bEloz",41
"bells","bElz",671
"belly","bEli",794
"bellyache","bEli8k",15
"bellyful","bElifUl",30
"belong","b1laN",2263
"belonged","b1laNd",510
"belonging","b1laN1N",105
"belongings","b1laN1Nz",154
"belongs","b1laNz",1423
"beloved","b1l^vd",651
"beloved","b1l^ved",651
"below","b1lo",1430
"below","bilo",1430
"belt","bElt",1242
"belts","bElts",254
"ben","bEn",4994
"bench","bEnC",493
"bend","bEnd",768
"bender","bEnd3r",211
"bending","bEnd1N",122
"bends","bEndz",77
"beneath","b1niT",593
"benedict","bEned1kt",162
"benefactor","bEnef@kt3r",86
"beneficial","bEnef1Sel",40
"beneficiary","bEnef1SiEri",69
"benefit","bEnef1t",732
"benefits","bEnef1ts",379
"benign","ben5n",58
"benjamin","bEnGemen",487
"benny","bEni",849
"bent","bEnt",368
"bequeath","b1kwiT",43
"beret","bEr8",48
"berg","b3rg",79
"berger","b3rg3r",116
"bergman","b3rgmen",57
"berkeley","b3rkli",193
"berlin","b3rl1n",685
"bermuda","b3rmjude",177
"bernard","b3rn3rd",662
"bernard","b3rnard",662
"berries","bEriz",158
"berry","bEri",178
"berserk","b3rz3rk",70
"berth","b3rT",40
"bertha","b3rTe",157
"bertram","b3rtrem",48
"beseech","bisiC",79
"beside","b1s5d",774
"beside","bis5d",774
"besides","b1s5dz",4328
"besides","bis5dz",4328
"bess","bEs",58
"best","bEst",20623
"bestow","b1sto",56
"bestowed","b1stod",46
"bet","bEt",8763
"beta","b8te",175
"betcha","bECe",186
"beth","bET",813
"bethlehem","bETlehEm",85
"betray","b1tr8",466
"betrayal","b1tr8el",216
"betrayed","b1tr8d",590
"betraying","b1tr81N",101
"betrothed","b1troDd",56
"bets","bEts",537
"better","bEt3r",40494
"betting","bEt1N",430
"betty","bEti",1246
"between","b1twin",8932
"between","bitwin",8932
"beulah","bjule",78
"beverage","bEv3r1G",119
"beverage","bEvr1G",119
"beverages","bEvr1Gez",61
"beware","b1wEr",292
"bewildered","b1w1ld3rd",52
"bewitched","b1w1Ct",75
"beyond","b1jand",2200
"beyond","bijand",2200
"bi","b5",45
"bianco","biaNko",45
"bias","b5es",82
"biased","b5est",47
"bib","b1b",25
"bible","b5bel",935
"bibles","b5belz",60
"biblical","b1bl1kel",114
"biblical","b1blekel",114
"biceps","b5sEps",48
"bickering","b1k3r1N",70
"bicycle","b5s1kel",337
"bid","b1d",642
"bidder","b1d3r",88
"bidding","b1d1N",234
"bide","b5d",28
"bidet","b1d8",18
"bidet","bed8",18
"bids","b1dz",81
"biff","b1f",150
"big","b1g",34824
"bigfoot","b1gfUt",49
"bigger","b1g3r",2765
"biggest","b1gest",2085
"biggie","b1gi",105
"biggish","b1g1S",1
"bijou","biZu",93
"bike","b5k",1320
"biker","b5k3r",79
"bikers","b5k3rz",61
"bikes","b5ks",145
"bikini","b1kini",188
"bikinis","bekiniz",53
"bilbo","b1lbo",61
"bile","b5l",40
"bilge","b1lG",56
"bill","b1l",6041
"billboard","b1lbcrd",69
"billboards","b1lbcrdz",40
"billiard","b1lj3rd",42
"billie","b1li",379
"billing","b1l1N",101
"billings","b1l1Nz",113
"billion","b1ljen",568
"billionaire","b1ljenEr",98
"billions","b1ljenz",203
"bills","b1lz",1096
"billy","b1li",3525
"bimbo","b1mbo",107
"bin","b1n",274
"bind","b5nd",171
"binding","b5nd1N",111
"bing","b1N",233
"binge","b1nG",47
"bingo","b1Ngo",640
"bink","b1Nk",42
"binocular","b1nakjUl3r",1
"binocular","benakjel3r",1
"binoculars","benakjul3rz",80
"bio","b5o",88
"biography","b5agrefi",75
"biological","b5elaG1kel",300
"biologist","b5aleGest",64
"biology","b5aleGi",250
"biopsy","b5apsi",79
"bipolar","b5pol3r",42
"birch","b3rC",79
"bird","b3rd",2318
"birdcage","b3rdk8Z",24
"birdhouse","b3rdhOs",13
"birdie","b3rdi",253
"birdman","b3rdm@n",44
"birds","b3rdz",1320
"birdseed","b3rdsid",18
"birdy","b3rdi",54
"birmingham","b3rm1Nh@m",102
"birth","b3rT",1405
"birthday","b3rTd8",4958
"birthdays","b3rTd8z",154
"birthmark","b3rTmark",85
"birthplace","b3rTpl8s",41
"birthright","b3rTr5t",46
"biscuit","b1sket",191
"biscuits","b1skets",167
"bisexual","b5sEkSuel",54
"bishop","b1Sep",855
"bishops","b1Seps",41
"bismarck","b1zmark",102
"bison","b5sen",17
"bisque","b1sk",20
"bistro","b1stro",46
"bistro","bistro",46
"bit","b1t",11987
"bitch","b1C",8609
"bitches","b1Cez",640
"bitching","b1C1N",95
"bitchy","b1Ci",64
"bite","b5t",2080
"biter","b5t3r",29
"bites","b5ts",280
"biting","b5t1N",250
"bits","b1ts",549
"bitsy","b1tsi",45
"bitten","b1ten",188
"bitter","b1t3r",568
"bitterness","b1t3rnes",72
"bitty","b1ti",91
"biz","b1z",95
"bizarre","b1zar",372
"bizarre","bezar",372
"blab","bl@b",29
"black","bl@k",8565
"blackbird","bl@kb3rd",42
"blackboard","bl@kbcrd",60
"blacked","bl@kt",112
"blackjack","bl@kG@k",208
"blackmail","bl@km8l",394
"blackmailed","bl@km8ld",98
"blackmailer","bl@km8l3r",54
"blackmailing","bl@km8l1N",102
"blackness","bl@knes",45
"blackout","bl@kOt",225
"blackouts","bl@kOts",78
"blacks","bl@ks",170
"blacksmith","bl@ksm1T",107
"bladder","bl@d3r",202
"blade","bl8d",663
"blades","bl8dz",166
"blah","bla",686
"blair","blEr",282
"blake","bl8k",585
"blame","bl8m",2998
"blamed","bl8md",287
"blames","bl8mz",105
"blaming","bl8m1N",354
"blanch","bl@nC",13
"blanche","bl@nC",574
"bland","bl@nd",55
"blank","bl@Nk",495
"blanket","bl@Nk1t",662
"blanket","bl@Nket",662
"blankets","bl@Nk1ts",260
"blanks","bl@Nks",144
"blare","blEr",20
"blares","blErz",53
"blaring","blEr1N",88
"blasphemy","bl@sfemi",75
"blast","bl@st",825
"blasted","bl@st1d",229
"blasted","bl@sted",229
"blaster","bl@st3r",52
"blasting","bl@st1N",99
"blastoff","bl@staf",32
"blasts","bl@sts",47
"blatant","bl8tent",58
"blaze","bl8z",107
"blazer","bl8z3r",62
"blazes","bl8zez",76
"blazing","bl8z1N",93
"bleach","bliC",118
"bleached","bliCt",49
"bleachers","bliC3rz",59
"bleak","blik",55
"bleat","blit",6
"bled","blEd",201
"bleed","blid",515
"bleeder","blid3r",60
"bleeding","blid1N",1516
"bleeds","blidz",75
"bleep","blip",136
"blend","blEnd",218
"blender","blEnd3r",85
"bless","blEs",1788
"blessed","blEst",704
"blessing","blEs1N",495
"blessings","blEs1Nz",206
"blest","blEst",5
"blew","blu",1610
"blight","bl5t",29
"blimey","bl5mi",59
"blimp","bl1mp",53
"blind","bl5nd",2337
"blinded","bl5nd1d",189
"blindfold","bl5ndfold",88
"blindfolded","bl5ndfolded",61
"blinding","bl5nd1N",75
"blindly","bl5ndli",56
"blindness","bl5ndnes",67
"blinds","bl5ndz",109
"bling","bl1N",61
"blink","bl1Nk",258
"blinked","bl1Nkt",65
"blinking","bl1Nk1N",113
"blip","bl1p",41
"bliss","bl1s",160
"blister","bl1st3r",48
"blisters","bl1st3rz",70
"blithe","bl5D",11
"blitz","bl1ts",64
"blitzed","bl1tst",10
"blitzes","bl1tsez",2
"blitzkrieg","bl1tskrig",16
"blizzard","bl1z3rd",99
"bloat","blot",26
"bloated","bloted",86
"blob","blab",60
"bloc","blak",48
"block","blak",2067
"blockade","blak8d",78
"blockbuster","blakb^st3r",54
"blocked","blakt",346
"blockhead","blakhEd",41
"blocking","blak1N",293
"blocks","blaks",765
"bloke","blok",238
"blokes","bloks",73
"blond","bland",533
"blonde","bland",710
"blondes","blandz",79
"blood","bl^d",9492
"bloodbath","bl^db@T",72
"bloodhound","bl^dhOnd",50
"bloods","bl^dz",44
"bloodshed","bl^dSEd",100
"bloodstain","bl^dst8n",12
"bloodstains","bl^dst8nz",42
"bloodstream","bl^dstrim",88
"bloodthirsty","bl^dT3rsti",49
"bloody","bl^di",1962
"bloom","blum",281
"blooming","blum1N",81
"blossom","blasem",184
"blossoms","blasemz",67
"blot","blat",48
"blouse","blOs",272
"blow","blo",4976
"blowing","blo1N",921
"blowjob","bloGab",82
"blown","blon",811
"blowout","bloOt",76
"blows","bloz",793
"blowtorch","blotcrC",43
"blowup","blo^p",15
"blubber","bl^b3r",43
"blue","blu",5222
"blueberries","blubEriz",55
"blueberry","blubEri",131
"bluebird","blub3rd",39
"bluejay","bluG8",18
"blueprint","blupr1nt",63
"blueprints","blupr1nts",134
"blues","bluz",523
"bluff","bl^f",317
"bluffing","bl^f1N",257
"blume","blum",57
"blunder","bl^nd3r",46
"blunt","bl^nt",250
"blur","bl3r",109
"blurry","bl3ri",70
"blush","bl^S",136
"blushing","bl^S1N",102
"bo","bo",742
"boa","boe",66
"boar","bcr",111
"board","bcrd",3272
"boarded","bcrded",106
"boarding","bcrd1N",564
"boards","bcrdz",222
"boardwalk","bcrdwak",94
"boast","bost",54
"boat","bot",4885
"boater","bot3r",1
"boating","bot1N",52
"boats","bots",599
"bob","bab",4666
"bobbie","babi",163
"bobby","babi",3547
"bobcat","babk@t",20
"bobo","bobo",144
"bobsled","babslEd",48
"boca","boke",66
"bodega","bod8ge",67
"bodies","badiz",1694
"bodily","badeli",108
"body","badi",9972
"bodyguard","badigard",292
"bodyguards","badigardz",124
"bog","bag",49
"bogart","bogart",64
"bogey","bogi",127
"bogeyman","bUgim@n",44
"bogus","boges",138
"bohemian","bohimien",48
"boil","b2l",303
"boiled","b2ld",169
"boiler","b2l3r",144
"boiling","b2l1N",215
"boils","b2lz",102
"boisterous","b2st3res",12
"boisterous","b2stres",12
"bold","bold",385
"bolivia","bel1vie",44
"bollocks","baleks",143
"bologna","beloni",99
"bolt","bolt",351
"bolted","bolted",97
"bolts","bolts",111
"bom","bam",74
"bomb","bam",2736
"bombardment","bambardment",43
"bombay","bamb8",117
"bombed","bamd",197
"bomber","bam3r",214
"bombers","bam3rz",160
"bombing","bam1N",382
"bombings","bam1Nz",62
"bombs","bamz",728
"bombshell","bamSEl",46
"bona","bone",63
"bonanza","ben@nze",83
"bond","band",1595
"bondage","band1G",87
"bonded","banded",80
"bonding","band1N",155
"bonds","bandz",340
"bone","bon",1329
"boned","bond",41
"bonehead","bonhEd",60
"boner","bon3r",119
"bones","bonz",1561
"bonfire","banf5r",89
"bong","baN",142
"bongo","baNgo",137
"bonjour","banZUr",234
"bonk","baNk",17
"bonkers","baNk3rz",57
"bonnet","banet",95
"bonnie","bani",696
"bonny","bani",95
"bono","bono",104
"bonsai","bans5",50
"bonsoir","banswar",63
"bonus","bones",469
"bony","boni",61
"boo","bu",596
"boob","bub",153
"boobies","bubiz",69
"boobs","bubz",374
"booby","bubi",129
"booger","bUg3r",62
"boogeyman","bUgim@n",35
"boogie","bUgi",265
"boogieman","bUgim@n",3
"boohoo","buhu",5
"booing","bu1N",51
"book","bUk",9026
"bookcase","bUkk8s",48
"booked","bUkt",531
"booker","bUk3r",102
"bookie","bUki",130
"bookies","bUkiz",47
"booking","bUk1N",116
"bookkeeper","bUkkip3r",65
"booklet","bUkl1t",28
"bookmark","bUkmark",21
"books","bUks",3456
"bookseller","bUksEl3r",5
"bookshop","bUkSap",41
"bookstore","bUkstcr",200
"bookworm","bUkw3rm",37
"boom","bum",1112
"boomer","bum3r",124
"boomerang","bum3r@N",47
"booming","bum1N",53
"boon","bun",108
"boost","bust",230
"booster","bust3r",135
"boot","but",568
"booted","buted",42
"booth","buT",1039
"booths","buTs",57
"bootie","buti",8
"booties","butiz",43
"bootleg","butlEg",42
"bootlegs","butlEgz",5
"boots","buts",977
"booty","buti",313
"booze","buz",558
"bop","bap",94
"bora","bcre",58
"bordeaux","bcrdo",49
"border","bcrd3r",876
"borderline","bcrd3rl5n",81
"borders","bcrd3rz",143
"bore","bcr",395
"bored","bcrd",1029
"boredom","bcrdem",109
"bores","bcrz",41
"borg","bcrg",75
"boring","bcr1N",1398
"born","bcrn",4268
"borne","bcrn",52
"borough","b3ro",60
"borrow","baro",1495
"borrowed","barod",519
"borrowing","baro1N",147
"bosom","bUzem",159
"boss","bas",6339
"bosses","basez",223
"bossing","bas1N",40
"bossy","basi",89
"boston","basten",1225
"bot","bat",50
"botanical","bet@nekel",53
"botched","baCt",58
"both","boT",15062
"bother","baD3r",3436
"bothered","baD3rd",531
"bothering","baD3r1N",917
"bothers","baD3rz",375
"bottle","batel",2588
"bottled","bateld",133
"bottles","batelz",682
"bottom","batem",2546
"bottomless","batemles",45
"bottoms","batemz",183
"boudoir","budwar",45
"bough","bO",15
"bought","bat",4362
"bouillon","bujen",7
"boulder","bold3r",106
"boulevard","bUlevard",264
"bounce","bOns",502
"bounced","bOnst",151
"bouncer","bOns3r",81
"bounces","bOnsez",45
"bounciness","bOnsines",1
"bouncing","bOns1N",217
"bouncy","bOnsi",91
"bound","bOnd",940
"boundaries","bOnd3riz",189
"boundary","bOnd3ri",69
"bounds","bOndz",115
"bounty","bOnti",366
"bouquet","buk8",164
"bourbon","b3rben",319
"bourgeois","bUrZwa",60
"bourne","bcrn",60
"bout","bOt",974
"boutique","butik",55
"bow","bO",1034
"bow","bo",1034
"bowden","boden",56
"bowden","bOden",56
"bowed","bOd",41
"bowed","bod",41
"bowel","bOel",183
"bowels","bOelz",87
"bowels","bOlz",87
"bowers","bO3rz",60
"bowery","bO3ri",44
"bowie","boi",144
"bowing","bo1N",64
"bowing","bO1N",64
"bowl","bol",1094
"bowlegs","bolEgz",2
"bowler","bol3r",67
"bowling","bol1N",545
"bowls","bolz",111
"bowman","bomen",2
"bows","bOz",89
"bows","boz",89
"bowwow","bOwO",3
"box","baks",4577
"boxed","bakst",67
"boxer","baks3r",196
"boxers","baks3rz",101
"boxes","baksez",800
"boxing","baks1N",370
"boy","b2",27021
"boycott","b2kat",49
"boyfriend","b2frEnd",3684
"boyfriends","b2frEndz",259
"boys","b2z",11432
"bozo","bozo",126
"bozos","bozoz",50
"bra","bra",557
"brace","br8s",319
"bracelet","br8slet",398
"bracelets","br8slets",99
"braces","br8sez",164
"bracket","br@k1t",32
"brad","br@d",1541
"brag","br@g",179
"bragger","br@g3r",1
"bragging","br@g1N",118
"brahms","bramz",39
"braid","br8d",48
"braille","br8l",28
"brain","br8n",3928
"brainless","br8nles",45
"brains","br8nz",1401
"brainstorm","br8nstcrm",40
"brainwashed","br8nwaSt",85
"brainy","br8ni",48
"brake","br8k",305
"brakes","br8ks",339
"bran","br@n",67
"branch","br@nC",514
"branches","br@nCez",170
"brand","br@nd",712
"branded","br@nded",79
"brandon","br@nden",474
"brands","br@ndz",52
"brandy","br@ndi",567
"bras","braz",82
"brash","br@S",21
"brass","br@s",618
"brat","br@t",317
"brats","br@ts",75
"brats","brats",75
"bratty","br@ti",6
"brave","br8v",1617
"bravely","br8vli",78
"braver","br8v3r",58
"bravery","br8v3ri",147
"bravest","br8vest",87
"bravo","bravo",970
"brawl","bral",108
"brawn","bran",29
"brazen","br8zen",60
"brazil","brez1l",268
"brazilian","brez1ljen",105
"breach","briC",317
"breached","briCt",85
"bread","brEd",1445
"breadbox","brEdbaks",6
"breadth","brEdT",22
"break","br8k",11275
"breakdown","br8kdOn",373
"breaker","br8k3r",117
"breakers","br8k3rz",84
"breakfast","brEkfest",3381
"breaking","br8k1N",2155
"breaks","br8ks",960
"breakthrough","br8kTru",175
"breakup","br8k^p",149
"breast","brEst",457
"breasts","brEsts",634
"breath","brET",2291
"breathe","briD",2474
"breathed","briDd",71
"breather","briD3r",62
"breathes","briDz",94
"breathing","briD1N",1417
"breathless","brETles",55
"breaths","brETs",158
"breathtaking","brETt8k1N",63
"bred","brEd",125
"bree","bri",469
"breed","brid",323
"breeding","brid1N",186
"breeds","bridz",54
"breeze","briz",410
"breezes","brizez",43
"breezy","brizi",40
"brent","brEnt",248
"bret","brEt",459
"brethren","brEDren",68
"brett","brEt",291
"brew","bru",128
"brewer","bru3r",45
"brewery","bru3ri",92
"brewing","bru1N",48
"brewster","brust3r",291
"brian","br5en",1813
"bribe","br5b",308
"bribed","br5bd",98
"bribery","br5b3ri",69
"bribes","br5bz",73
"brick","br1k",519
"bricks","br1ks",200
"bridal","br5del",133
"bride","br5d",1235
"bridegroom","br5dgrum",73
"brides","br5dz",47
"bridesmaid","br5dzm8d",125
"bridesmaids","br5dzm8dz",80
"bridge","br1G",2331
"bridges","br1Gez",250
"brie","bri",46
"brief","brif",732
"briefcase","brifk8s",438
"briefed","brift",99
"briefing","brif1N",233
"briefly","brifli",163
"briefs","brifs",42
"brig","br1g",155
"brigade","br1g8d",163
"brigade","breg8d",163
"brigadier","br1ged1r",52
"bright","br5t",2265
"brighten","br5ten",70
"brighter","br5t3r",150
"brightest","br5test",110
"brightness","br5tnes",30
"brill","br1l",51
"brilliance","br1ljens",75
"brilliant","br1ljent",1826
"brilliantly","br1ljentli",63
"brim","br1m",45
"brimmer","br1m3r",50
"brimstone","br1mston",71
"bring","br1N",16685
"bringing","br1N1N",2282
"brings","br1Nz",1791
"brink","br1Nk",127
"brioche","briaS",8
"brioche","brioS",8
"brisbane","br1zb8n",49
"brisk","br1sk",53
"brisket","br1sket",47
"bristle","br1sel",11
"bristol","br1stel",91
"brit","br1t",45
"britain","br1ten",232
"britches","br1Cez",78
"british","br1t1S",1283
"brits","br1ts",72
"britt","br1t",48
"brittle","br1tel",71
"bro","bro",1270
"broach","broC",23
"broad","brad",751
"broadcast","bradk@st",457
"broadcasting","bradk@st1N",163
"broaden","braden",50
"broads","bradz",184
"broadway","bradw8",631
"brocade","brok8d",5
"broccoli","brakeli",116
"brochure","broSUr",97
"brochures","broSUrz",58
"brock","brak",123
"brogan","brogen",68
"broil","br2l",15
"broke","brok",5355
"broken","broken",3634
"broker","brok3r",185
"brokers","brok3rz",56
"bronco","braNko",72
"brontosaurus","brantescres",11
"bronx","braNks",320
"bronze","branz",143
"brooch","broC",67
"brood","brud",55
"brooding","brud1N",49
"brook","brUk",104
"brooklyn","brUkl1n",698
"brooklyn","brUklen",698
"brooks","brUks",420
"broom","brum",243
"broomstick","brumst1k",43
"bros","broz",56
"broth","braT",45
"brothel","braTel",82
"brother","br^D3r",14481
"brotherhood","br^D3rhUd",212
"brotherly","br^D3rli",43
"brothers","br^D3rz",2400
"brought","brat",8786
"brow","brO",94
"brown","brOn",3066
"brownie","brOni",180
"brownies","brOniz",144
"browning","brOn1N",123
"brownish","brOn1S",12
"browns","brOnz",77
"browse","brOz",30
"browsed","brOzd",13
"browser","brOz3r",9
"browses","brOzez",8
"browsing","brOz1N",52
"bruce","brus",1088
"bruise","bruz",165
"bruised","bruzd",107
"bruiser","bruz3r",77
"bruises","bruzez",269
"bruising","bruz1N",86
"brunch","br^nC",189
"brunette","brunEt",178
"brunt","br^nt",25
"brush","br^S",722
"brushed","br^St",123
"brushes","br^Sez",72
"brushing","br^S1N",111
"brusque","br^sk",4
"brussels","br^selz",94
"brutal","brutel",375
"brutality","brut@l1ti",112
"brutality","brut@leti",112
"brutally","bruteli",92
"brute","brut",162
"brutus","brutes",66
"bryan","br5en",195
"bub","b^b",83
"bubba","b^be",208
"bubble","b^bel",408
"bubbles","b^belz",305
"bubbling","b^bl1N",56
"bubbly","b^bli",70
"buchanan","bjuk@nen",304
"buck","b^k",1721
"buckaroo","b^karu",86
"bucket","b^k1t",511
"bucketful","b^k1tfUl",4
"buckets","b^k1ts",142
"bucking","b^k1N",64
"buckland","b^klend",48
"buckle","b^kel",257
"bucko","b^ko",32
"bucks","b^ks",2866
"buckshot","b^kSat",52
"bucky","b^ki",176
"bud","b^d",1808
"budapest","budepEst",79
"budapest","budepESt",79
"buddha","bude",263
"buddhist","budest",121
"buddies","b^diz",619
"buddy","b^di",5247
"budge","b^G",104
"budget","b^G1t",513
"buds","b^dz",90
"buenas","bw8nes",47
"bueno","bw8no",53
"buenos","bw8nes",173
"buenos","bw8nos",173
"buff","b^f",127
"buffalo","b^felo",607
"buffer","b^f3r",85
"buffet","bUf8",226
"buffoon","befun",44
"buffy","b^fi",163
"bug","b^g",1068
"bugged","b^gd",130
"bugger","b^g3r",222
"buggers","b^g3rz",42
"bugging","b^g1N",234
"buggy","b^gi",127
"bugle","bjugel",88
"bugler","bjugl3r",58
"bugs","b^gz",695
"buick","bjuek",101
"build","b1ld",2452
"builder","b1ld3r",48
"building","b1ld1N",5078
"buildings","b1ld1Nz",509
"builds","b1ldz",179
"buildup","b1ld^p",59
"built","b1lt",2099
"bulb","b^lb",200
"bulbs","b^lbz",87
"bulge","b^lG",48
"bulging","b^lG1N",40
"bulk","b^lk",97
"bulkhead","b^lkhEd",48
"bull","bUl",1403
"bulldog","bUldag",232
"bulldoze","bUldoz",14
"bulldozer","bUldoz3r",66
"bullet","bUlet",1950
"bulletin","bUl1ten",183
"bulletproof","bUletpruf",130
"bullets","bUlets",901
"bullfrog","bUlfrag",26
"bullied","bUlid",86
"bullies","bUliz",89
"bullion","bUljen",43
"bullock","bUlek",326
"bulls","bUlz",264
"bullshit","bUlS1t",3537
"bullshitting","bUlS1t1N",90
"bully","bUli",368
"bullying","bUli1N",50
"bum","b^m",787
"bumble","b^mbel",12
"bumblebee","b^mbelbi",33
"bummed","b^md",119
"bummer","b^m3r",212
"bump","b^mp",630
"bumped","b^mpt",310
"bumper","b^mp3r",181
"bumping","b^mp1N",94
"bumps","b^mps",177
"bumpy","b^mpi",190
"bums","b^mz",190
"bun","b^n",147
"bunch","b^nC",3003
"bundle","b^ndel",199
"bundles","b^ndelz",46
"bundy","b^ndi",868
"bungalow","b^Ngelo",84
"bunk","b^Nk",320
"bunkbed","b^NkbEd",5
"bunker","b^Nk3r",239
"bunkhouse","b^NkhOs",41
"bunks","b^Nks",55
"bunnies","b^niz",92
"bunny","b^ni",946
"buns","b^nz",193
"bunt","b^nt",41
"buoy","bui",60
"burbank","b3rb@Nk",73
"burden","b3rden",501
"burdens","b3rdenz",45
"bureau","bjUro",568
"bureaucratic","bjUrekr@t1k",41
"burger","b3rg3r",522
"burgers","b3rg3rz",255
"burgess","b3rGes",49
"burglar","b3rgl3r",282
"burglaries","b3rgl3riz",41
"burglars","b3rgl3rz",107
"burglary","b3rgl3ri",182
"burgundy","b3rgendi",137
"burial","bEriel",242
"buried","bErid",1738
"burke","b3rk",479
"burl","b3rl",7
"burley","b3rli",56
"burly","b3rli",17
"burma","b3rme",79
"burn","b3rn",2816
"burned","b3rnd",1448
"burner","b3rn3r",93
"burning","b3rn1N",1561
"burnt","b3rnt",488
"burp","b3rp",66
"burr","b3r",35
"burrito","berito",84
"burro","b3ro",46
"burrows","b3roz",125
"burst","b3rst",435
"bursting","b3rst1N",119
"bursts","b3rsts",58
"burt","b3rt",676
"burton","b3rten",157
"bury","bEri",1054
"burying","bEri1N",119
"bus","b^s",3783
"busboy","b^sb2",86
"buses","b^sez",201
"bush","bUS",720
"bushel","bUSel",32
"bushes","bUSez",249
"bushy","bUSi",25
"busiest","b1ziest",44
"business","b1zn1s",16371
"business","b1znes",16371
"businesses","b1zn1sez",155
"businesses","b1znesez",155
"businessman","b1zn1sm@n",404
"businessman","b1znesm@n",404
"businessmen","b1zn1smen",126
"businessmen","b1znesmEn",126
"buss","b^s",9
"bust","b^st",1406
"busted","b^st1d",1168
"buster","b^st3r",823
"busting","b^st1N",295
"bustle","b^sel",42
"busts","b^sts",72
"busy","b1zi",5433
"but","b^t",225291
"butch","bUC",328
"butcher","bUC3r",434
"butchered","bUC3rd",78
"butchers","bUC3rz",41
"butler","b^tl3r",508
"buts","b^ts",81
"butt","b^t",1967
"butte","bjut",27
"butter","b^t3r",1042
"buttercup","b^t3rk^p",121
"buttered","b^t3rd",42
"butterflies","b^t3rfl5z",115
"butterfly","b^t3rfl5",281
"buttermilk","b^t3rm1lk",62
"butters","b^t3rz",100
"butterscotch","b^t3rskaC",25
"buttery","b^t3ri",17
"butting","b^t1N",74
"buttocks","b^teks",93
"button","b^ten",1441
"buttonhole","b^tenhol",11
"buttons","b^tenz",444
"buttress","b^tres",2
"butts","b^ts",292
"buy","b5",9814
"buyer","b53r",264
"buyers","b53rz",121
"buying","b51N",1679
"buys","b5z",360
"buzz","b^z",814
"buzzard","b^z3rd",93
"buzzards","b^z3rdz",74
"buzzed","b^zd",48
"buzzer","b^z3r",201
"buzzes","b^zez",62
"buzzing","b^z1N",221
"buzzy","b^zi",20
"by","b5",68364
"bye","b5",9184
"bygones","b5ganz",174
"bypass","b5p@s",182
"byron","b5ren",156
"bystander","b5st@nd3r",45
"cab","k@b",1826
"cabana","keb@ne",46
"cabaret","k@b3r8",115
"cabbage","k@b1G",148
"cabbie","k@bi",71
"cabin","k@ben",1002
"cabinet","k@benet",425
"cabinets","k@b1nets",61
"cabinets","k@benets",61
"cabins","k@b1nz",48
"cabins","k@benz",48
"cable","k8bel",1108
"cables","k8belz",110
"caboose","kebus",30
"cabot","k@bet",85
"cabs","k@bz",109
"cache","k@S",31
"cacophony","k@kafeni",13
"cactus","k@ktes",148
"cad","k@d",53
"cadaver","ked@v3r",60
"caddy","k@di",145
"cadence","k8dens",15
"cadet","kedEt",176
"cadets","kedEts",73
"cadillac","k@del@k",292
"caesar","siz3r",521
"cafe","k@f8",258
"cafeteria","k@fet1rie",289
"caffeine","k@fin",150
"cage","k8G",1034
"caged","k8Gd",83
"cages","k8Gez",124
"cahill","k8h1l",60
"cain","k8n",223
"cairo","k5ro",136
"cajun","k8Gen",56
"cake","k8k",2298
"cakes","k8ks",291
"cal","k@l",530
"calabrese","k@lebr8s8",45
"calabrese","k@lebr8z8",45
"calabrese","k@lebriz",45
"calamine","k@lem5n",10
"calamity","kel@m1ti",102
"calamity","kel@meti",102
"calcium","k@lsiem",90
"calculate","k@lkjel8t",106
"calculated","k@lkjel8ted",120
"calculating","k@lkjel8t1N",60
"calculations","k@lkjel8Senz",119
"calculator","k@lkjul8t3r",66
"calculus","k@lkjeles",47
"calcutta","k@lk^te",59
"calendar","k@lend3r",363
"calf","k@f",151
"caliber","k@leb3r",139
"california","k@lefcrnje",1972
"call","kal",43931
"callback","kalb@k",44
"called","kald",17341
"caller","kal3r",222
"callers","kal3rz",42
"calligraphy","kel1grefi",28
"calling","kal1N",6311
"callisto","kel1sto",58
"callous","k@les",50
"calls","kalz",4097
"calm","kalm",4541
"calm","kam",4541
"calmed","kalmd",85
"calmed","kamd",85
"calming","kalm1N",57
"calming","kam1N",57
"calmly","kalmli",124
"calmly","kamli",124
"calms","kalmz",60
"calms","kamz",60
"calorie","k@lcri",12
"calories","k@l3riz",79
"calve","k@v",25
"calves","k@vz",82
"calvin","k@lv1n",474
"calvin","k@lven",474
"cam","k@m",193
"camaraderie","kamerad3ri",27
"cambodia","k@mbodie",70
"cambridge","k8mbreG",144
"came","k8m",23650
"camel","k@mel",256
"camelot","k@melat",137
"camels","k@melz",72
"camera","k@m3re",2907
"camera","k@mre",2907
"cameraman","k@m3remen",110
"cameraman","k@mremen",110
"cameras","k@m3rez",915
"cameras","k@mrez",915
"camilla","kem1le",49
"camouflage","k@meflaG",94
"camp","k@mp",2612
"campaign","k@mp8n",856
"campaigning","k@mp8n1N",45
"campaigns","k@mp8nz",46
"campbell","k@mbel",274
"camped","k@mpt",63
"camper","k@mp3r",73
"campers","k@mp3rz",45
"campfire","k@mpf5r",64
"camping","k@mp1N",315
"camps","k@mps",192
"campsite","k@mps5t",30
"campus","k@mpes",546
"can","k@n",267620
"canada","k@nede",550
"canadian","ken8dien",254
"canadians","ken8dienz",76
"canal","ken@l",326
"canary","kenEri",149
"cancel","k@nsel",933
"canceled","k@nseld",372
"canceling","k@nsel1N",79
"cancellation","k@nsel8Sen",65
"cancelled","k@nseld",332
"cancer","k@ns3r",1139
"candelabra","k@ndelabre",6
"candid","k@nd1d",102
"candid","k@nded",102
"candidate","k@nded1t",434
"candidate","k@nded8t",434
"candidates","k@nded8ts",197
"candies","k@ndiz",57
"candle","k@ndel",409
"candlelight","k@ndell5t",85
"candles","k@ndelz",536
"candlestick","k@ndelst1k",25
"candor","k@nd3r",51
"candy","k@ndi",1825
"cane","k8n",425
"canine","k8n5n",86
"canister","k@n1st3r",73
"canister","k@nest3r",73
"canisters","k@n1st3rz",91
"canisters","k@nest3rz",91
"canned","k@nd",214
"cannibal","k@nebel",56
"cannibals","k@nebelz",49
"cannoli","kenoli",49
"cannon","k@nen",444
"cannonball","k@nenbal",73
"cannons","k@nenz",84
"cannot","k@nat",6465
"canoe","kenu",182
"canoeing","kenu1N",9
"canon","k@nen",50
"canopy","k@nepi",86
"cans","k@nz",391
"cant","k@nt",119
"cantaloupe","k@ntelop",38
"canteen","k@ntin",87
"canterbury","k@nt3rbEri",63
"cantonese","k@nteniz",68
"canvas","k@nves",216
"canvass","k@nves",49
"canyon","k@njen",418
"cap","k@p",956
"capabilities","k8peb1letiz",101
"capability","k8peb1leti",70
"capable","k8pebel",1062
"capacity","kep@s1ti",413
"capacity","kep@seti",413
"cape","k8p",420
"caper","k8p3r",90
"capital","k@p1tel",648
"capitalism","k@petel1zm",51
"capitalist","k@petelest",78
"capitalize","k@petel5z",24
"capitol","k@petel",122
"capone","kepon",83
"capote","kepoti",43
"capped","k@pt",62
"cappuccino","k@peCino",146
"cappy","k@pi",42
"capricious","kepr1Ses",21
"capricorn","k@prekcrn",93
"caps","k@ps",151
"capsule","k@psel",130
"captain","k@pten",10622
"captains","k@ptenz",161
"captioning","k@pSen1N",43
"captions","k@pSenz",104
"captive","k@pt1v",116
"captivity","k@pt1veti",64
"capture","k@pC3r",540
"captured","k@pC3rd",618
"capturing","k@pC3r1N",89
"car","kar",24636
"carafe","ker@f",5
"caramel","k@remel",63
"caramel","karmel",63
"caravan","k@rev@n",74
"caravan","kErev@n",74
"carbon","karben",267
"carbs","karbz",54
"carburetor","karb3r8t3r",55
"carcass","karkes",79
"card","kard",4357
"cardboard","kardbcrd",138
"cardiac","kardi@k",202
"cardinal","kard1nel",208
"cards","kardz",2449
"care","kEr",24748
"cared","kErd",723
"career","ker1r",2305
"careers","k3r1rz",157
"carefree","kErfri",69
"careful","kErfel",5550
"carefully","kErfeli",1202
"careless","kErles",251
"carelessness","kErlEsnes",33
"cares","kErz",2023
"caress","kerEs",69
"caretaker","kErt8k3r",125
"carey","kEri",93
"cargo","kargo",459
"caribbean","kEr1bien",197
"caribou","kEr1bu",15
"caricature","kEr1keCer",15
"caring","kEr1N",359
"carl","karl",1391
"carlo","karlo",248
"carmen","karmen",541
"carmine","karm5n",111
"carnage","karn1G",57
"carnal","karnel",61
"carnation","karn8Sen",43
"carnegie","karnegi",52
"carnival","karnevel",363
"carol","k@rel",1465
"carol","kErel",1465
"carole","k@rel",118
"carole","kErel",118
"carolina","kErel5ne",316
"caroline","kErel5n",527
"carolyn","kErel1n",192
"carotid","k3rated",66
"carotid","kerated",66
"carousal","kerOzel",1
"carousel","kEresEl",73
"carp","karp",39
"carpe","karp8",43
"carpenter","karpent3r",306
"carpet","karpet",594
"carpeting","karpet1N",29
"carpets","karpets",62
"carr","kar",77
"carriage","k@r1G",381
"carriage","kEr1G",381
"carried","k@rid",1026
"carried","kErid",1026
"carrier","k@ri3r",326
"carrier","kEri3r",326
"carriers","k@ri3rz",128
"carriers","kEri3rz",128
"carries","k@riz",333
"carries","kEriz",333
"carroll","k@rel",63
"carroll","kErel",63
"carrot","k@ret",195
"carrot","kEret",195
"carrots","k@rets",198
"carrots","kErets",198
"carry","k@ri",3361
"carry","kEri",3361
"carrying","k@ri1N",1451
"carrying","kEri1N",1451
"cars","karz",2327
"carsick","kars1k",31
"carson","karsen",313
"cart","kart",461
"carte","kart",60
"cartel","kartEl",65
"carter","kart3r",1669
"cartier","karti3r",43
"carton","karten",96
"cartons","kartenz",59
"cartoon","kartun",192
"cartoonist","kartun1st",17
"cartoons","kartunz",144
"cartridge","kartr1G",49
"cartridge","kartreG",49
"cartridges","kartr1Gez",51
"cartridges","kartreGez",51
"carts","karts",96
"cartwheel","kartwil",15
"cartwright","kartr5t",103
"carve","karv",158
"carved","karvd",197
"carver","karv3r",161
"carving","karv1N",101
"carwash","karwaS",8
"casa","kase",137
"casablanca","k@sebl@Nke",128
"casanova","k@senova",184
"case","k8s",14403
"cases","k8sez",1436
"cash","k@S",3694
"cashed","k@St",108
"cashew","k@Su",11
"cashier","k@S1r",167
"cashing","k@S1N",49
"cashmere","k@Sm1r",77
"cashmere","k@Zm1r",77
"casing","k8s1N",96
"casings","k8s1Nz",56
"casino","kesino",1039
"casinos","kesinoz",155
"cask","k@sk",6
"casket","k@sk1t",162
"casper","k@sp3r",146
"cass","k@s",90
"cassandra","kes@ndre",125
"cassandra","kesandre",125
"casserole","k@s3rol",85
"cassette","kesEt",93
"cassie","k@si",263
"cast","k@st",1180
"caste","k@st",44
"casting","k@st1N",212
"castle","k@sel",1099
"castles","k@selz",45
"castor","k@st3r",67
"castro","k@stro",211
"casts","k@sts",50
"casual","k@Zuel",373
"casually","k@Zueli",94
"casualties","k@Zjueltiz",373
"casualty","k@Zuelti",138
"cat","k@t",3383
"catalina","k@teline",48
"catalog","k@telag",149
"catalogue","k@telag",108
"catamaran","k@temer@n",3
"catapult","k@tepelt",31
"catastrophe","ket@strefi",126
"catastrophic","k@testrafek",65
"catatonic","k@tetanek",40
"catch","k@C",6911
"catcher","k@C3r",191
"catches","k@Cez",336
"catching","k@C1N",648
"catchy","k@Ci",109
"categories","k@tegcriz",51
"category","k@tegcri",207
"cater","k8t3r",64
"caterer","k8t3r3r",106
"caterers","k8t3r3rz",60
"catering","k8t3r1N",138
"caterpillar","k@t3rp1l3r",57
"catfish","k@tf1S",63
"cath","k@T",76
"cathedral","keTidrel",190
"catherine","k@T3r1n",952
"catherine","k@T3ren",952
"catherine","k@Tr1n",952
"catheter","k@Tet3r",55
"catholic","k@Tel1k",636
"catholics","k@Teleks",83
"cathy","k@Ti",547
"catnap","k@tn@p",9
"catnip","k@tn1p",21
"cats","k@ts",1006
"cattle","k@tel",674
"caucasian","kak8Zen",140
"caught","kat",4791
"cauliflower","kaleflO3r",28
"caulk","kak",14
"cause","kaz",15812
"caused","kazd",1318
"causes","kazez",506
"causing","kaz1N",502
"caution","kaSen",263
"cautious","kaSes",171
"cavalier","k@vel1r",60
"cavalry","k@velri",317
"cave","k8v",713
"caved","k8vd",57
"caveman","k8vm@n",103
"cavern","k@v3rn",56
"caves","k8vz",202
"caviar","k@viar",195
"cavities","k@vetiz",41
"cavity","k@veti",152
"cayenne","k5En",38
"cayenne","k8En",38
"cayman","k8men",49
"cease","sis",445
"ceased","sist",68
"cecil","sEsel",100
"cecil","sisel",100
"cedar","sid3r",127
"cee","si",1
"ceiling","sil1N",426
"ceilings","sil1Nz",51
"celebrate","sElebr8t",1268
"celebrated","sElebr8ted",138
"celebrating","sElebr8t1N",532
"celebration","sElebr8Sen",504
"celebrities","selEbr1tiz",182
"celebrity","selEbr1ti",372
"celery","sEl3ri",95
"celeste","selEst",179
"celestial","selEsCel",55
"celestial","selEstiel",55
"celibacy","sElebesi",43
"cell","sEl",2772
"cellar","sEl3r",478
"cellmate","sElm8t",40
"cello","CElo",95
"cellophane","sElef8n",42
"cellphone","sElfon",157
"cells","sElz",610
"cellular","sEljel3r",145
"cellular","sEljul3r",145
"cement","s1mEnt",234
"cement","semEnt",234
"cemeteries","sEmetEriz",44
"cemetery","sEm1tEri",443
"cemetery","sEmetEri",443
"censor","sEns3r",42
"censorship","sEns3rS1p",54
"census","sEnses",70
"cent","sEnt",483
"center","sEnt3r",2335
"centered","sEnt3rd",49
"centers","sEnt3rz",124
"centimeters","sEntemit3rz",75
"centipede","sEnt1pid",22
"central","sEntrel",1262
"centre","sEnt3r",505
"cents","sEnts",1114
"centuries","sEnC3riz",382
"century","sEnC3ri",1063
"ceramic","ser@m1k",62
"cereal","s1riel",324
"cerebral","s3ribrel",103
"cerebral","sErebrel",103
"ceremonial","sEremoniel",70
"ceremonies","sEremoniz",98
"ceremony","sEremoni",807
"certain","s3rten",4354
"certainly","s3rtenli",6067
"certainty","s3rtenti",154
"certifiable","s3rtef5ebel",40
"certificate","s3rt1f1ket",458
"certificates","s3rt1fekets",72
"certified","s3rtef5d",138
"cesar","siz3r",127
"cesspool","sEspul",63
"cetera","sEt3re",249
"chad","C@d",366
"chafe","C8f",13
"chafed","C8ft",5
"chai","C5",52
"chain","C8n",1082
"chained","C8nd",171
"chains","C8nz",387
"chainsaw","C8nsa",55
"chair","CEr",2511
"chairman","CErmen",605
"chairs","CErz",504
"chaise","S8z",15
"chalk","Cak",183
"challenge","C@lenG",1013
"challenged","C@lenGd",206
"challenger","C@l1nG3r",77
"challenger","C@lenG3r",77
"challenges","C@l1nGez",109
"challenges","C@lenGez",109
"challenging","C@lenG1N",194
"chamber","C8mb3r",650
"chamberlain","C8mb3rlen",68
"chambers","C8mb3rz",296
"chameleon","kemilien",37
"champ","C@mp",771
"champagne","S@mp8n",1596
"champion","C@mpien",1067
"champions","C@mpienz",212
"championship","C@mpienS1p",500
"championships","C@mpienS1ps",85
"champs","C@mps",56
"chan","C@n",755
"chance","C@ns",12303
"chancellor","C@nsel3r",210
"chancellor","C@nsl3r",210
"chances","C@nsez",1472
"chandelier","S@ndel1r",72
"chandler","C@ndl3r",750
"chang","C@N",226
"change","C8nG",12258
"changed","C8nGd",5148
"changes","C8nGez",1481
"changing","C8nG1N",1339
"channel","C@nel",1245
"channels","C@nelz",280
"chant","C@nt",116
"chanting","C@nt1N",215
"chaos","k8as",479
"chaotic","k8at1k",57
"chaotic","k8atek",57
"chap","C@p",324
"chapel","C@pel",406
"chaperone","S@p3ron",100
"chaplain","C@plen",116
"chaplin","C@pl1n",267
"chaplin","C@plen",267
"chapman","C@pmen",71
"chaps","C@ps",131
"chapter","C@pt3r",604
"chapters","C@pt3rz",101
"char","Car",72
"character","kEr1kt3r",1946
"characteristic","kErekt3r1stek",60
"characteristics","kErekt3r1steks",102
"characters","k@r1kt3rz",486
"characters","kEr1kt3rz",486
"charade","Ser8d",112
"charades","S3r8dz",52
"charcoal","Carkol",90
"chardonnay","Sardan8",48
"charge","CarG",4559
"charged","CarGd",737
"charger","CarG3r",62
"charges","CarGez",1506
"charging","CarG1N",320
"chariot","CEriet",103
"charisma","ker1zme",50
"charismatic","kErezm@t1k",41
"charismatic","kErezm@tek",41
"charitable","C@retebel",104
"charitable","CEretebel",104
"charities","C@retiz",58
"charities","CEretiz",58
"charity","CEr1ti",841
"charlatan","Sarleten",44
"charles","Carelz",2606
"charleston","Carelsten",204
"charley","Carli",564
"charlie","Carli",5668
"charlotte","Sarlet",1128
"charm","Carm",794
"charmed","Carmd",311
"charmer","Carm3r",63
"charming","Carm1N",1434
"charms","Carmz",173
"chart","Cart",483
"charter","Cart3r",151
"chartered","Cart3rd",45
"chartreuse","Sartruz",27
"charts","Carts",333
"chase","C8s",1673
"chased","C8st",431
"chaser","C8s3r",66
"chases","C8sez",65
"chasing","C8s1N",933
"chasm","k@zm",18
"chassis","C@si",33
"chaste","C8st",30
"chastise","C@st5z",6
"chastity","C@steti",74
"chat","C@t",830
"chateau","S@to",129
"chatter","C@t3r",238
"chattering","C@t3r1N",210
"chatting","C@t1N",171
"chatty","C@ti",51
"chauffeur","Sof3r",287
"chaw","Ca",10
"che","C8",146
"cheap","Cip",1848
"cheaper","Cip3r",251
"cheapest","Cipest",76
"cheat","Cit",901
"cheated","Cit1d",627
"cheated","Cited",627
"cheater","Cit3r",109
"cheating","Cit1N",948
"cheats","Cits",109
"check","CEk",14228
"checkbook","CEkbUk",120
"checked","CEkt",2382
"checker","CEk3r",56
"checkerboard","CEk3rbcrd",5
"checkered","CEk3rd",42
"checkers","CEk3rz",96
"checking","CEk1N",1656
"checkmate","CEkm8t",90
"checkout","CEkOt",64
"checkpoint","CEkp2nt",95
"checks","CEks",759
"checkup","CEk^p",107
"cheddar","CEd3r",91
"cheek","Cik",365
"cheekbone","Cikbon",14
"cheeks","Ciks",225
"cheeky","Ciki",64
"cheep","Cip",6
"cheer","C1r",953
"cheered","C1rd",62
"cheerful","C1rfel",190
"cheering","C1r1N",690
"cheerio","C1rio",84
"cheerleader","C1rlid3r",329
"cheerleaders","C1rlid3rz",146
"cheerleading","C1rlid1N",140
"cheers","C1rz",1158
"cheery","C1ri",54
"cheese","Ciz",1991
"cheeseburger","Cizb3rg3r",163
"cheeseburgers","Cizb3rg3rz",65
"cheesecake","Cizk8k",118
"cheesy","Cizi",133
"cheetah","Cite",117
"chef","SEf",606
"chefs","SEfs",52
"chelsea","CElsi",1
"chem","kEm",96
"chemical","kEm1kel",579
"chemically","kEm1keli",52
"chemicals","kEm1kelz",291
"chemist","kEm1st",95
"chemistry","kEm1stri",442
"chemo","kimo",89
"chemotherapy","kimoTErepi",59
"cheng","CEN",217
"chenille","Senil",15
"cheque","CEk",294
"cheques","CEks",68
"cher","SEr",126
"cherie","SEri",43
"cherish","CEr1S",227
"cherished","CEr1St",65
"cherished","CEreSt",65
"cherokee","CEreki",58
"cherries","CEriz",100
"cherry","CEri",693
"chess","CEs",380
"chest","CEst",2090
"chester","CEst3r",320
"chestnut","CEsn^t",65
"chestnuts","Cesn^ts",50
"chests","CEsts",52
"chevy","CEvi",175
"chevy","SEvi",175
"chew","Cu",462
"chewable","Cuebel",4
"chewed","Cud",126
"chewer","Cu3r",4
"chewie","Cui",52
"chewing","Cu1N",281
"chewy","Cui",35
"cheyenne","S5En",244
"chez","S8",86
"chi","k5",362
"chianti","kianti",34
"chic","Sik",119
"chicago","Sekago",2102
"chick","C1k",1334
"chicken","C1ken",3148
"chickened","C1kend",54
"chickens","C1kenz",520
"chickenshit","C1kenS1t",85
"chicks","C1ks",742
"chico","Ciko",97
"chide","C5d",5
"chief","Cif",3973
"chiefs","Cifs",242
"chiffon","S1fan",25
"chihuahua","Cewawa",72
"chihuahua","Ciwawa",72
"child","C5ld",8040
"childbirth","C5ldb3rT",78
"childhood","C5ldhUd",723
"childish","C5ld1S",250
"children","C1ldren",8930
"chile","C1li",58
"chili","C1li",382
"chill","C1l",828
"chilled","C1ld",71
"chilliness","C1lines",1
"chilling","C1l1N",82
"chills","C1lz",98
"chilly","C1li",220
"chime","C5m",47
"chimera","k5mEre",46
"chimes","C5mz",87
"chimney","C1mni",213
"chimp","C1mp",153
"chimpanzee","C1mp@nzi",62
"chimpanzees","C1mp@nziz",44
"chimps","C1mps",71
"chin","C1n",647
"china","C5ne",1268
"chinatown","C5netOn",264
"chinese","C5niz",2266
"ching","C1N",158
"chink","C1Nk",73
"chinks","C1Nks",41
"chino","Cino",152
"chip","C1p",1051
"chipmunk","C1pmeNk",42
"chipped","C1pt",124
"chipper","C1p3r",66
"chips","C1ps",828
"chiropractor","k5ropr@kt3r",45
"chirp","C3rp",30
"chirping","C3rp1N",50
"chisel","C1zel",45
"chitchat","C1tC@t",67
"chivalry","S1velri",61
"chive","C5v",42
"chlamydia","klem1die",42
"chloe","kloi",973
"chloride","klcr5d",46
"chlorine","klcrin",38
"chloroform","klcrefcrm",51
"cho","Co",147
"chocolate","Cakelet",1499
"chocolates","Cakelets",149
"choice","C2s",4975
"choices","C2sez",636
"choir","kw5r",271
"choke","Cok",330
"choked","Cokt",175
"choking","Cok1N",260
"cholera","kal3re",56
"cholesterol","kelEst3ral",95
"chomp","Camp",13
"choose","Cuz",2451
"chooser","Cuz3r",2
"chooses","Cuzez",197
"choosing","Cuz1N",276
"chop","Cap",694
"chopped","Capt",232
"chopper","Cap3r",596
"choppers","Cap3rz",166
"chopping","Cap1N",108
"chops","Caps",277
"chopsticks","Capst1ks",93
"choral","kcrel",11
"chord","kcrd",93
"chords","kcrdz",77
"chore","Ccr",51
"choreographer","kcriagref3r",53
"choreography","kcriagrefi",45
"chores","Ccrz",214
"chorus","kcres",310
"chose","Coz",952
"chosen","Cozen",927
"chow","CO",350
"chowder","COd3r",82
"choy","C2",83
"christ","kr5st",4597
"christian","kr1sC1n",811
"christian","kr1sCen",811
"christianity","kr1sCi@neti",56
"christians","kr1sC1nz",180
"christians","kr1sCenz",180
"christie","kr1sti",140
"christine","kr1stin",367
"christmas","kr1smes",6244
"christopher","kr1stef3r",926
"christy","kr1sti",119
"chrome","krom",65
"chromosomes","kromesomz",43
"chromosomes","kromezomz",43
"chronic","kran1k",252
"chronicle","kran1kel",80
"chronicle","kranekel",80
"chrysalis","kr1sel1s",4
"chrysanthemum","kr1s@nTemem",12
"chrysler","kr5sl3r",44
"chubby","C^bi",213
"chuck","C^k",1096
"chuckie","C^ki",61
"chuckle","C^kel",81
"chuckles","C^kelz",665
"chuckling","C^kl1N",245
"chucky","C^ki",146
"chug","C^g",119
"chum","C^m",156
"chummy","C^mi",54
"chump","C^mp",209
"chumps","C^mps",42
"chun","C^n",99
"chung","C^N",174
"chunk","C^Nk",211
"chunks","C^Nks",95
"chunky","C^Nki",71
"church","C3rC",3553
"churches","C3rCez",155
"churchgoer","C3rCgo3r",13
"churchill","C3rCel",143
"churchyard","C3rCjard",16
"churn","C3rn",31
"chute","Sut",184
"chutes","Suts",45
"ciao","CO",249
"cicero","s1s3ro",83
"cider","s5d3r",97
"cigar","s1gar",660
"cigarette","s1gerEt",1357
"cigarettes","s1gerEts",905
"cigars","s1garz",340
"cinch","s1nC",182
"cincinnati","s1nsen@ti",164
"cinder","s1nd3r",39
"cinderella","s1nd3rEle",305
"cinema","s1neme",198
"cinnamon","s1nemen",152
"cipher","s5f3r",76
"circle","s3rkel",1097
"circled","s3rkeld",71
"circles","s3rkelz",408
"circling","s3rkl1N",157
"circuit","s3rket",340
"circuitous","s3rkju1tes",2
"circuitry","s3rk1tri",44
"circuits","s3rk1ts",138
"circular","s3rkjul3r",81
"circulate","s3rkjel8t",47
"circulating","s3rkjel8t1N",51
"circulation","s3rkjel8Sen",185
"circumcised","s3rkems5zd",42
"circumstance","s3rkemst@ns",105
"circumstances","s3rkemst@nsez",1170
"circumstantial","s3rkemst@nSel",85
"circus","s3rkes",870
"cirque","s3rk",41
"cirrhosis","seroses",26
"cisco","s1sko",85
"citation","s5t8Sen",81
"cite","s5t",48
"cities","s1tiz",448
"citizen","s1tezen",680
"citizens","s1t1zenz",610
"citizens","s1tezenz",610
"citizenship","s1tezenS1p",68
"citrus","s1tres",26
"city","s1ti",8624
"civic","s1v1k",110
"civic","s1vek",110
"civil","s1vel",813
"civilian","sev1ljen",479
"civilians","sev1ljenz",306
"civilisation","s1velez8Sen",109
"civilised","s1vel5zd",58
"civilization","s1vel1z8Sen",425
"civilizations","s1velez8Senz",43
"civilized","s1vel5zd",315
"clad","kl@d",10
"claim","kl8m",1295
"claimed","kl8md",372
"claiming","kl8m1N",212
"claims","kl8mz",710
"clair","klEr",47
"claire","klEr",1552
"clairvoyance","klErv2ens",10
"clam","kl@m",200
"clamp","kl@mp",350
"clamps","kl@mps",55
"clams","kl@mz",138
"clan","kl@n",209
"clandestine","kl@ndEsten",45
"clang","kl@N",43
"clanging","kl@N1N",43
"clank","kl@Nk",16
"clanking","kl@Nk1N",55
"clap","kl@p",241
"clapping","kl@p1N",104
"clare","klEr",127
"clarence","klErens",438
"clarify","klEr1f5",114
"clarify","klEref5",114
"clarinet","klErenEt",80
"clarity","klEr1ti",107
"clarity","klEreti",107
"clark","klark",1010
"clarke","klark",76
"clash","kl@S",68
"clasp","kl@sp",52
"class","kl@s",5985
"classes","kl@sez",812
"classic","kl@s1k",824
"classical","kl@s1kel",224
"classics","kl@s1ks",112
"classics","kl@seks",112
"classified","kl@sef5d",345
"classmate","kl@sm8t",78
"classmates","kl@sm8ts",134
"classroom","kl@srum",227
"classy","kl@si",294
"clattering","kl@t3r1N",85
"claus","klaz",707
"clause","klaz",143
"claustrophobic","klastrefob1k",68
"clavicle","kl@vekel",50
"claw","kla",223
"claws","klaz",226
"clay","kl8",612
"clean","klin",6183
"cleaned","klind",907
"cleaner","klin3r",353
"cleaners","klin3rz",227
"cleaning","klin1N",1157
"cleanness","klinnes",2
"cleans","klinz",122
"cleanse","klEnz",74
"cleanser","klEnz3r",22
"cleansing","klEnz1N",52
"cleanup","klin^p",100
"clear","kl1r",8763
"clearance","kl1rens",350
"cleared","kl1rd",842
"clearer","kl1r3r",138
"clearing","kl1r1N",331
"clearly","kl1rli",1529
"clears","kl1rz",372
"cleat","klit",22
"cleavage","kliv1G",70
"cleaver","kliv3r",68
"cleaves","klivz",47
"cleft","klEft",30
"clem","klEm",149
"clemency","klEmensi",47
"clementine","klEment5n",78
"clementine","klEmentin",78
"clements","klEments",54
"clench","klEnC",20
"cleopatra","kliep@tre",116
"clergy","kl3rGi",48
"cleric","klEr1k",68
"cleric","klErek",68
"clerical","klEr1kel",50
"clerical","klErekel",50
"clerk","kl3rk",658
"clerks","kl3rks",92
"cleve","kliv",112
"cleveland","klivlend",505
"clever","klEv3r",1391
"cleverly","klEv3rli",45
"cliche","kliS8",41
"click","kl1k",327
"clicked","kl1kt",54
"clicker","kl1k3r",21
"clicking","kl1k1N",143
"clicks","kl1ks",192
"client","kl5ent",2715
"clientele","kl5entEl",80
"clients","kl5ents",1071
"cliff","kl1f",1100
"cliffs","kl1fs",111
"climate","kl5m1t",180
"climate","kl5met",180
"climax","kl5m@ks",99
"climb","kl5m",1007
"climbed","kl5md",255
"climbing","kl5m1N",402
"climbs","kl5mz",52
"clinch","kl1nC",34
"cling","kl1N",128
"clinging","kl1N1N",57
"clingy","kl1Ni",30
"clinic","kl1n1k",714
"clinical","kl1n1kel",149
"clinical","kl1nekel",149
"clinics","kl1n1ks",50
"clinics","kl1neks",50
"clink","kl1Nk",66
"clinking","kl1Nk1N",44
"clint","kl1nt",129
"clip","kl1p",290
"clipped","kl1pt",113
"clipper","kl1p3r",59
"clippers","kl1p3rz",57
"clipping","kl1p1N",59
"clippings","kl1p1Nz",64
"clips","kl1ps",111
"clitoris","kl1t3res",54
"clive","kl5v",135
"cloak","klok",153
"cloaking","klok1N",42
"clobbered","klab3rd",43
"clock","klak",2990
"clocked","klakt",64
"clocks","klaks",145
"clockwork","klakw3rk",58
"clod","klad",21
"clog","klag",41
"clogged","klagd",56
"clone","klon",128
"cloned","klond",51
"clones","klonz",45
"cloning","klon1N",57
"clop","klap",4
"close","klos",11191
"close","kloz",11191
"closed","klozd",2758
"closely","klosli",468
"closeness","klosnes",36
"closer","klos3r",2329
"closer","kloz3r",2329
"closes","klozez",357
"closest","klosest",457
"closet","klazet",1381
"closets","klazets",109
"closing","kloz1N",1333
"closure","kloZ3r",158
"clot","klat",92
"cloth","klaT",311
"clothe","kloD",42
"clothes","kloDz",5158
"clothesline","kloDzl5n",21
"clothespin","kloDzp1n",15
"clothing","kloD1N",553
"clots","klats",31
"cloud","klOd",599
"clouded","klOded",48
"clouds","klOdz",511
"cloudy","klOdi",110
"clout","klOt",48
"clove","klov",26
"clover","klov3r",67
"cloverleaf","klov3rlif",10
"clown","klOn",807
"clowning","klOn1N",76
"clowns","klOnz",317
"club","kl^b",5038
"clubhouse","kl^bhOs",82
"clubs","kl^bz",531
"cluck","kl^k",73
"clue","klu",898
"clueless","klules",94
"clues","kluz",320
"clump","kl^mp",27
"clumpy","kl^mpi",15
"clumsy","kl^mzi",275
"clung","kl^N",24
"clunk","kl^Nk",32
"cluster","kl^st3r",67
"clutch","kl^C",127
"clutches","kl^Cez",43
"clutter","kl^t3r",48
"coach","koC",2429
"coached","koCt",51
"coaches","koCez",89
"coaching","koC1N",168
"coal","kol",335
"coalition","koel1Sen",92
"coals","kolz",48
"coarse","kcrs",69
"coast","kost",1361
"coastal","kostel",43
"coaster","kost3r",159
"coasters","kost3rz",47
"coat","kot",2146
"coats","kots",300
"coax","koks",41
"cob","kab",35
"cobb","kab",177
"cobbler","kabl3r",119
"cobra","kobre",170
"coca","koke",214
"cocaine","kok8n",421
"cochlea","kaklie",11
"cock","kak",580
"cocked","kakt",42
"cocker","kak3r",42
"cockeyed","kak5d",77
"cockpit","kakp1t",164
"cockroach","kakroC",174
"cockroaches","kakroCez",143
"cocks","kaks",93
"cocksuckers","kaks^k3rz",74
"cocktail","kakt8l",555
"cocktails","kakt8lz",208
"cocky","kaki",210
"coco","koko",215
"cocoa","koko",256
"coconut","koken^t",234
"coconuts","koken^ts",46
"cocoon","kekun",57
"cod","kad",114
"code","kod",2709
"coded","koded",76
"codes","kodz",467
"coerced","ko3rst",43
"coffee","kafi",7371
"coffees","kafiz",96
"coffin","kaf1n",461
"coffins","kafenz",91
"cognac","kanj@k",135
"cognac","konj@k",135
"cognition","kagn1Sen",1
"cohen","koen",598
"coherent","koh1rent",53
"coho","koho",56
"coil","k2l",82
"coils","k2lz",47
"coin","k2n",497
"coincide","ko1ns5d",40
"coincidence","ko1ns1dens",948
"coincidences","ko1nsedensez",50
"coincidental","ko1nsedEntel",42
"coins","k2nz",219
"coke","kok",948
"cokes","koks",68
"cola","kole",282
"cold","kold",6638
"colder","kold3r",127
"coldest","koldest",44
"coldness","koldnes",17
"cole","kol",1491
"coles","kolz",54
"coleslaw","kolsla",63
"colin","kal1n",636
"coliseum","kalesiem",44
"collaboration","kel@b3r8Sen",58
"collaborator","kel@b3r8t3r",32
"collapse","kel@ps",283
"collapsed","kel@pst",289
"collapses","kel@psez",44
"collapsing","kel@ps1N",70
"collar","kal3r",536
"collarbone","kal3rbon",42
"collars","kal3rz",63
"collateral","kel@t3rel",173
"colleague","kalig",346
"colleagues","kaligz",332
"collect","kelEkt",1020
"collected","kelEkted",293
"collecting","kelEkt1N",349
"collection","kelEkSen",926
"collections","kelEkSenz",69
"collective","kelEktev",122
"collector","kelEkt3r",220
"collectors","kelEkt3rz",75
"collects","kelEkts",90
"college","kal1G",4344
"colleges","kaleGez",116
"collide","kel5d",47
"collie","kali",53
"collier","kalj3r",242
"collins","kal1nz",506
"collision","kel1Zen",137
"cologne","kelon",161
"colombia","kel^mbie",100
"colombian","kel^mbien",69
"colombo","kel^mbo",43
"colon","kolen",129
"colonel","k3rnel",4909
"colonial","keloniel",105
"colonies","kaleniz",90
"colony","kaleni",302
"color","k^l3r",2011
"colorado","kaler@do",322
"colorado","kalerado",322
"colored","k^l3rd",377
"colorful","k^l3rfel",163
"coloring","k^l3r1N",92
"colorless","k^l3rles",13
"colors","k^l3rz",528
"colossal","kelasel",72
"coloured","k^l3rd",80
"colours","k^l3rz",161
"colt","kolt",267
"columbia","kel^mbie",249
"columbine","kalemb5n",60
"columbo","kel^mbo",500
"columbus","kel^mbes",253
"column","kalem",559
"columnist","kalemnest",51
"columns","kalemz",141
"com","kam",1750
"coma","kome",626
"comanche","kem@nCi",43
"comatose","kometos",50
"comb","kom",309
"combat","kamb@t",706
"combat","kemb@t",706
"combed","komd",55
"combination","kamben8Sen",611
"combinations","kamben8Senz",60
"combine","kamb5n",113
"combine","kemb5n",113
"combined","kemb5nd",211
"combing","kom1N",59
"combo","kambo",125
"combustion","kemb^sCen",64
"come","k^m",160190
"comeback","k^mb@k",170
"comedian","kemidien",209
"comedians","kemidienz",49
"comedy","kamedi",602
"comely","k^mli",19
"comes","k^mz",11656
"comet","kamet",157
"cometh","k^meT",48
"comfort","k^mf3rt",878
"comfortable","k^mf3rtebel",2408
"comfortably","k^mf3rtebli",76
"comforted","k^mf3rted",53
"comforting","k^mf3rt1N",222
"comforts","k^mf3rts",71
"comfy","k^mfi",115
"comic","kam1k",552
"comical","kamekel",42
"comics","kam1ks",221
"coming","k^m1N",26878
"comm","kam",143
"comma","kame",50
"command","kem@nd",2225
"commandant","kamendant",131
"commanded","kem@nded",85
"commander","kem@nd3r",1887
"commanders","kem@nd3rz",79
"commanding","kem@nd1N",352
"commandment","kem@ndment",83
"commandments","kem@ndments",92
"commando","kem@ndo",54
"commandos","kem@ndoz",61
"commands","kem@ndz",191
"commemorate","kemEm3r8t",47
"commence","kemEns",235
"commencing","kemEns1N",65
"commend","kemEnd",91
"commendable","kemEndebel",44
"commendation","kamend8Sen",46
"comment","kament",654
"commentary","kamentEri",76
"commentator","kament8t3r",139
"comments","kamEnts",238
"commerce","kam3rs",177
"commercial","kem3rSel",829
"commercials","kem3rSelz",239
"commie","kami",84
"commies","kamiz",58
"commissar","kamesar",47
"commission","kem1Sen",703
"commissioned","kem1Send",72
"commissioner","kem1Sen3r",624
"commit","kem1t",984
"commitment","kem1tment",550
"commitments","kem1tments",58
"commits","kem1ts",66
"committed","kem1t1d",1225
"committee","kem1ti",1123
"committees","kem1tiz",55
"committing","kem1t1N",231
"commodity","kemadeti",84
"commodore","kamedcr",184
"common","kamen",2275
"commonly","kamenli",64
"commonplace","kamenpl8s",40
"commonwealth","kamenwElT",340
"commotion","kemoSen",106
"commune","kamjun",67
"communicate","kemjunek8t",434
"communicated","kemjunek8ted",48
"communicating","kemjunek8t1N",121
"communication","kemjunek8Sen",528
"communications","kemjunek8Senz",398
"communion","kemjunjen",106
"communism","kamjen1zm",107
"communist","kamjun1st",386
"communists","kamjenests",231
"communities","kemjun1tiz",68
"communities","kemjunetiz",68
"community","kemjun1ti",1486
"community","kemjuneti",1486
"commute","kemjut",45
"comp","kamp",85
"compact","kamp@kt",86
"companies","k^mpeniz",581
"companion","kemp@njen",323
"companions","kemp@njenz",119
"companionship","kemp@njenS1p",96
"company","k^mpeni",7507
"comparative","kemp@retev",41
"compare","kempEr",426
"compared","kempErd",537
"compares","kempErz",43
"comparing","kempEr1N",112
"comparison","kempEresen",187
"compartment","kempartment",304
"compass","k^mpes",207
"compassion","kemp@Sen",319
"compassionate","kemp@Senet",91
"compatible","kemp@tebel",120
"compel","kempEl",52
"compelled","kempEld",138
"compelling","kempEl1N",97
"compensate","kampens8t",124
"compensated","kampens8ted",40
"compensation","kampens8Sen",109
"compete","kempit",432
"competence","kampetens",45
"competent","kampetent",124
"competing","kempit1N",192
"competition","kampet1Sen",1066
"competitive","kempEt1t1v",214
"competitive","kempEtet1v",214
"competitor","kempEt1t3r",70
"competitor","kempEtet3r",70
"competitors","kempEt1t3rz",109
"competitors","kempEtet3rz",109
"complain","kempl8n",640
"complained","kempl8nd",179
"complaining","kempl8n1N",571
"complains","kempl8nz",81
"complaint","kempl8nt",518
"complaints","kempl8nts",349
"complete","kemplit",2636
"completed","kemplit1d",391
"completed","kemplited",391
"completely","kemplitli",4303
"completes","kemplits",46
"completing","kemplit1N",43
"completion","kempliSen",79
"complex","kamplEks",669
"complex","kemplEks",669
"complexion","kemplEkSen",98
"complexity","kemplEks1ti",41
"complexity","kemplEkseti",41
"compliance","kempl5ens",50
"complicate","kamplek8t",75
"complicated","kamplek8ted",1385
"complication","kamplek8Sen",71
"complications","kamplek8Senz",207
"compliment","kamplement",523
"complimentary","kamplemEnt3ri",96
"compliments","kamplemEnts",353
"comply","kempl5",118
"component","kemponent",81
"components","kemponents",84
"compose","kempoz",80
"composed","kempozd",97
"composer","kempoz3r",127
"composing","kempoz1N",48
"composite","kampez1t",64
"composite","kampezet",64
"composite","kempazet",64
"composition","kampez1Sen",124
"compound","kampOnd",361
"compound","kempOnd",361
"comprehend","kamprihEnd",94
"comprehension","kamprihEnSen",55
"comprehensive","kamprihEns1v",58
"comprehensive","kamprihEnsev",58
"compressed","kemprEst",46
"compression","kemprESen",63
"compressions","kemprESenz",82
"compromise","kamprem5z",358
"compromised","kamprem5zd",251
"compromises","kamprem5zez",52
"compromising","kamprem5z1N",75
"compulsion","kemp^lSen",63
"compulsive","kemp^ls1v",98
"compulsive","kemp^lsev",98
"computer","kempjut3r",3011
"computers","kempjut3rz",551
"comrade","kamr@d",436
"comrades","kamr@dz",244
"con","kan",644
"conceal","kensil",129
"concealed","kensild",116
"concealing","kensil1N",50
"concede","kensid",53
"conceited","kensited",94
"conceivable","kensivebel",61
"conceive","kensiv",117
"conceived","kensivd",162
"concentrate","kansentr8t",798
"concentrated","kansentr8ted",99
"concentrating","kansentr8t1N",108
"concentration","kansentr8Sen",282
"concept","kansEpt",553
"conception","kensEpSen",106
"concepts","kansEpts",73
"concern","kens3rn",1332
"concerned","kens3rnd",2261
"concerning","kens3rn1N",250
"concerns","kens3rnz",521
"concert","kans3rt",895
"concerto","kenCErto",48
"concerts","kans3rts",95
"concerts","kens3rts",95
"concession","kensESen",69
"conch","kanC",20
"conch","kaNk",20
"concierge","kansi3rZ",73
"conciliatory","kens1lietcri",3
"conclude","kenklud",127
"concluded","kenkluded",112
"concludes","kenkludz",114
"conclusion","kenkluZen",465
"conclusions","kenkluZenz",248
"conclusive","kenklus1v",61
"conclusive","kenklusev",61
"concrete","kankrit",379
"concrete","kenkrit",379
"concubine","kankjeb5n",64
"concur","kenk3r",61
"concussion","kenk^Sen",229
"condemn","kendEm",121
"condemned","kendEmd",232
"condemning","kendEm1N",46
"condense","kendEns",14
"condescending","kandesEnd1N",66
"condition","kend1Sen",1936
"conditioned","kend1Send",76
"conditioner","kend1Sen3r",110
"conditioning","kend1Sen1N",196
"conditions","kend1Senz",647
"condo","kando",215
"condolences","kendolensez",162
"condom","kandem",263
"condoms","kandemz",256
"condone","kendon",59
"condor","kandcr",60
"condos","kandoz",57
"conduct","kand^kt",566
"conduct","kend^kt",566
"conducted","kend^kted",163
"conducting","kend^kt1N",189
"conductor","kend^kt3r",155
"conduit","kandu1t",53
"conduit","kanduet",53
"cone","kon",149
"cones","konz",61
"coney","koni",110
"confederate","kenfEd3ret",95
"confer","kenf3r",66
"conference","kanf3rens",1296
"conference","kanfrens",1296
"conferences","kanf3rensez",60
"conferences","kanfrensez",60
"confess","kenfEs",808
"confessed","kenfEst",304
"confessing","kenfEs1N",74
"confession","kenfESen",841
"confessional","kenfESenel",66
"confessions","kenfESenz",83
"confetti","kenfEti",46
"confide","kenf5d",97
"confided","kenf5ded",43
"confidence","kanfedEns",993
"confident","kanfedent",543
"confidential","kanfedEnSel",342
"confidentiality","kanfedEnSi@leti",95
"confidentially","kanfedEnSeli",55
"configuration","kenf1gj3r8Sen",48
"confine","kenf5n",50
"confined","kenf5nd",151
"confinement","kenf5nment",40
"confirm","kenf3rm",736
"confirmation","kanf3rm8Sen",280
"confirmed","kenf3rmd",689
"confirming","kenf3rm1N",82
"confirms","kenf3rmz",133
"confiscate","kanfesk8t",50
"confiscated","kanfesk8ted",105
"conflict","kanfl1kt",444
"conflict","kenfl1kt",444
"conflicted","kenfl1kted",47
"conflicts","kenfl1kts",77
"conform","kenfcrm",44
"conformed","kenfcrmd",64
"confound","kanfOnd",59
"confound","kenfOnd",59
"confounded","kenfOnded",54
"confront","kenfr^nt",218
"confrontation","kanfrent8Sen",98
"confronted","kenfr^nted",138
"confucius","kenfjuSes",45
"confuse","kenfjuz",243
"confused","kenfjuzd",1653
"confusing","kenfjuz1N",502
"confusion","kenfjuZen",363
"cong","kaN",51
"conga","kaNge",42
"congeniality","kenGini@leti",25
"congo","kaNgo",62
"congrats","kengr@ts",91
"congratulate","kengr@Cel8t",358
"congratulated","kengr@Cel8ted",42
"congratulations","kengr@Cel8Senz",3616
"congregation","kaNgreg8Sen",117
"congress","kaNgres",419
"congressional","kengrESenel",105
"congressman","kangresmen",325
"congressmen","kaNgresmen",46
"conjecture","kenGEkC3r",42
"conjecture","kenGEkS3r",42
"conjunction","kenG^NkSen",66
"conjure","kanG3r",64
"conn","kan",144
"connect","kenEkt",492
"connected","kenEkt1d",881
"connecticut","kenEt1ket",323
"connecting","kenEkt1N",164
"connection","kenEkSen",1386
"connections","kenEkSenz",403
"connects","kenEkts",95
"conned","kand",68
"conner","kan3r",46
"connie","kani",806
"conning","kan1N",43
"conniving","ken5v1N",51
"connoisseur","kanes3r",31
"conquer","kank3r",254
"conquered","kaNk3rd",140
"conquering","kaNk3r1N",54
"conqueror","kaNk3r3r",57
"conquest","kaNkwEst",96
"cons","kanz",112
"conscience","kanSens",709
"conscientious","kanSiEnSes",62
"conscious","kanSes",347
"consciously","kanSesli",56
"consciousness","kanSesnes",413
"consecutive","kensEkjetev",83
"consensus","kensEnses",83
"consent","kensEnt",379
"consented","kensEnted",64
"consequence","kansekwens",160
"consequences","kansekwEnsez",539
"consequently","kansekwentli",50
"conservative","kens3rvet1v",192
"conservatory","kens3rvetcri",69
"conserve","kens3rv",44
"consider","kens1d3r",2676
"considerable","kens1d3rebel",231
"considerably","kens1d3rebli",83
"considerate","kens1d3ret",175
"consideration","kens1d3r8Sen",334
"considerations","kens1d3r8Senz",44
"considered","kens1d3rd",1182
"considering","kens1d3r1N",973
"considers","kens1d3rz",103
"consist","kens1st",22
"consistent","kens1stent",293
"consistently","kens1stentli",44
"consists","kens1sts",68
"consolation","kansel8Sen",186
"console","kansol",114
"console","kensol",114
"conspicuous","kensp1kjues",75
"conspiracy","kensp1resi",526
"conspired","kensp5rd",55
"conspiring","kensp5r1N",53
"constable","kanstebel",144
"constance","kanstens",152
"constant","kanstent",506
"constantinople","kanst@ntenopel",45
"constantly","kanstentli",450
"constellation","kanstel8Sen",48
"constipated","kanstep8ted",44
"constituency","kenst1Cuensi",22
"constitute","kanstetut",43
"constitutes","kanstetuts",65
"constitution","kanstetuSen",282
"constitutional","kanstetuSenel",112
"construct","kanstr^kt",74
"construct","kenstr^kt",74
"constructed","kenstr^kted",88
"construction","kenstr^kSen",706
"constructive","kenstr^kt1v",111
"constructive","kenstr^ktev",111
"consul","kansel",184
"consulate","kanselet",249
"consult","kens^lt",285
"consultant","kens^ltent",187
"consultants","kens^ltents",42
"consultation","kanselt8Sen",64
"consulted","kens^lted",86
"consulting","kens^lt1N",146
"consume","kensum",105
"consumed","kensumd",158
"consumer","kensum3r",106
"consumers","kensum3rz",45
"consuming","kensum1N",54
"consummate","kansem8t",50
"consummate","kansemet",50
"consumption","kens^mpSen",94
"contact","kant@kt",3305
"contacted","kant@kt1d",379
"contacting","kant@kt1N",75
"contacts","kant@kts",403
"contagion","kent8Gen",21
"contagious","kent8Ges",170
"contain","kent8n",310
"contained","kent8nd",235
"container","kent8n3r",219
"containers","kent8n3rz",77
"containing","kent8n1N",129
"containment","kent8nment",107
"contains","kent8nz",260
"contaminated","kent@men8ted",130
"contamination","kent@men8Sen",60
"contemplate","kantempl8t",63
"contemplating","kantempl8t1N",69
"contemporary","kentEmp3rEri",99
"contempt","kentEmpt",256
"contemptible","kentEmptebel",40
"contend","kentEnd",48
"contender","kentEnd3r",49
"content","kantEnt",389
"content","kentEnt",389
"contention","kentEnSen",41
"contents","kantEnts",219
"contents","kentEnts",219
"contest","kantEst",958
"contest","kentEst",958
"contestant","kentEstent",136
"contestants","kentEstents",134
"contests","kantEsts",69
"contests","kentEsts",69
"context","kantEkst",163
"continent","kantenent",187
"continental","kant1nEntel",168
"continental","kantenEntel",168
"continents","kant1nents",75
"continents","kantenents",75
"contingency","kent1nGensi",78
"contingent","kent1nGent",55
"continually","kent1njueli",55
"continuance","kent1njuens",57
"continue","kent1nju",2527
"continued","kent1njud",370
"continues","kent1njuz",1089
"continuing","kent1nju1N",204
"continuous","kent1njues",98
"continuously","kent1njuesli",50
"continuum","kent1njuem",77
"contraband","kantreb@nd",48
"contract","kantr@kt",1650
"contracted","kantr@kted",94
"contracted","kentr@kted",94
"contraction","kentr@kSen",55
"contractions","kentr@kSenz",99
"contractor","kantr@kt3r",160
"contractors","kantr@kt3rz",56
"contracts","kantr@kts",296
"contracts","kentr@kts",296
"contradict","kantred1kt",69
"contradiction","kantred1kSen",75
"contraption","kentr@pSen",75
"contrary","kantrEri",454
"contrary","kentrEri",454
"contrast","kantr@st",107
"contrast","kentr@st",107
"contribute","kentr1bjut",194
"contributed","kentr1bjuted",86
"contributing","kentr1bjut1N",58
"contribution","kantrebjuSen",223
"contributions","kantrebjuSenz",100
"contrive","kentr5v",5
"control","kentrol",6662
"controllable","kentrolebel",8
"controlled","kentrold",356
"controller","kentrol3r",66
"controlling","kentrol1N",226
"controls","kentrolz",398
"controversial","kantrev3rSel",109
"controversy","kantrev3rsi",83
"contusions","kentuZenz",69
"conundrum","ken^ndrem",25
"convenience","kenviniens",245
"convenient","kenvinjent",436
"conveniently","kenvinjentli",76
"convent","kanvent",170
"convention","kenvEnSen",629
"conventional","kenvEnSenel",155
"conventions","kenvEnSenz",76
"conversation","kanv3rs8Sen",2543
"conversations","kanv3rs8Sens",285
"converse","kanv3rs",66
"converse","kenv3rs",66
"conversion","kenv3rZen",66
"convert","kanv3rt",159
"convert","kenv3rt",159
"converted","kenv3rted",132
"convertible","kenv3rtebel",166
"converting","kenv3rt1N",41
"convey","kenv8",136
"conveyor","kenv83r",43
"convict","k^nv1kt",324
"convict","kanv1kt",324
"convicted","kenv1kted",420
"conviction","kenv1kSen",303
"convictions","kenv1kSenz",126
"convicts","kanv1kts",64
"convicts","kanvekts",64
"convince","kenv1ns",955
"convinced","kenv1nst",1061
"convincing","kenv1ns1N",353
"convoy","kanv2",181
"coo","ku",35
"cook","kUk",2324
"cookbook","kUkbUk",37
"cooked","kUkt",485
"cooker","kUk3r",34
"cookie","kUki",852
"cookies","kUkiz",913
"cooking","kUk1N",1307
"cookout","kUkOt",39
"cooks","kUks",192
"cool","kul",9990
"cooled","kuld",65
"cooler","kul3r",360
"coolest","kulest",214
"cooley","kuli",78
"cooling","kul1N",112
"coolness","kulnes",18
"coombs","kumz",77
"coon","kun",64
"coop","kup",528
"cooped","kupt",81
"cooper","kup3r",887
"cooperate","koap3r8t",528
"cooperating","koap3r8t1N",109
"cooperation","koap3r8Sen",407
"cooperative","koap3r1tev",104
"cooperative","koap3retev",104
"coordinate","kocrden8t",130
"coordinate","kocrdenet",130
"coordinated","kocrden8ted",55
"coordinates","kocrden8ts",348
"coordinates","kocrdenets",348
"coordinating","kocrden8t1N",57
"coordination","kocrden8Sen",60
"coordinator","kocrden8t3r",81
"cooter","kut3r",49
"cootie","kuti",9
"cop","kap",4393
"cope","kop",166
"copenhagen","kopenh8gen",67
"copenhagen","kopenhagen",67
"copied","kapid",128
"copies","kapiz",494
"copilot","kop5let",54
"coping","kop1N",53
"copped","kapt",53
"copper","kap3r",336
"coppers","kap3rz",43
"cops","kaps",4290
"copy","kapi",2666
"copycat","kapik@t",44
"copying","kapi1N",66
"cora","kcre",207
"coral","kcrel",121
"cord","kcrd",358
"cordial","kcrGel",62
"cordon","kcrden",49
"cords","kcrdz",86
"core","kcr",501
"corinth","kcrenT",53
"cork","kcrk",146
"corkscrew","kcrkskru",57
"corky","kcrki",178
"corn","kcrn",725
"cornbread","kcrnbrEd",46
"corncob","kcrnkab",11
"corned","kcrnd",71
"cornell","kcrnEl",116
"corner","kcrn3r",2679
"cornered","kcrn3rd",117
"corners","kcrn3rz",275
"cornfield","kcrnfild",36
"cornmeal","kcrnmil",12
"corns","kcrnz",43
"cornstalk","kcrnstak",2
"cornwall","kcrnwal",103
"corny","kcrni",202
"corona","k3rone",58
"coronary","kcrenEri",101
"coronation","kcren8Sen",107
"coroner","kcren3r",458
"corp","kcrp",66
"corporal","kcrp3rel",802
"corporate","kcrp3ret",521
"corporation","kcrp3r8Sen",393
"corporations","kcrp3r8Senz",101
"corps","kcr",555
"corpse","kcrps",515
"corpses","kcrpsez",192
"corpsman","kcrmen",130
"corpus","kcrpes",77
"corpuscular","kcrp^skjul3r",1
"corral","ker@l",119
"correct","kerEkt",2292
"corrected","k3rEkted",134
"corrected","kerEkted",134
"correcting","k3rEkt1N",41
"correcting","kerEkt1N",41
"correction","k3rEkSen",163
"correction","kerEkSen",163
"correctional","k3rEkSenel",74
"correctional","kerEkSenel",74
"corrections","kerEkSenz",74
"correctly","kerEktli",309
"correspond","kcrespand",48
"correspondence","kcrespandens",115
"correspondent","kcrespandent",110
"corridor","kcredcr",284
"corridors","kcred3rz",52
"corridors","kcredcrz",52
"corroborate","k3rab3r8t",56
"corroborate","kerab3r8t",56
"corrupt","ker^pt",271
"corrupted","k3r^pted",97
"corrupted","ker^pted",97
"corrupting","k3r^pt1N",40
"corrupting","ker^pt1N",40
"corruption","k3r^pSen",218
"corsage","kcrsaZ",48
"corset","kcrset",45
"corso","kcrso",47
"cortex","kcrtEks",57
"cortez","kcrtEz",131
"corvette","kcrvEt",69
"cosmetic","kazmEt1k",92
"cosmetic","kazmEtek",92
"cosmetics","kazmEt1ks",98
"cosmetics","kazmEteks",98
"cosmic","kazm1k",184
"cosmo","kazmo",122
"cosmopolitan","kazmepaleten",59
"cosmos","kazmos",153
"cost","kast",2801
"costa","kasta",149
"costing","kast1N",122
"costly","kastli",79
"costs","kasts",805
"costume","kastum",721
"costumes","kastumz",304
"cosy","kozi",103
"cot","kat",102
"cotillion","kotiljen",69
"cottage","kat1G",270
"cotton","katen",723
"couch","kOC",1197
"cougar","kug3r",102
"cough","kaf",448
"coughing","kaf1N",251
"coughs","kafs",154
"could","kUd",83109
"council","kOnsel",863
"councillor","kOnsel3r",41
"councilman","kOnselmen",72
"counsel","kOnsel",726
"counseling","kOnsel1N",211
"counsellor","kOnsel3r",132
"counsellor","kOnsl3r",132
"counselor","kOnsel3r",506
"counselors","kOnsel3rz",73
"counselors","kOnsl3rz",73
"count","kOnt",4588
"countdown","kOntdOn",180
"counted","kOnt1d",323
"counter","kOnt3r",709
"counterfeit","kOnt3rf1t",157
"countermeasures","kOnt3rmEZ3rz",43
"counters","kOnt3rz",42
"countersue","kOnt3rsu",1
"countess","kOntes",314
"counting","kOnt1N",1095
"countless","kOntles",121
"countries","k^ntriz",537
"country","k^ntri",8254
"countrymen","k^ntrimen",83
"countryside","k^ntris5d",180
"counts","kOnts",691
"county","kOnti",1722
"coup","ku",133
"coupe","kup",31
"couple","k^pel",11394
"couples","k^pelz",409
"coupon","kupan",111
"coupons","kupanz",113
"courage","k3r1G",1207
"courageous","k3r8Ges",161
"courageous","ker8Ges",161
"courier","k3ri3r",168
"couriers","k3ri3rz",42
"course","kcrs",24848
"courses","kcrsez",195
"court","kcrt",5137
"courteous","k3rties",62
"courtesy","k3rtesi",414
"courthouse","kcrthOs",225
"courting","kcrt1N",83
"courtroom","kcrtrum",427
"courts","kcrts",300
"courtship","kcrtS1p",59
"courtyard","kcrtjard",109
"cousin","k^zen",2491
"cousins","k^zenz",377
"cove","kov",166
"covenant","k^venent",341
"cover","k^v3r",4808
"coverage","k^v3r1G",318
"coverage","k^vr1G",318
"covered","k^v3rd",1612
"covering","k^v3r1N",634
"covering","k^vr1N",634
"covers","k^v3rz",478
"covert","kov3rt",148
"covet","k^vet",48
"cow","kO",1301
"coward","kO3rd",734
"cowardice","kO3rdes",91
"cowardly","kO3rdli",118
"cowards","kO3rdz",165
"cowboy","kOb2",968
"cowboys","kOb2z",231
"cower","kO3r",16
"cowgirl","kOg3rl",60
"cowl","kOl",5
"coworkers","kow3rk3rz",73
"cows","kOz",480
"cox","kaks",98
"coy","k2",88
"coyote","k5ot",185
"coyote","k5oti",185
"coyotes","k5otiz",105
"coyotes","k5otz",105
"coz","kaz",82
"cozy","kozi",288
"crab","kr@b",352
"crabby","kr@bi",47
"crabs","kr@bz",162
"crack","kr@k",1675
"cracked","kr@kt",492
"cracker","kr@k3r",294
"crackers","kr@k3rz",289
"crackhead","kr@khEd",64
"cracking","kr@k1N",303
"crackle","kr@kel",35
"crackling","kr@kl1N",71
"crackpot","kr@kpat",49
"cracks","kr@ks",251
"cradle","kr8del",145
"craft","kr@ft",289
"crafts","kr@fts",70
"craftsman","kr@ftsmen",47
"crafty","kr@fti",53
"crag","kr@g",19
"craig","kr8g",365
"cram","kr@m",77
"crammed","kr@md",56
"cramp","kr@mp",143
"cramped","kr@mpt",73
"cramping","kr@mp1N",45
"cramps","kr@mps",86
"cranberries","kr@nbEriz",47
"cranberry","kr@nbEri",99
"crandall","kr@ndel",57
"crane","kr8n",1714
"cranes","kr8nz",44
"cranium","kr8niem",40
"crank","kr@Nk",272
"cranky","kr@Nki",171
"crap","kr@p",3151
"crapper","kr@p3r",41
"crappy","kr@pi",253
"craps","kr@ps",155
"crash","kr@S",1461
"crashed","kr@St",531
"crashes","kr@Sez",112
"crashing","kr@S1N",321
"crass","kr@s",36
"crate","kr8t",209
"crater","kr8t3r",132
"crates","kr8ts",95
"cravat","krev@t",96
"crave","kr8v",106
"craving","kr8v1N",109
"crawl","kral",614
"crawled","krald",202
"crawler","kral3r",16
"crawlers","kral3rz",10
"crawling","kral1N",462
"crawls","kralz",52
"crayon","kr8jan",21
"crayons","kr8anz",61
"craze","kr8z",52
"crazed","kr8zd",107
"crazier","kr8zi3r",110
"crazies","kr8ziz",47
"craziest","kr8ziest",118
"craziness","kr8zines",64
"crazy","kr8zi",13886
"creak","krik",26
"creaking","krik1N",142
"creaks","kriks",57
"creaky","kriki",12
"cream","krim",2484
"creamed","krimd",82
"creamy","krimi",60
"crease","kris",69
"creasy","krisi",63
"create","kri8t",1289
"created","kri8t1d",1195
"created","kri8ted",1195
"creates","kri8ts",196
"creating","kri8t1N",396
"creation","kri8Sen",310
"creative","kri8t1v",548
"creativity","kri8t1veti",96
"creator","kri8t3r",142
"creature","kriC3r",1092
"creatures","kriC3rz",640
"creche","krES",63
"credentials","kredEnSelz",166
"credibility","krEdeb1leti",163
"credible","krEdebel",84
"credit","krEdet",2337
"creditors","krEd1t3rz",43
"creditors","krEdet3rz",43
"credits","krEd1ts",168
"credits","krEdets",168
"creed","krid",129
"creek","krik",454
"creep","krip",573
"creeping","krip1N",140
"creeps","krips",327
"creepy","kripi",568
"cremated","krim8ted",97
"cremation","krim8Sen",41
"creme","krim",64
"creole","kriol",55
"crepe","kr8p",42
"crepe","krEp",42
"crept","krEpt",58
"crescendo","kr1SEndo",25
"crescent","krEsEnt",72
"crest","krEst",107
"crete","krit",54
"cretin","kriten",51
"crevice","krEv1s",21
"crew","kru",2424
"crewman","krumen",50
"crews","kruz",167
"crib","kr1b",316
"crick","kr1k",93
"cricket","kr1k1t",144
"crickets","kr1kets",70
"cried","kr5d",662
"crier","kr53r",17
"cries","kr5z",356
"crikey","kr5ki",51
"crime","kr5m",3633
"crimes","kr5mz",590
"criminal","kr1menel",1758
"criminals","kr1menelz",612
"crimson","kr1mzen",67
"cripple","kr1pel",194
"crippled","kr1peld",210
"crisis","kr5ses",849
"crisp","kr1sp",161
"crispy","kr1spi",116
"crisscross","kr1skras",9
"crit","kr1t",62
"criteria","kr5t1rie",91
"critic","kr1t1k",192
"critical","kr1t1kel",625
"criticism","kr1tes1zm",155
"criticize","kr1tes5z",110
"criticizing","kr1tes5z1N",67
"critics","kr1t1ks",190
"critter","kr1t3r",65
"critters","kr1t3rz",79
"croak","krok",59
"croc","krak",60
"crock","krak",103
"crocodile","kraked5l",115
"croft","kraft",50
"croissant","kresant",45
"crone","kron",22
"crook","krUk",289
"crooked","krUked",290
"crooks","krUks",153
"croon","krun",12
"crop","krap",248
"crops","kraps",133
"croquet","krok8",44
"crosby","krazbi",75
"cross","kras",2807
"crossbow","krasbo",56
"crossed","krast",874
"crosses","krasez",189
"crossfire","krasf5r",46
"crossing","kras1N",444
"crossroads","krasrodz",109
"crosswalk","kraswak",21
"crossword","krasw3rd",89
"crotch","kraC",140
"crouch","krOC",38
"crouton","krutan",13
"crow","kro",227
"crowbar","krobar",66
"crowd","krOd",1906
"crowded","krOd1d",456
"crowded","krOded",456
"crowding","krOd1N",57
"crowds","krOdz",179
"crown","krOn",698
"crowned","krOnd",88
"crowning","krOn1N",61
"crowns","krOnz",54
"crows","kroz",141
"crucial","kruSel",234
"crucified","krusef5d",79
"crucifix","krusef1ks",60
"crucify","krusef5",111
"crud","kr^d",52
"cruddy","kr^di",15
"crude","krud",155
"cruel","kruel",936
"cruel","krul",936
"cruelty","kruelti",166
"cruelty","krulti",166
"cruise","kruz",626
"cruiser","kruz3r",162
"cruising","kruz1N",142
"crumb","kr^m",92
"crumble","kr^mbel",71
"crumbling","kr^mbl1N",51
"crumbly","kr^mbli",6
"crumbs","kr^mz",130
"crummy","kr^mi",171
"crumple","kr^mpel",8
"crunch","kr^nC",179
"crunching","kr^nC1N",48
"crunchy","kr^nCi",48
"crusade","krus8d",194
"crusader","krus8d3r",57
"crush","kr^S",857
"crushed","kr^St",431
"crusher","kr^S3r",56
"crushes","kr^Sez",59
"crushing","kr^S1N",139
"crust","kr^st",166
"crusty","kr^sti",54
"crutch","kr^C",67
"crutches","kr^Cez",83
"crux","kr^ks",15
"cry","kr5",3348
"crybaby","kr5b8bi",67
"crying","kr51N",2709
"crypt","kr1pt",70
"cryptic","kr1pt1k",53
"cryptic","kr1ptek",53
"crystal","kr1stel",823
"crystals","kr1stelz",125
"csar","zar",1
"cub","k^b",107
"cuba","kjube",391
"cuban","kjuben",215
"cubans","kjubenz",57
"cubby","k^bi",40
"cubbyhole","k^bihol",5
"cube","kjub",152
"cubes","kjubz",95
"cubic","kjub1k",44
"cubicle","kjub1kel",131
"cubs","k^bz",113
"cuckoo","kuku",151
"cucumber","kjuk^mb3r",101
"cud","k^d",13
"cuddle","k^del",110
"cuddling","k^dl1N",41
"cuddly","k^dli",71
"cue","kju",397
"cuff","k^f",291
"cuffs","k^fs",266
"cuisine","kw1zin",99
"culinary","k^lenEri",61
"culinary","kjulenEri",61
"cull","k^l",4
"culprit","k^lpr1t",55
"culprit","k^lpret",55
"cult","k^lt",227
"cultivate","k^ltev8t",48
"cultural","k^lC3rel",202
"culture","k^lC3r",711
"cultured","k^lC3rd",49
"cultures","k^lC3rz",164
"cum","k^m",104
"cunning","k^n1N",207
"cunt","k^nt",350
"cunts","k^nts",41
"cup","k^p",2634
"cupboard","k^b3rd",127
"cupcake","k^pk8k",167
"cupcakes","k^pk8ks",76
"cupful","k^pfUl",1
"cupid","kjup1d",128
"cups","k^ps",326
"cur","k3r",31
"curate","kjUr8t",5
"curator","kjUr8t3r",47
"curb","k3rb",209
"curd","k3rd",22
"cure","kjUr",1063
"cured","kjUrd",308
"cures","kjUrz",66
"curfew","k3rfju",234
"curie","kjUri",95
"curing","kjUr1N",48
"curiosity","kjUriaseti",435
"curious","kjUries",1337
"curl","k3rl",120
"curled","k3rld",47
"curler","k3rl3r",5
"curling","k3rl1N",49
"curls","k3rlz",79
"curly","k3rli",294
"currency","k3rensi",186
"current","k3rent",869
"currently","k3rentli",351
"currents","k3rents",86
"curriculum","k3r1kjelem",70
"curriculum","ker1kjelem",70
"curry","k^ri",124
"curry","k3ri",124
"curse","k3rs",929
"cursed","k3rst",377
"curses","k3rsez",82
"cursing","k3rs1N",90
"cursive","k3rs1v",4
"curt","k3rt",136
"curtain","k3rten",525
"curtains","k3rtenz",321
"curve","k3rv",235
"curved","k3rvd",31
"curves","k3rvz",66
"cushion","kUSen",110
"cushions","kUSenz",60
"cusp","k^sp",14
"cuss","k^s",54
"custard","k^st3rd",64
"custodian","k^stodien",49
"custody","k^stedi",982
"custom","k^stem",316
"customary","k^stemEri",111
"customer","k^stem3r",775
"customers","k^stem3rz",972
"customs","k^stemz",326
"cut","k^t",11718
"cutaneous","kjut8nies",3
"cutbacks","k^tb@ks",48
"cute","kjut",4475
"cuteness","kjutnes",18
"cuter","kjut3r",99
"cutest","kjutest",167
"cutesy","kjutsi",14
"cutie","kjuti",147
"cutler","k^tl3r",146
"cutout","k^tOt",15
"cuts","k^ts",583
"cutter","k^t3r",239
"cutters","k^t3rz",59
"cutthroat","k^tTrot",42
"cutting","k^t1N",1126
"cyanide","s5en5d",92
"cycle","s5kel",300
"cycles","s5kelz",66
"cyclops","s5klaps",65
"cylinder","s1l1nd3r",80
"cylinders","s1lend3rz",54
"cymbals","s1mbelz",24
"cynic","s1n1k",56
"cynic","s1nek",56
"cynical","s1n1kel",187
"cynicism","s1nes1zm",46
"cynthia","s1nTie",400
"cyprus","s5pres",96
"cyrus","s5res",171
"cyst","s1st",22
"czar","zar",35
"czech","CEk",52
"dab","d@b",57
"dachshund","dakshUnd",18
"dad","d@d",25870
"dada","dada",67
"daddies","d@diz",62
"daddy","d@di",9439
"dads","d@dz",111
"daedalus","dEdeles",48
"daffodil","d@fed1l",10
"daffy","d@fi",77
"daft","d@ft",68
"dagger","d@g3r",251
"daggers","d@g3rz",61
"daily","d8li",797
"dainty","d8nti",61
"daiquiri","d@k3ri",41
"dairy","dEri",142
"daisies","d8ziz",78
"daisy","d8zi",689
"dakota","dekote",184
"dalai","d@l5",94
"dale","d8l",463
"dallas","d@les",711
"dalmatian","d@lm8Sen",37
"dalton","dalten",192
"dam","d@m",293
"damage","d@m1G",1686
"damaged","d@m1Gd",463
"damages","d@m1Gez",203
"damaging","d@meG1N",81
"damascus","dem@skes",46
"dame","d8m",702
"dames","d8mz",223
"dammit","d@m1t",381
"damn","d@m",14460
"damnation","d@mn8Sen",67
"damned","d@md",898
"damnedest","d@mdest",52
"damnit","d@m1t",52
"damon","d8men",162
"damp","d@mp",149
"damper","d@mp3r",43
"damsel","d@mzel",45
"dan","d@n",1878
"dana","d8ne",629
"dance","d@ns",7550
"danced","d@nst",477
"dancer","d@ns3r",831
"dancers","d@ns3rz",272
"dances","d@nsez",302
"dancing","d@ns1N",2774
"dandelion","d@ndel5en",15
"dandruff","d@ndref",41
"dandy","d@ndi",224
"dane","d8n",158
"danes","d8nz",83
"dang","d@N",216
"danger","d8nG3r",2227
"dangerous","d8nG3res",3817
"dangerously","d8nG3resli",83
"dangers","d8nG3rz",130
"dangle","d@Ngel",68
"dangling","d@Ngl1N",66
"daniel","d@njel",1116
"danish","d8n1S",111
"danish","d8neS",111
"dank","d@Nk",28
"danke","daNke",58
"danny","d@ni",4148
"dante","dant8",263
"daphne","d@fni",892
"dar","dar",68
"darby","darbi",53
"darcy","darsi",159
"dare","dEr",2826
"dared","dErd",228
"daredevil","dErdEvel",33
"dares","dErz",123
"daring","dEr1N",214
"dark","dark",4519
"darken","darken",20
"darkened","darkend",40
"darker","dark3r",140
"darkest","darkest",144
"darkness","darknes",892
"darkroom","darkrum",44
"darling","darl1N",6613
"darlings","darl1Nz",115
"darn","darn",709
"darned","darnd",113
"dart","dart",98
"darts","darts",100
"darwin","darwen",119
"dash","d@S",308
"dashboard","d@Sbcrd",50
"dashed","d@St",46
"dashing","d@S1N",115
"dat","d@t",61
"data","d@te",1306
"data","d8te",1306
"database","d@teb8s",290
"database","d8teb8s",290
"databases","d8teb8sez",42
"date","d8t",7218
"dated","d8t1d",598
"dates","d8ts",931
"dating","d8t1N",1689
"daughter","dat3r",8739
"daughters","dat3rz",509
"daunt","dant",2
"dave","d8v",2199
"davenport","d@venpcrt",180
"david","d8v1d",5196
"davies","d8viz",126
"davis","d8v1s",886
"davis","d8ves",886
"davy","d8vi",143
"dawn","dan",1301
"dawned","dand",54
"day","d8",40893
"daybreak","d8br8k",70
"daycare","d8kEr",77
"daydream","d8drim",49
"daydreamer","d8drim3r",4
"daydreaming","d8drim1N",56
"daylight","d8l5t",488
"days","d8z",15592
"daytime","d8t5m",193
"dayton","d8ten",60
"daze","d8z",28
"dazzle","d@zel",51
"dazzling","d@zl1N",66
"deacon","diken",146
"deactivate","di@ktev8t",58
"dead","dEd",22898
"deadbeat","dEdbit",88
"deader","dEd3r",49
"deadline","dEdl5n",299
"deadly","dEdli",504
"deadwood","dEdwUd",76
"deaf","dEf",741
"deafness","dEfnes",14
"deal","dil",13330
"dealer","dil3r",831
"dealers","dil3rz",270
"dealership","dil3rS1p",66
"dealing","dil1N",1440
"dealings","dil1Nz",93
"deals","dilz",499
"dealt","dElt",379
"dean","din",1974
"dear","d1r",11395
"dearest","d1rest",362
"dearie","d1ri",95
"dearly","d1rli",249
"dears","d1rz",80
"dearth","d3rT",5
"death","dET",11051
"deathbed","dETbEd",68
"deaths","dETs",392
"deb","dEb",407
"debate","deb8t",474
"debating","deb8t1N",83
"debauched","d1baCd",6
"debauchery","d1baCri",23
"debbie","dEbi",595
"debby","dEbi",71
"debilitate","deb1let8t",4
"deborah","dEb3re",239
"debrief","dibrif",58
"debriefing","dibrif1N",54
"debris","debri",159
"debt","dEt",725
"debtor","dEt3r",16
"debts","dEts",311
"debut","d8bju",132
"debutante","dEbjutant",68
"decade","dEk8d",247
"decadent","dEkedent",60
"decades","dEk8dz",201
"decaf","dik@f",122
"decapitated","dik@pet8ted",44
"decay","dek8",105
"deceased","d1sist",321
"deceit","desit",95
"deceitful","desitfel",58
"deceive","d1siv",174
"deceived","desivd",155
"deceiving","desiv1N",89
"december","d1sEmb3r",387
"decency","disensi",236
"decent","disent",1433
"deception","desEpSen",160
"decibel","dEsebEl",10
"decide","d1s5d",2571
"decided","d1s5d1d",4521
"decides","d1s5dz",404
"deciding","d1s5d1N",167
"deciduous","d1s1Gues",4
"decimal","dEsemel",42
"decipher","des5f3r",87
"decision","d1s1Zen",2808
"decisions","d1s1Zenz",781
"decisive","des5sev",66
"deck","dEk",1212
"decker","dEk3r",96
"decks","dEks",130
"declaration","dEkl3r8Sen",180
"declare","d1klEr",386
"declared","d1klErd",333
"declaring","deklEr1N",54
"decline","dekl5n",152
"declined","dekl5nd",80
"decode","dekod",55
"decor","d8kcr",52
"decor","dekcr",52
"decorate","dEk3r8t",118
"decorated","dEk3r8t1d",144
"decorated","dEk3r8ted",144
"decorating","dEk3r8t1N",113
"decoration","dEk3r8Sen",94
"decorations","dEk3r8Senz",138
"decorative","dEkret1v",44
"decorative","dEkretev",44
"decorator","dEk3r8t3r",107
"decorum","dekcrem",42
"decoy","dik2",182
"decrease","d1kris",60
"decrease","dekris",60
"decreased","d1krist",45
"decreased","dekrist",45
"decree","dekri",98
"dedicate","dEdek8t",124
"dedicated","dEdek8ted",416
"dedication","dEdek8Sen",173
"deduct","d1d^kt",55
"deductible","ded^ktebel",46
"deduction","ded^kSen",87
"dee","di",1
"dee","di",339
"deed","did",475
"deeds","didz",417
"deem","dim",30
"deemed","dimd",71
"deep","dip",3896
"deeper","dip3r",644
"deepest","dipest",246
"deeply","dipli",736
"deer","d1r",444
"def","dEf",42
"default","defalt",51
"default","difalt",51
"defeat","d1fit",580
"defeated","d1fit1d",284
"defeated","d1fited",284
"defeats","defits",47
"defect","difEkt",126
"defective","defEktev",110
"defects","difEkts",61
"defence","d1fEns",409
"defences","d1fensez",41
"defend","d1fEnd",959
"defendant","d1fEndent",904
"defendants","defEndents",140
"defended","defEnded",114
"defender","defEnd3r",152
"defending","d1fEnd1N",399
"defends","defEndz",49
"defense","d1fEns",1665
"defenseless","defEnsles",68
"defenses","defEnsez",108
"defensive","d1fEns1v",278
"defiance","def5ens",57
"defiant","def5ent",47
"deficiency","def1Sensi",53
"deficit","dEfes1t",55
"deficit","dEfeset",55
"defied","def5d",53
"defies","def5z",44
"define","d1f5n",318
"defined","def5nd",88
"defines","def5nz",45
"defining","def5n1N",50
"definite","dEfen1t",314
"definitely","dEfenetli",3848
"definition","dEfen1Sen",296
"definitive","def1net1v",99
"definitive","def1netev",99
"deformed","d1fcrmd",66
"defrost","d1frast",21
"deft","dEft",20
"defy","def5",158
"degenerate","d1GEn3r8t",93
"degenerate","deGEn3ret",93
"degraded","degr8ded",46
"degrading","degr8d1N",87
"degree","d1gri",759
"degrees","d1griz",918
"dehydrated","deh5dr8ted",93
"dehydration","dih5dr8Sen",40
"deity","dieti",28
"deke","dik",75
"del","dEl",437
"delaware","dElewEr",94
"delay","d1l8",562
"delayed","d1l8d",274
"delays","del8z",83
"delegate","dEleg8t",73
"delegate","dEleget",73
"delegates","dEleg8ts",87
"delegates","dElegets",87
"delegation","dEleg8Sen",70
"delete","d1lit",90
"deleted","delited",74
"deli","dEli",108
"deliberate","del1b3r8t",145
"deliberate","del1b3ret",145
"deliberately","d1l1b3retli",319
"deliberately","d1l1bretli",319
"delicacy","dElekesi",71
"delicate","dEleket",485
"delicately","dEleketli",48
"delicatessen","dEleketEsen",41
"delicious","d1l1Ses",1098
"delight","d1l5t",288
"delighted","d1l5t1d",660
"delighted","d1l5ted",660
"delightful","d1l5tfel",469
"delilah","d1l5le",209
"delilah","del5le",209
"delinquent","del1Nkwent",71
"delinquents","del1Nkwents",59
"delirious","d1l1ries",135
"deliver","d1l1v3r",1446
"delivered","d1l1v3rd",823
"deliveries","d1l1v3riz",111
"deliveries","d1l1vriz",111
"delivering","d1l1v3r1N",243
"delivers","d1l1v3rz",103
"delivery","d1l1v3ri",1017
"dell","dEl",124
"della","dEle",119
"delta","dElte",425
"deluded","deluded",62
"delusion","deluZen",138
"delusional","deluZenel",142
"delusions","deluZenz",108
"deluxe","del^ks",98
"demagogue","dEmegag",3
"demand","d1m@nd",873
"demanded","dem@nded",141
"demanding","d1m@nd1N",217
"demands","d1m@ndz",495
"demeaning","demin1N",44
"demeanor","demin3r",54
"demented","demEnted",91
"dementia","demEnSe",66
"demerol","dEm3ral",48
"demise","d1m5z",87
"demo","dEmo",168
"democracy","d1makresi",337
"democrat","dEmekr@t",86
"democratic","dEmekr@t1k",181
"democrats","dEmekr@ts",68
"demographic","dEmegr@f1k",44
"demolished","demaleSt",48
"demolition","dEmel1Sen",144
"demon","dimen",1593
"demonic","demanek",154
"demons","dimenz",683
"demonstrate","dEmenstr8t",238
"demonstrated","dEmenstr8ted",72
"demonstrating","dEmenstr8t1N",60
"demonstration","dEmenstr8Sen",366
"demonstrations","dEmenstr8Senz",66
"den","dEn",312
"denial","d1n5el",268
"denied","d1n5d",584
"denies","den5z",96
"denim","dEnem",33
"denizen","dEnezEn",2
"denmark","dEnmark",66
"dennis","dEn1s",854
"denounce","denOns",44
"dense","dEns",108
"density","dEnseti",73
"dent","dEnt",180
"dental","dEntel",315
"dentist","dEnt1st",571
"dentist","dEntest",571
"dentists","dEnt1sts",53
"dentists","dEntests",53
"denver","dEnv3r",421
"deny","den5",1091
"denying","d1n51N",206
"deodorant","diod3rent",82
"depart","depart",109
"departed","departed",138
"departing","depart1N",79
"department","d1partment",3256
"departmental","departmEntel",42
"departments","departments",84
"departure","d1parC3r",275
"depend","d1pEnd",504
"dependable","d1pEndebel",85
"depended","d1pEnded",88
"dependent","d1pEndent",114
"depending","d1pEnd1N",306
"depends","d1pEndz",1457
"deplorable","deplcrebel",47
"deploy","depl2",135
"deployed","depl2d",88
"deployment","depl2ment",64
"deported","depcrted",111
"deposit","d1paz1t",551
"deposit","depaz1t",551
"deposited","d1paz1ted",72
"deposited","depaz1ted",72
"deposition","dEpez1Sen",153
"depositions","dEpez1Senz",40
"depository","depazetcri",50
"deposits","d1pazets",101
"deposits","depazets",101
"depot","dipo",150
"depraved","dipr8vd",65
"depressed","d1prEst",830
"depressing","d1prEs1N",324
"depression","d1prESen",406
"deprivation","dEprev8Sen",40
"deprive","depr5v",67
"deprived","depr5vd",99
"depth","dEpT",421
"depths","dEpTs",158
"deputies","dEpjetiz",119
"deputies","dEpjutiz",119
"deputy","dEpjeti",798
"deputy","dEpjuti",798
"der","d3r",153
"deranged","der8nGd",115
"derby","d3rbi",112
"derelict","dErel1kt",40
"derived","d3r5vd",53
"derrick","dErek",68
"descend","d1sEnd",98
"descend","desEnd",98
"descendant","d1sEndent",55
"descendant","desEndent",55
"descendants","d1sEndents",40
"descendants","desEndents",40
"descended","d1sEnded",92
"descended","desEnded",92
"descending","d1sEnd1N",85
"descending","desEnd1N",85
"descent","d1sEnt",132
"descent","desEnt",132
"describe","d1skr5b",866
"described","d1skr5bd",462
"describes","deskr5bz",81
"describing","deskr5b1N",118
"description","d1skr1pSen",645
"descriptions","deskr1pSenz",56
"desdemona","dEzdemona",47
"desert","d1z3rt",1427
"desert","dEz3rt",1427
"deserted","d1z3rt1d",276
"deserting","dEz3rt1N",41
"deserts","d1z3rts",45
"deserts","dEz3rts",45
"deserve","d1z3rv",2230
"deserved","d1z3rvd",513
"deserves","d1z3rvz",808
"deserving","d1z3rv1N",50
"design","d1z5n",826
"designated","dEzegn8ted",132
"designed","d1z5nd",894
"designer","d1z5n3r",267
"designers","dez5n3rz",54
"designing","dez5n1N",79
"designs","dez5nz",164
"desirable","d1z5rebel",99
"desire","d1z5r",1034
"desired","d1z5rd",115
"desires","d1z5rz",253
"desist","d1s1st",49
"desk","dEsk",2239
"desks","dEsks",54
"desolate","dEselet",50
"despair","d1spEr",299
"desperate","dEsp3r1t",1310
"desperate","dEspr1t",1310
"desperately","dEsp3retli",297
"desperately","dEspretli",297
"desperation","dEsp3r8Sen",154
"despicable","d1sp1kebel",107
"despise","d1sp5z",230
"despised","d1sp5zd",64
"despite","d1sp5t",663
"dessert","d1z3rt",715
"desserts","d1z3rts",66
"destination","dEst1n8Sen",300
"destination","dEsten8Sen",300
"destined","dEst1nd",209
"destinies","dEsteniz",43
"destiny","dEsteni",1175
"destroy","d1str2",2406
"destroyed","d1str2d",1573
"destroyer","d1str23r",185
"destroyers","destr23rz",50
"destroying","d1str21N",398
"destroys","destr2z",129
"destruction","d1str^kSen",587
"destructive","d1str^kt1v",122
"detached","det@Ct",79
"detachment","det@Cment",65
"detail","det8l",989
"detailed","d1t8ld",200
"detailed","dit8ld",200
"details","d1t8lz",1481
"details","dit8lz",1481
"detain","det8n",93
"detained","det8nd",126
"detect","d1tEkt",261
"detected","d1tEkt1d",177
"detected","d1tEkted",177
"detecting","detEkt1N",61
"detection","detEkSen",85
"detective","d1tEkt1v",3117
"detectives","d1tEkt1vz",341
"detector","detEkt3r",166
"detectors","detEkt3rz",66
"detention","d1tEnSen",333
"detergent","d1t3rGent",52
"deteriorate","d1t1ri3r8t",27
"determination","det3rmen8Sen",142
"determine","det3rmen",428
"determined","d1t3rmend",671
"determines","d1t3rmenz",46
"determines","det3rmenz",46
"determining","det3rmen1N",53
"detest","d1tEst",73
"detest","detEst",73
"dethrone","diTron",2
"dethroning","diTron1N",1
"detonate","dEten8t",106
"detonated","dEten8ted",92
"detonation","dEten8Sen",93
"detonator","dEten8t3r",121
"detonators","dEten8t3rz",42
"detour","ditUr",107
"detox","ditaks",68
"detroit","d1tr2t",538
"detroit","ditr2t",538
"deuce","dus",146
"deuces","dusez",59
"dev","dEv",41
"devastated","dEvest8t1d",215
"devastated","dEvest8ted",215
"devastating","dEvest8t1N",139
"devastation","dEvest8Sen",49
"develop","d1vElep",490
"developed","d1vElept",645
"developer","devElep3r",46
"developing","d1vElep1N",286
"development","d1vElepment",625
"developments","devElepments",86
"develops","devEleps",63
"deviant","divient",54
"device","d1v5s",926
"devices","d1v5sez",188
"devil","dEvel",2108
"deviled","dEveld",29
"devils","dEvelz",267
"devious","divies",89
"devise","d1v5z",32
"devised","dev5zd",75
"devon","dEven",914
"devote","devot",100
"devoted","d1vot1d",409
"devoted","d1voted",409
"devotion","d1voSen",211
"devour","devO3r",54
"devoured","devO3rd",46
"dew","du",109
"dewitt","dEw1t",55
"dex","dEks",80
"dexter","dEkst3r",336
"diabetes","d5ebitiz",166
"diabetic","d5ebEtek",113
"diablo","diablo",55
"diabolical","d5ebal1kel",55
"diagnose","d5egnoz",53
"diagnosed","d5egnost",140
"diagnosis","d5egnoses",219
"diagnostic","d5egnastek",72
"diagonal","d5@genel",27
"diagram","d5egr@m",65
"dial","d5el",452
"dial","d5l",452
"dialect","d5elEkt",68
"dialed","d5eld",84
"dialed","d5ld",84
"dialing","d5el1N",63
"dialing","d5l1N",63
"dialogue","d5elag",208
"dials","d5elz",42
"dials","d5lz",42
"dialysis","d5@les1s",77
"diameter","d5@met3r",53
"diamond","d5mend",1053
"diamonds","d5mendz",869
"diana","d5@ne",577
"diane","d5@n",727
"diaper","d5p3r",218
"diapers","d5ep3rz",270
"diapers","d5p3rz",270
"diaphragm","d5efr@m",105
"diaries","d53riz",44
"diaries","d5riz",44
"diarrhea","d5erie",122
"diarrhoea","d5erie",19
"diary","d53ri",458
"diary","d5ri",458
"dib","d1b",94
"dibs","d1bz",118
"dice","d5s",533
"dick","d1k",2703
"dickens","d1kenz",107
"dickhead","d1khEd",161
"dickie","d1ki",306
"dicks","d1ks",204
"dictate","d1kt8t",89
"dictated","d1kt8ted",45
"dictates","d1kt8ts",42
"dictation","d1kt8Sen",48
"dictator","d1kt8t3r",108
"dictatorship","d1kt8t3rS1p",47
"dictionary","d1kSenEri",190
"did","d1d",119410
"diddle","d1del",43
"die","d5",13318
"died","d5d",8018
"diego","di8go",625
"diem","dim",107
"dies","d5z",1270
"diesel","disel",135
"diesel","dizel",135
"diet","d5et",784
"differ","d1f3r",124
"difference","d1f3rens",4066
"difference","d1frens",4066
"differences","d1f3rensez",305
"differences","d1frensez",305
"different","d1f3rent",10686
"different","d1frent",10686
"differential","d1f3rEnSel",44
"differently","d1f3rentli",498
"differently","d1frentli",498
"difficult","d1fekelt",3068
"difficulties","d1f1keltiz",175
"difficulties","d1fekeltiz",175
"difficulty","d1f1kelti",285
"difficulty","d1fekelti",285
"diffuse","d1fjus",50
"diffuse","d1fjuz",50
"dig","d1g",2357
"digest","d5GEst",168
"digestion","d5GEsCen",52
"digestive","d5GEst1v",45
"digger","d1g3r",245
"digging","d1g1N",676
"digit","d1Get",30
"digital","d1G1tel",275
"digital","d1Getel",275
"digits","d1G1ts",98
"dignified","d1gn1f5d",137
"dignity","d1gneti",551
"digress","d5grEs",12
"digs","d1gz",151
"dike","d5k",21
"dilated","d5l8ted",86
"dildo","d1ldo",68
"dilemma","d1lEme",133
"dill","d1l",90
"dim","d1m",243
"dime","d5m",615
"dimension","d1mEnSen",236
"dimensional","d1mEnSenel",55
"dimensional","d5mEnSenel",55
"dimensions","d1mEnSenz",117
"dimensions","d5mEnSenz",117
"dimes","d5mz",91
"diminish","d1m1neS",42
"diminished","d1m1neSt",63
"dimple","d1mpel",19
"dimples","d1mpelz",67
"din","d1n",60
"dine","d5n",219
"dined","d5nd",45
"diner","d5n3r",632
"diners","d5n3rz",41
"ding","d1N",307
"dingdong","d1NdaN",3
"dingo","d1Ngo",66
"dings","d1Nz",89
"dining","d5n1N",598
"dink","d1Nk",245
"dinky","d1Nki",52
"dinner","d1n3r",10336
"dinners","d1n3rz",238
"dinnertime","d1n3rt5m",91
"dinosaur","d5nescr",203
"dinosaurs","d5nescrz",136
"dint","d1nt",4
"diocese","d5es1s",41
"dioxide","d5aks5d",52
"dip","d1p",406
"diploma","d1ploma",129
"diplomacy","d1plomesi",81
"diplomat","d1plem@t",109
"diplomatic","d1plem@t1k",256
"diplomats","d1plem@ts",45
"dipped","d1pt",94
"dipper","d1p3r",33
"dipping","d1p1N",66
"dire","d5r",112
"direct","d1rEkt",1226
"direct","d3rEkt",1226
"direct","d5rEkt",1226
"directed","d3rEkt1d",308
"directed","d3rEkted",308
"directed","d5rEkt1d",308
"directing","d1rEkt1N",174
"directing","d3rEkt1N",174
"directing","d5rEkt1N",174
"directing","dirEkt1N",174
"direction","d1rEkSen",1228
"direction","d3rEkSen",1228
"direction","d5rEkSen",1228
"direction","dirEkSen",1228
"directions","d1rEkSenz",494
"directions","d3rEkSenz",494
"directions","d5rEkSenz",494
"directions","dirEkSenz",494
"directive","d1rEktev",90
"directive","d3rEktev",90
"directive","d5rEktev",90
"directive","dirEktev",90
"directly","d1rEktli",1084
"directly","d3rEktli",1084
"directly","d5rEktli",1084
"directly","dirEktli",1084
"director","d3rEkt3r",1834
"directors","d1rEkt3rz",295
"directors","d3rEkt3rz",295
"directors","d5rEkt3rz",295
"directory","d1rEkt3ri",84
"directory","d3rEkt3ri",84
"directory","d5rEkt3ri",84
"directory","dirEkt3ri",84
"dirge","d3rG",9
"dirk","d3rk",137
"dirt","d3rt",1310
"dirtiest","d3rtiest",40
"dirtiness","d3rtines",4
"dirty","d3rti",3389
"dis","d1s",77
"disability","d1seb1l1ti",101
"disable","d1s8bel",79
"disabled","d1s8beld",177
"disadvantage","d1sedv@nt1G",57
"disagree","d1segri",338
"disagreeable","d1segriebel",49
"disagreed","d1segrid",42
"disagreement","d1segriment",78
"disappear","d1sep1r",1069
"disappearance","d1sep1rens",220
"disappearance","d1sepirens",220
"disappeared","d1sep1rd",1469
"disappeared","d1sepird",1469
"disappearing","d1sep1r1N",215
"disappearing","d1sepir1N",215
"disappears","d1sep1rz",232
"disappears","d1sepirz",232
"disappoint","d1sep2nt",431
"disappointed","d1sep2nt1d",1124
"disappointing","d1sep2nt1N",175
"disappointment","d1sep2ntment",277
"disapprove","d1sepruv",58
"disarm","d1sarm",109
"disarmed","d1sarmd",47
"disaster","d1z@st3r",881
"disasters","d1z@st3rz",85
"disastrous","d1z@stres",85
"disbarred","d1sbard",56
"disc","d1sk",131
"discard","d1skard",55
"discarded","d1skarded",62
"discharge","d1sCarG",327
"discharged","d1sCarGd",226
"disciple","d1s5pel",52
"disciples","d1s5pelz",82
"disciplinary","d1sepl1nEri",82
"discipline","d1seplen",462
"disciplined","d1sepl1nd",88
"disclose","d1skloz",88
"disclosed","d1sklozd",41
"disclosure","d1skloZ3r",51
"disco","d1sko",294
"discomfort","d1sk^mf3rt",81
"disconnect","d1skenEkt",94
"disconnected","d1skenEkted",159
"discontent","d1skentEnt",46
"discord","d1skcrd",52
"discount","d1skOnt",243
"discourage","d1sk3r1G",68
"discouraged","d1sk3r1Gd",81
"discouraging","d1sk3r1G1N",41
"discover","d1sk^v3r",614
"discovered","d1sk^v3rd",1467
"discoveries","d1sk^v3riz",54
"discoveries","d1sk^vriz",54
"discovering","d1sk^v3r1N",107
"discovering","d1sk^vr1N",107
"discovers","d1sk^v3rz",97
"discovery","d1sk^v3ri",584
"discovery","d1skevri",584
"discredit","d1skrEd1t",46
"discreet","d1skrit",207
"discreetly","d1skritli",41
"discrepancy","d1skrEpensi",45
"discretion","d1skrESen",187
"discriminate","d1skr1men8t",41
"discrimination","d1skr1men8Sen",111
"discuss","d1sk^s",2329
"discussed","d1sk^st",538
"discussing","d1sk^s1N",481
"discussion","d1sk^Sen",619
"discussions","d1sk^Senz",86
"disdain","d1sd8n",27
"disease","d1ziz",1335
"diseased","d1zizd",58
"diseases","d1zizez",196
"disengage","d1s1ng8G",54
"disgrace","d1sgr8s",409
"disgraced","d1sgr8st",83
"disgraceful","d1sgr8sfel",93
"disgruntled","d1sgr^nteld",53
"disguise","d1sg5z",398
"disguised","d1sg5zd",133
"disgust","d1sg^st",141
"disgusted","d1sg^sted",90
"disgusting","d1sg^st1N",1357
"dish","d1S",584
"dishes","d1Sez",605
"dishonest","d1sanest",132
"dishonesty","d1sanesti",29
"dishonor","d1san3r",61
"dishwasher","d1SwaS3r",103
"dishwashing","d1SwaS1N",17
"disinfectant","d1s1nfEktent",40
"disk","d1sk",338
"disks","d1sks",81
"dislike","d1sl5k",200
"dislocated","d1slok8ted",76
"disloyal","d1sl2el",49
"dismal","d1zmel",48
"dismantle","d1sm@ntel",46
"dismay","d1sm8",23
"dismiss","d1sm1s",279
"dismissal","d1sm1sel",57
"dismissed","d1sm1st",622
"dismount","d1smOnt",73
"disney","d1zni",130
"disneyland","d1znil@nd",153
"disobedience","d1sebidiens",39
"disobedience","d1sobidiens",39
"disobedient","d1sebidient",11
"disobedient","d1sobidient",11
"disobey","d1sob8",84
"disobeyed","d1sob8d",91
"disorder","d1scrd3r",364
"disorderly","d1scrd3rli",69
"disorders","d1scrd3rz",57
"disorganized","d1scrgen5zd",53
"disoriented","d1scriEnted",62
"disparage","d1spEr1G",44
"dispatch","d1sp@C",350
"dispatched","d1sp@Ct",81
"dispatcher","d1sp@C3r",75
"dispense","d1spEns",69
"dispenser","d1spEns3r",52
"disperse","d1sp3rs",91
"displaced","d1spl8st",46
"displacement","d1spl8sment",43
"display","d1spl8",435
"displayed","d1spl8d",75
"displays","d1spl8z",64
"disposable","d1spozebel",94
"disposal","d1spozel",250
"dispose","d1spoz",160
"disposed","d1spozd",88
"disposition","d1spez1Sen",110
"dispute","d1spjut",160
"disqualified","d1skwalef5d",85
"disquisition","d1skw1z1Sen",2
"disregard","d1sr1gard",179
"disrespect","d1sr1spEkt",267
"disrespectful","d1sr1spEktfel",105
"disrupt","d1sr^pt",65
"disrupted","d1sr^pted",43
"disrupting","d1sr^pt1N",58
"disruption","d1sr^pSen",51
"dissatisfied","d1s@tesf5d",48
"dissect","d1sEkt",50
"dissect","d5sEkt",50
"dissection","d1sEkSen",44
"dissection","d5sEkSen",44
"dissertation","d1s3rt8Sen",61
"dissolve","d1zalv",95
"dissolved","d1zalvd",65
"distance","d1stens",1306
"distances","d1stensez",46
"distant","d1stent",439
"distasteful","d1st8stfel",60
"distinct","d1st1Nkt",155
"distinction","d1st1NkSen",150
"distinctive","d1st1Nkt1v",79
"distinctly","d1st1Nktli",96
"distinguish","d1st1Ngw1S",91
"distinguished","d1st1Ngw1St",315
"distorted","d1stcrted",103
"distortion","d1stcrSen",60
"distract","d1str@kt",249
"distracted","d1str@kt1d",377
"distracted","d1str@kted",377
"distracting","d1str@kt1N",130
"distraction","d1str@kSen",200
"distractions","d1str@kSenz",87
"distraught","d1strat",79
"distress","d1strEs",371
"distressed","d1strEst",71
"distressing","d1strEs1N",42
"distribute","d1str1bjut",76
"distributed","d1str1bjuted",67
"distribution","d1str1bjuSen",157
"distributor","d1str1bjut3r",78
"district","d1str1kt",1068
"distrust","d1str^st",38
"disturb","d1st3rb",566
"disturbance","d1st3rbens",201
"disturbances","d1st3rbensez",42
"disturbed","d1st3rbd",503
"disturbing","d1st3rb1N",463
"disturbs","d1st3rbz",46
"ditch","d1C",401
"ditched","d1Ct",118
"ditches","d1Cez",41
"ditching","d1C1N",40
"ditto","d1to",85
"ditz","d1ts",6
"ditzes","d1tsez",1
"diva","dive",78
"dive","d5v",654
"diver","d5v3r",124
"divers","d5v3rz",81
"diversion","d1v3rSen",158
"diversion","d5v3rZen",158
"diversity","d1v3rseti",56
"diversity","d5v3rseti",56
"divert","d5v3rt",103
"dives","d5vz",51
"divide","d1v5d",298
"divided","d1v5d1d",227
"dividend","d1vedEnd",19
"dividing","d1v5d1N",61
"divine","d1v5n",594
"diving","d5v1N",321
"divinity","d1v1neti",43
"division","d1v1Zen",946
"divisions","d1v1Zenz",130
"divorce","d1vcrs",1669
"divorced","d1vcrst",821
"divorces","d1vcrsez",47
"divorcing","d1vcrs1N",51
"divulge","d1v^lG",65
"divulge","d5v^lG",65
"divvied","d1vid",2
"divvy","d1vi",22
"dix","d1ks",185
"dixie","d1ksi",209
"dizziness","d1zines",47
"dizzy","d1zi",430
"do","du",312915
"doable","duebel",47
"dobby","dabi",56
"dobie","dabi",63
"doc","dak",4122
"dock","dak",497
"docked","dakt",56
"docket","daket",61
"docking","dak1N",108
"docks","daks",188
"docs","daks",51
"doctor","dakt3r",13461
"doctorate","dakt3ret",46
"doctors","dakt3rz",1855
"doctrine","daktr1n",43
"doctrine","daktren",43
"document","dakjumEnt",515
"documentary","dakjemEnt3ri",298
"documentary","dakjumEnt3ri",298
"documentation","dakjemEnt8Sen",69
"documentation","dakjumEnt8Sen",69
"documented","dakjemEnted",83
"documented","dakjumEnted",83
"documents","dakjements",478
"documents","dakjuments",478
"dod","dad",93
"dodd","dad",53
"dodge","daG",396
"dodged","daGd",46
"dodger","daG3r",65
"dodgers","daG3rz",113
"dodging","daG1N",82
"dodo","dodo",51
"doe","do",221
"does","d^z",34002
"dog","dag",9835
"doggie","dagi",169
"doggone","dagan",148
"doggy","dagi",225
"doghouse","daghOs",57
"dogma","dagme",13
"dogs","dagz",2704
"doing","du1N",52492
"dojo","doGo",46
"dolce","dolC8",48
"dole","dol",49
"doll","dal",1263
"dollar","dal3r",1410
"dollars","dal3rz",3998
"dollhouse","dalhOs",22
"dolls","dalz",289
"dolly","dali",306
"dolores","delcr1s",195
"dolphin","dalfen",141
"dolphins","dalfenz",202
"dom","dam",262
"domain","dom8n",132
"dome","dom",100
"domestic","demEst1k",351
"domicile","dam1s1l",18
"dominant","damenent",82
"dominate","damen8t",95
"dominated","damen8ted",75
"domination","damen8Sen",79
"dominion","dem1njen",58
"dominique","damenik",76
"domino","dameno",205
"dominoes","damenoz",45
"don","dan",321085
"donald","daneld",873
"donate","don8t",203
"donated","don8ted",136
"donating","don8t1N",66
"donation","don8Sen",179
"donations","don8Senz",76
"done","d^n",24737
"dong","daN",176
"donkey","daNki",273
"donna","dane",1136
"donny","dani",371
"donor","don3r",208
"donors","don3rz",59
"donovan","daneven",190
"donut","don^t",72
"donuts","don^ts",148
"doodah","duda",1
"doodle","dudel",107
"doohickey","duh1ki",17
"dooley","duli",166
"doom","dum",286
"doomed","dumd",415
"doomsday","dumzd8",41
"door","dcr",14895
"doorbell","dcrbEl",425
"doorknob","dcrnab",86
"doorman","dcrm@n",162
"doormat","dcrm@t",28
"doors","dcrz",1755
"doorstep","dcrstEp",172
"doorway","dcrw8",164
"dopamine","dopem5n",77
"dope","dop",820
"doped","dopt",44
"dopey","dopi",72
"doppler","dapl3r",42
"dora","dcre",137
"dorian","dcrien",66
"doris","dcr1s",453
"doris","dcres",453
"dork","dcrk",213
"dorky","dcrki",50
"dorm","dcrm",369
"dormant","dcrment",59
"dormitory","dcrmetcri",51
"dorothy","dcreTi",895
"dorothy","dcrTi",895
"dory","dcri",185
"dos","das",85
"dos","duz",85
"dosage","dos1G",102
"dose","dos",270
"doses","dosez",85
"dossier","dasi8",56
"dossier","dosi8",56
"dost","dast",59
"dot","dat",338
"doth","daT",117
"dots","dats",156
"dotted","dat1d",51
"dotted","dated",51
"dotty","dati",57
"double","d^bel",3198
"doubled","d^beld",182
"doubles","d^belz",148
"doubling","d^bl1N",50
"doubt","dOt",3205
"doubted","dOted",150
"doubtful","dOtfel",83
"doubting","dOt1N",65
"doubts","dOts",332
"douche","duS",120
"dough","do",810
"doughnut","don^t",215
"doughnuts","donets",231
"douglas","d^gles",365
"dour","dO3r",8
"dour","dOr",8
"douse","dOs",41
"dove","d^v",284
"dove","dov",284
"dover","dov3r",72
"doves","d^vz",51
"dow","dO",44
"dowd","dOd",125
"down","dOn",76004
"downed","dOnd",54
"downer","dOn3r",42
"downfall","dOnfal",64
"downhill","dOnh1l",126
"download","dOnlod",168
"downloaded","dOnloded",77
"downloading","dOnlod1N",58
"downpour","dOnpcr",3
"downright","dOnr5t",121
"downs","dOnz",92
"downside","dOns5d",66
"downstairs","dOnstErz",1985
"downstream","dOnstrim",64
"downtown","dOntOn",1118
"downward","dOnw3rd",60
"dowry","dOri",75
"doze","doz",20
"dozed","dozd",41
"dozen","d^zen",1231
"dozens","d^zenz",280
"drab","dr@b",41
"draft","dr@ft",371
"drafted","dr@fted",119
"drag","dr@g",1349
"dragged","dr@gd",589
"dragging","dr@g1N",335
"dragon","dr@gen",984
"dragonfly","dr@genfl5",145
"dragons","dr@genz",232
"drags","dr@gz",61
"drain","dr8n",440
"drainage","dr8n1G",46
"drained","dr8nd",111
"drainer","dr8n3r",1
"draining","dr8n1N",69
"drains","dr8nz",78
"drake","dr8k",304
"dram","dr@m",10
"drama","drame",1028
"dramatic","drem@t1k",499
"dramatically","drem@t1keli",47
"drank","dr@Nk",656
"drape","dr8p",53
"drapes","dr8ps",152
"drastic","dr@st1k",128
"drat","dr@t",46
"draught","dr@ft",24
"draw","dra",2061
"drawer","dra3r",663
"drawer","drcr",663
"drawers","dra3rz",218
"drawers","drcrz",218
"drawing","dra1N",817
"drawings","dra1Nz",232
"drawl","dral",4
"drawn","dran",542
"draws","draz",195
"dread","drEd",128
"dreaded","drEded",69
"dreadful","drEdfel",408
"dreadfully","drEdfeli",65
"dream","drim",6798
"dreamed","drimd",784
"dreamer","drim3r",155
"dreamers","drim3rz",48
"dreaming","drim1N",939
"dreams","drimz",3285
"dreamt","drEmt",339
"dreamy","drimi",80
"dreary","dr1ri",92
"dress","drEs",4447
"dressed","drEst",2394
"dresser","drEs3r",182
"dresses","drEsez",497
"dressing","drEs1N",804
"dressy","drEsi",32
"drew","dru",1277
"dribble","dr1bel",68
"dried","dr5d",258
"dries","dr5z",48
"drift","dr1ft",327
"drifted","dr1fted",92
"drifter","dr1ft3r",54
"drifting","dr1ft1N",162
"driftwood","dr1ftwUd",43
"drill","dr1l",701
"drilled","dr1ld",53
"drilling","dr1l1N",117
"drills","dr1lz",71
"drink","dr1Nk",12617
"drinker","dr1Nk3r",95
"drinking","dr1Nk1N",2685
"drinks","dr1Nks",1744
"drip","dr1p",261
"dripping","dr1p1N",172
"drippy","dr1pi",10
"drive","dr5v",7810
"driven","dr1ven",524
"driver","dr5v3r",2416
"drivers","dr5v3rz",340
"drives","dr5vz",728
"driveway","dr5vw8",343
"driving","dr5v1N",3780
"drizzle","dr1zel",22
"drone","dron",144
"drones","dronz",72
"drool","drul",110
"drooling","drul1N",127
"droop","drup",17
"drooping","drup1N",7
"droopy","drupi",26
"drop","drap",6661
"dropout","drapOt",43
"dropped","drapt",2482
"dropping","drap1N",826
"droppings","drap1Nz",40
"drops","draps",525
"dross","dras",4
"drought","drOt",70
"drove","drov",1472
"drown","drOn",540
"drowned","drOnd",391
"drowning","drOn1N",368
"drowns","drOnz",40
"drowsy","drOzi",37
"drug","dr^g",2306
"drugged","dr^gd",187
"drugs","dr^gz",2464
"drugstore","dr^gstcr",219
"drum","dr^m",432
"drummer","dr^m3r",187
"drumming","dr^m1N",57
"drums","dr^mz",367
"drunk","dr^Nk",3904
"drunkard","dr^Nk3rd",62
"drunken","dr^Nken",315
"drunks","dr^Nks",116
"dry","dr5",2184
"dryer","dr53r",231
"drying","dr51N",85
"dual","duel",57
"dual","dul",57
"dub","d^b",55
"dubious","dubies",73
"dublin","d^blen",62
"ducats","d^kets",41
"duchess","d^Ces",228
"duck","d^k",1263
"ducked","d^kt",61
"ducking","d^k1N",72
"duckling","d^kl1N",39
"ducks","d^ks",432
"ducky","d^ki",100
"duct","d^kt",160
"ducts","d^kts",55
"dud","d^d",64
"dude","dud",5071
"dudes","dudz",345
"dudley","d^dli",234
"duds","d^dz",69
"due","du",2275
"duel","duel",120
"duel","dul",120
"dues","duz",104
"duet","duEt",66
"duff","d^f",67
"duffel","d^fel",76
"duffy","d^fi",112
"dug","d^g",455
"dugout","d^gOt",46
"duh","d^",203
"duke","duk",1277
"dukes","duks",102
"dull","d^l",616
"dullness","d^lnes",7
"duly","duli",69
"dum","d^m",174
"duma","dume",41
"dumb","d^m",2395
"dumber","d^m3r",88
"dumbest","d^mest",128
"dumbledore","d^mbeldcr",44
"dumbo","d^mbo",47
"dummies","d^miz",61
"dummy","d^mi",500
"dump","d^mp",1470
"dumped","d^mpt",915
"dumping","d^mp1N",203
"dumpling","d^mpl1N",45
"dumplings","d^mpl1Nz",81
"dumps","d^mps",137
"dumpster","d^mpst3r",203
"dun","d^n",13
"dundee","d^ndi",43
"dune","dun",51
"dunes","dunz",45
"dung","d^N",90
"dungeon","d^nGen",131
"dunk","d^Nk",132
"dunne","d^n",115
"dunno","deno",204
"duo","duo",77
"duped","dupt",40
"duplicate","duplek8t",117
"duplicate","dupleket",117
"duplicated","duplek8ted",42
"duration","dUr8Sen",81
"duress","dUrEs",59
"durham","d3rem",204
"during","d3r1N",3872
"during","djUr1N",3872
"during","dUr1N",3872
"dusk","d^sk",61
"dust","d^st",1216
"dusted","d^sted",62
"dusting","d^st1N",67
"dusty","d^sti",283
"dutch","d^C",761
"dutchman","d^Cmen",83
"duties","dutiz",402
"duty","duti",2599
"dwarf","dwcrf",157
"dwarfs","dwcrfs",55
"dwarves","dwcrvz",57
"dwell","dwEl",142
"dwelling","dwEl1N",68
"dwelt","dwElt",5
"dwight","dw5t",274
"dwindle","dw1ndel",5
"dye","d5",197
"dyed","d5d",73
"dying","d51N",3416
"dyke","d5k",132
"dynamic","d5n@m1k",107
"dynamics","d5n@m1ks",43
"dynamite","d5nem5t",515
"dynasty","d5nesti",130
"dysentery","d1sentEri",46
"dysfunction","d1sf^NkSen",61
"dysfunctional","d1sf^NkSenel",78
"each","iC",12916
"eager","ig3r",350
"eagle","igel",586
"eagles","igelz",190
"ear","1r",1632
"earl","3rl",1042
"earlier","3rli3r",2010
"earliest","3rliest",118
"early","3rli",5510
"earmuff","1rm^f",3
"earmuff","irm^f",3
"earn","3rn",783
"earned","3rnd",646
"earnest","3rn1st",80
"earning","3rn1N",131
"earnings","3rn1Nz",48
"earns","3rnz",49
"earplugs","1rpl^gz",43
"earplugs","irpl^gz",43
"earring","1r1N",138
"earring","ir1N",138
"earrings","1r1Nz",313
"earrings","ir1Nz",313
"ears","1rz",1705
"ears","irz",1705
"earth","3rT",5074
"earthly","3rTli",76
"earthquake","3rTkw8k",325
"earthquakes","3rTkw8ks",68
"earthworm","3rTw3rm",7
"earwax","1rw@ks",9
"earwax","irw@ks",9
"ease","iz",974
"easel","izel",14
"easels","izelz",1
"easement","izment",8
"easier","izi3r",2012
"easiest","iziest",204
"easily","izeli",1151
"east","ist",2527
"easter","ist3r",382
"eastern","ist3rn",414
"eastman","istmen",57
"easy","izi",13551
"eat","it",12846
"eaten","iten",927
"eater","it3r",80
"eating","it1N",3102
"eats","its",645
"eave","iv",5
"eavesdrop","ivzdrap",40
"eavesdropping","ivzdrap1N",53
"ebb","Eb",18
"ebenezer","Ebeniz3r",70
"ebony","Ebeni",44
"eccentric","EksEntr1k",179
"eccentricity","Eksentr1seti",10
"echelon","ESelan",45
"echo","Eko",350
"echoes","Ekoz",66
"echoing","Eko1N",131
"eclectic","1klEkt1k",20
"eclipse","ekl1ps",144
"economic","Ekenam1k",253
"economic","ikenam1k",253
"economics","Ekenam1ks",126
"economics","ikenam1ks",126
"economy","1kanemi",296
"economy","ikanemi",296
"ecstasy","Ekstesi",162
"ecstatic","Ekst@t1k",69
"eczema","Ekseme",9
"ed","Ed",3858
"eddy","Edi",184
"edema","edime",54
"eden","iden",199
"edgar","Edg3r",646
"edge","EG",1199
"edges","EGez",145
"edgy","EGi",116
"edible","Edebel",70
"edison","Ed1sen",122
"edit","Edet",77
"edited","Ed1ted",60
"edith","id1T",189
"editing","Ed1t1N",108
"edition","ed1Sen",249
"editions","ed1Senz",47
"editor","Ed1t3r",633
"editor","Edet3r",633
"editorial","Edetcriel",111
"editors","Edet3rz",79
"educate","EGek8t",104
"educate","EGjuk8t",104
"educated","EGek8t1d",282
"educated","EGjuk8t1d",282
"education","EGek8Sen",996
"education","EGjuk8Sen",996
"educational","EGek8Senel",167
"educational","EGjuk8Senel",167
"educator","EGjuk8t3r",24
"edward","Edw3rd",1051
"edwards","Edw3rdz",238
"eel","il",73
"eels","ilz",61
"eerie","1ri",89
"ef","Ef",1
"effect","1fEkt",1219
"effect","efEkt",1219
"effect","ifEkt",1219
"effective","1fEkt1v",536
"effective","ifEkt1v",536
"effectively","efEkt1vli",116
"effects","1fEkts",649
"effects","ifEkts",649
"effervesce","Ef3rvEs",1
"efficiency","ef1Sensi",139
"efficient","1f1Sent",253
"effort","Ef3rt",987
"efforts","Ef3rts",375
"egg","Eg",1328
"egghead","EghEd",57
"eggnog","Egnag",79
"eggplant","Egpl@nt",56
"eggs","Egz",1971
"eggshell","EgSEl",23
"ego","igo",382
"egos","igoz",46
"egregious","1griGes",17
"egypt","iG1pt",270
"egypt","iGept",270
"egyptian","1G1pSen",203
"egyptians","eG1pSenz",59
"eiffel","5fel",95
"eigen","5gen",1
"eight","8t",5010
"eighteen","8tin",310
"eighth","8T",350
"eights","8ts",61
"eighty","8ti",129
"einstein","5nst5n",269
"eisenhower","5zenhO3r",145
"either","5D3r",9308
"either","iD3r",9308
"eject","iGEkt",72
"el","El",1
"elaborate","1l@b3r8t",242
"elaborate","1l@b3ret",242
"elaine","1l8n",712
"elaine","el8n",712
"elaine","il8n",712
"elastic","el@stek",53
"elastic","il@stek",53
"elbow","Elbo",313
"elbows","Elboz",125
"elder","Eld3r",359
"elderly","Eld3rli",209
"elders","Eld3rz",276
"eldest","Eldest",77
"eleanor","Elen3r",353
"eleanor","Elencr",353
"elect","1lEkt",72
"elect","ilEkt",72
"elected","1lEkt1d",370
"elected","1lEkted",370
"election","1lEkSen",560
"elections","1lEkSenz",123
"elective","1lEkt1v",52
"electra","1lEktre",60
"electric","1lEktr1k",874
"electrical","1lEktr1kel",440
"electrician","1lEktr1Sen",76
"electricity","1lEktr1seti",584
"electrocuted","1lEktrekjuted",66
"electrocuted","ilEktrekjuted",66
"electrocution","1lEktrekjuSen",50
"electrocution","ilEktrekjuSen",50
"electromagnetic","1lEktrom@gnEtek",96
"electromagnetic","ilEktrom@gnEtek",96
"electronic","1lEktran1k",350
"electronics","1lEktraneks",139
"electronics","ilEktraneks",139
"electrons","1lEktranz",77
"electrons","ilEktranz",77
"elegance","Elegens",65
"elegant","Elegent",320
"element","El1ment",338
"elementary","ElemEnt3ri",242
"elements","Elements",352
"elephant","Elefent",580
"elephants","Elefents",223
"elevate","Elev8t",43
"elevated","Elev8ted",127
"elevation","Elev8Sen",47
"elevator","Elev8t3r",1245
"elevators","Elev8t3rz",164
"eleven","1lEven",662
"eleven","ilEven",662
"elf","Elf",193
"eli","il5",435
"eligible","EleGebel",169
"elijah","El5Ge",96
"elijah","il5Ge",96
"eliminate","1l1men8t",305
"eliminated","1l1men8ted",166
"eliminated","il1men8ted",166
"eliminating","1l1men8t1N",46
"eliminating","il1men8t1N",46
"elimination","1l1men8Sen",66
"elimination","il1men8Sen",66
"elite","1lit",151
"elixir","1l1ks3r",46
"elizabeth","1l1zeb1T",1160
"elizabeth","1l1zebeT",1160
"elk","Elk",306
"ell","El",93
"elle","El",165
"ellen","Elen",1229
"elm","Elm",73
"elmer","Elm3r",134
"elope","1lop",67
"eloping","ilop1N",41
"eloquent","Elekwent",49
"else","Els",22907
"elsewhere","ElswEr",315
"elusive","1lusev",72
"elusive","ilusev",72
"elves","Elvz",178
"elvis","Elv1s",537
"em","Em",1
"email","im8l",106
"embalming","1mbalm1N",40
"embalming","1mbalm1N",40
"embalming","1mbam1N",40
"embark","1mbark",64
"embark","Embark",64
"embarrass","1mbEres",450
"embarrassed","1mbErest",1093
"embarrassing","1mbEres1N",1165
"embarrassment","1mbEresment",247
"embassy","Embesi",397
"embedded","1mbEded",88
"embedded","EmbEded",88
"embezzlement","1mbEzelment",48
"embezzlement","EmbEzelment",48
"emboss","Embas",1
"embrace","1mbr8s",386
"embrace","Embr8s",386
"embraced","1mbr8st",67
"embraced","Embr8st",67
"embracing","1mbr8s1N",41
"embracing","Embr8s1N",41
"embroidery","Embr2d3ri",25
"emerald","Em3reld",131
"emerald","Emreld",131
"emerge","1m3rG",88
"emerged","1m3rGd",75
"emergencies","1m3rGensiz",106
"emergencies","em3rGensiz",106
"emergency","1m3rGensi",2776
"emergency","im3rGensi",2776
"emerging","1m3rG1N",62
"emerson","Em3rsen",113
"emery","Em3ri",97
"emily","Em1li",1889
"eminence","Emenens",96
"eminent","Emenent",84
"emissary","EmesEri",51
"emma","Eme",801
"emmy","Emi",187
"emory","Em3ri",101
"emotion","1moSen",423
"emotion","imoSen",423
"emotional","EmoSenel",1081
"emotional","imoSenel",1081
"emotionally","1moSeneli",354
"emotionally","imoSeneli",354
"emotions","1moSenz",558
"empathy","EmpeTi",58
"emperor","Emp3r3r",690
"emphasis","Emfes1s",65
"emphasize","Emfes5z",56
"emphysema","Emfezime",28
"empire","Emp5r",646
"employ","1mpl2",171
"employ","Empl2",171
"employed","1mpl2d",209
"employed","Empl2d",209
"employee","1mpl2i",590
"employee","Empl2i",590
"employees","1mpl2iz",610
"employees","Empl2iz",610
"employer","1mpl23r",274
"employer","Empl23r",274
"employers","1mpl23rz",51
"employers","Empl23rz",51
"employment","1mpl2ment",272
"employment","Empl2ment",272
"emporium","Empcriem",44
"empress","EmprEs",147
"emptied","Emptid",95
"emptiness","Emptines",92
"empty","Empti",2409
"emulsion","1m^lSen",8
"en","En",1
"enable","En8bel",75
"encephalitis","EnsEfel5tes",11
"enchant","EnC@nt",19
"enchanted","EnC@nt1d",141
"enchanting","1nC@nt1N",104
"enchanting","EnC@nt1N",104
"enclosed","1nklozd",75
"enclosed","Enklozd",75
"encoded","1nkoded",43
"encoded","Enkoded",43
"encore","aNkcr",126
"encounter","1nkOnt3r",284
"encountered","1nkOnt3rd",153
"encountered","enkOnt3rd",153
"encounters","1nkOnt3rz",84
"encounters","enkOnt3rz",84
"encourage","1nk3r1G",308
"encouraged","1nk3r1Gd",168
"encouraged","Enk3r1Gd",168
"encouragement","1nk3r1Gment",112
"encouraging","1nk3r1G1N",165
"encroach","EnkroC",3
"encrypted","1nkr1pted",86
"encryption","1nkr1pSen",83
"encyclopedia","1ns5klepidie",81
"encyclopedia","1ns5klopidie",81
"end","End",13559
"endanger","1nd8nG3r",85
"endanger","End8nG3r",85
"endangered","1nd8nG3rd",128
"endangered","End8nG3rd",128
"endangering","1nd8nG3r1N",65
"endangering","End8nG3r1N",65
"endearing","End1r1N",44
"endearing","Endir1N",44
"endeavor","EndEv3r",76
"ended","End1d",1511
"ended","Ended",1511
"ending","End1N",812
"endings","End1Nz",106
"endless","Endles",338
"endlessly","Endlesli",71
"endorse","1ndcrs",88
"endorse","Endcrs",88
"endorsement","1ndcrsment",71
"endorsement","Endcrsment",71
"ends","Endz",1563
"endurance","1nd3rens",68
"endurance","End3rens",68
"endure","1ndUr",225
"endure","EndjUr",225
"endured","1ndjUrd",74
"endured","1ndUrd",74
"endured","EndjUrd",74
"enduring","1ndjUr1N",48
"enduring","1ndUr1N",48
"enduring","EndjUr1N",48
"enema","Eneme",72
"enemies","Enemiz",985
"enemy","Enemi",2474
"energetic","En3rGEt1k",66
"energies","En3rGiz",55
"energy","En3rGi",1678
"enforce","1nfcrs",86
"enforced","1nfcrst",42
"enforcement","Enfcrsment",339
"engage","1ng8G",314
"engaged","1ng8Gd",1327
"engagement","Eng8Gment",666
"engagements","1ng8Gments",51
"engaging","1ng8G1N",98
"engine","EnGen",1626
"engineer","EnGen1r",596
"engineered","EnG1nird",83
"engineering","EnG1n1r1N",333
"engineers","EnGen1rz",207
"engines","EnGenz",543
"england","1Nglend",1796
"engle","ENgel",63
"english","1Ngl1S",3777
"english","1Nl1S",3777
"englishman","1Ngl1Smen",119
"engraved","1ngr8vd",85
"enhance","1nh@ns",125
"enhance","Enh@ns",125
"enhanced","1nh@nst",49
"enhanced","Enh@nst",49
"enigma","en1gme",47
"enjoy","EnG2",4222
"enjoyable","1nG2ebel",99
"enjoyable","EnG2ebel",99
"enjoyed","EnG2d",926
"enjoying","EnG21N",868
"enjoyment","1nG2ment",69
"enjoyment","EnG2ment",69
"enjoys","1nG2z",150
"enjoys","EnG2z",150
"enlarge","1nlarG",45
"enlarge","EnlarG",45
"enlarged","1nlarGd",54
"enlarged","EnlarGd",54
"enlighten","1nl5ten",108
"enlighten","Enl5ten",108
"enlightened","1nl5tend",87
"enlightened","Enl5tend",87
"enlightenment","1nl5tenment",74
"enlightenment","Enl5tenment",74
"enlist","1nl1st",80
"enlist","Enl1st",80
"enlisted","Enl1st1d",174
"enormous","1ncrmes",526
"enormously","encrmesli",50
"enormously","incrmesli",50
"enough","1n^f",25568
"enroll","Enrol",34
"enrolled","1nrold",57
"enrolled","Enrold",57
"ensemble","ansambel",57
"ensign","Ensen",181
"enslaved","1nsl8vd",41
"enslaved","Ensl8vd",41
"ensure","1nSUr",253
"ensure","EnSUr",253
"enter","Ent3r",1516
"entered","Ent3rd",747
"entering","Ent3r1N",588
"enterprise","Ent3rpr5z",413
"enterprises","Ent3rpr5zez",110
"enters","Ent3rz",194
"entertain","Ent3rt8n",313
"entertained","Ent3rt8nd",117
"entertainer","Ent3rt8n3r",84
"entertaining","Ent3rt8n1N",288
"entertainment","Ent3rt8nment",640
"enthusiasm","1nTuzi@zm",229
"enthusiastic","enTuzi@st1k",142
"entire","1nt5r",4070
"entirely","1nt5rli",1026
"entitled","Ent5teld",586
"entity","Enteti",86
"entomologist","EntemaleGest",19
"entourage","ant3raZ",69
"entourage","antUraZ",69
"entrails","Entr8lz",45
"entrance","Entrens",800
"entrances","Entrensez",58
"entrapment","1ntr@pment",43
"entree","antr8",42
"entrepreneur","antrepren3r",55
"entrepreneur","antreprenUr",55
"entries","Entriz",60
"entrusted","1ntr^sted",86
"entry","Entri",620
"envelope","EnvElep",513
"envelope","Envelop",513
"envelopes","anvelops",73
"envelopes","Envelops",73
"envied","Envid",51
"envious","Envies",64
"environment","1nv5renment",652
"environmental","1nv5renmEntel",167
"envoy","Env2",44
"envy","Envi",487
"enzyme","Enz5m",54
"enzymes","Enz5mz",47
"eons","ianz",44
"epi","Epi",135
"epic","Ep1k",120
"epidemic","Ep1dEm1k",174
"epidemic","EpedEm1k",174
"epigrammatic","Epegrem@t1k",1
"epilepsy","EpelEpsi",53
"epileptic","EpelEpt1k",61
"epinephrine","Ep1nEfr1n",59
"epiphany","1p1feni",66
"episode","Ep1sod",627
"episodes","Epesodz",105
"epitome","1p1temi",22
"equal","ikwel",682
"equality","1kwaleti",97
"equality","ikwaleti",97
"equally","ikweli",274
"equals","ikwelz",234
"equation","1kw8Zen",178
"equations","1kw8Zenz",50
"equator","ekw8t3r",31
"equilibrium","ikwel1briem",46
"equipment","1kw1pment",1298
"equipped","1kw1pt",217
"equity","Ekweti",67
"equivalent","1kw1velent",134
"era","1re",291
"era","Ere",291
"erase","1r8s",317
"erase","ir8s",317
"erased","1r8st",199
"erased","ir8st",199
"eraser","1r8s3r",51
"eraser","ir8s3r",51
"ere","Er",120
"erect","1rEkt",60
"erection","1rEkSen",111
"erection","erEkSen",111
"ergo","3rgo",43
"eric","Er1k",2080
"erica","Er1ke",273
"erika","Er1ke",85
"erin","Er1n",360
"ermine","3rmen",35
"ernest","3rn1st",238
"ernest","3rnest",238
"erotic","1rat1k",200
"err","3r",77
"err","Er",77
"errand","Erend",204
"errands","Erendz",195
"erratic","1r@tek",85
"error","Er3r",473
"errors","Er3rz",87
"erupt","1r^pt",20
"erupt","ir^pt",20
"eruption","1r^pSen",20
"eruption","ir^pSen",20
"escalated","Eskel8ted",40
"escalator","Eskel8t3r",66
"escape","1sk8p",2258
"escaped","1sk8pt",991
"escapes","1sk8ps",131
"escaping","1sk8p1N",162
"eschew","ESu",1
"eschewed","ESud",1
"eschews","ESuz",2
"escort","Eskcrt",749
"escorted","Eskcrted",83
"escorting","Eskcrt1N",48
"escorts","Eskcrts",64
"escrow","Eskro",79
"eskimo","Eskemo",84
"eskimos","Esk1moz",41
"especially","espESeli",3428
"espionage","EspienaG",87
"espresso","EsprEso",105
"esquire","Eskw5r",50
"ess","Es",1
"essay","Es8",313
"essays","Es8z",55
"essence","Esens",287
"essential","1sEnSel",247
"essential","isEnSel",247
"essentially","1sEnSeli",166
"establish","est@bl1S",323
"established","1st@bl1St",415
"establishing","1st@bl1S1N",73
"establishment","1st@bl1Sment",210
"estate","Est8t",1076
"estates","1st8ts",68
"esteem","Estim",86
"esteemed","1stimd",75
"esther","Est3r",187
"estimate","Estem8t",243
"estimated","Estem8ted",142
"estimates","Estem8ts",90
"estimates","Estemets",90
"et","Et",647
"eta","8te",139
"etcetera","EtsEt3re",62
"etch","EC",647
"eternal","it3rnel",547
"eternally","1t3rneli",94
"eternity","1t3rneti",407
"eternity","it3rneti",407
"ethel","ETel",251
"ether","iT3r",108
"ethic","ET1k",53
"ethical","ET1kel",139
"ethics","ET1ks",273
"ethnic","ETn1k",91
"etiquette","Eteket",96
"eucalyptus","jukel1ptes",25
"eugene","juGin",353
"eulogy","juleGi",84
"eunuch","junek",65
"euphemism","jufem1zm",46
"eureka","jUrike",75
"euro","jUro",31
"europa","jUrope",35
"europe","jUrep",1368
"european","jUrepien",360
"europeans","jUrepienz",46
"evacuate","1v@kju8t",286
"evacuate","iv@kju8t",286
"evacuated","1v@kju8ted",107
"evacuated","iv@kju8ted",107
"evacuating","1v@kju8t1N",60
"evacuating","iv@kju8t1N",60
"evacuation","1v@kju8Sen",169
"evacuation","iv@kju8Sen",169
"evade","1v8d",45
"evaluate","iv@lju8t",88
"evaluation","1v@lju8Sen",225
"evaluation","iv@lju8Sen",225
"evans","Evenz",438
"evasion","1v8Zen",59
"evasive","1v8s1v",92
"eve","iv",1437
"even","iven",44672
"evening","ivn1N",6155
"evenings","ivn1Nz",132
"evens","ivenz",27
"event","evEnt",1345
"events","1vEnts",860
"events","ivEnts",860
"eventually","1vEnSeli",1246
"eventually","ivEnSeli",1246
"ever","Ev3r",36170
"everest","Ev3rest",65
"everest","Evrest",65
"everlasting","Ev3rl@st1N",130
"every","Ev3ri",28007
"every","Evri",28007
"everybody","Ev3ribedi",17555
"everybody","Evribedi",17555
"everyday","Evrid8",555
"everyone","Ev3riw^n",12324
"everyone","Evriw^n",12324
"everything","Ev3riT1N",33399
"everything","EvriT1N",33399
"everywhere","Ev3riwEr",2641
"everywhere","EvriwEr",2641
"evicted","1v1kted",72
"eviction","1v1kSen",43
"evidence","Evedens",4335
"evident","Evedent",68
"evidently","EvedEntli",298
"evil","ivel",3731
"evils","ivelz",72
"evolution","EveluSen",272
"evolution","ivoluSen",272
"evolutionary","EveluSenEri",60
"evolutionary","iveluSenEri",60
"evolve","1valv",83
"evolve","ivalv",83
"evolved","1valvd",161
"evolved","ivalvd",161
"evolving","1valv1N",58
"evolving","ivalv1N",58
"ewe","ju",16
"ewing","ju1N",612
"ex","Eks",640
"exacerbate","1gz@s3rb8t",7
"exact","1gz@kt",1154
"exactly","1gz@ktli",12607
"exaggerate","1gz@G3r8t",99
"exaggerated","1gz@G3r8ted",64
"exaggerated","1gz@Ger8ted",64
"exaggerating","1gz@G3r8t1N",109
"exaggerating","1gz@Ger8t1N",109
"exaggeration","1gz@G3r8Sen",47
"exaggeration","1gz@Ger8Sen",47
"exam","1gz@m",684
"examination","1gz@men8Sen",281
"examine","1gz@m1n",504
"examined","1gz@mend",275
"examiner","1gz@men3r",130
"examining","1gz@men1N",96
"example","Egz@mpel",1527
"examples","1gz@mpelz",97
"exams","1gz@mz",145
"excalibur","Eksk@leb3r",78
"exceed","1ksid",64
"exceeded","1ksided",63
"exceedingly","1ksid1Nli",49
"excellence","Ekselens",134
"excellency","EkselEnsi",509
"excellent","Ekselent",2688
"except","1ksEpt",5696
"exception","1ksEpSen",409
"exceptional","1ksEpSenel",149
"exceptionally","1ksEpSeneli",77
"exceptions","1ksEpSenz",146
"excess","EkssEs",156
"excessive","EksEsev",124
"exchange","1ksC8nG",1031
"exchanged","1ksC8nGd",107
"exchanging","1ksC8nG1N",57
"excite","1ks5t",109
"excited","1ks5t1d",2479
"excited","1ks5ted",2479
"excitement","1ks5tment",628
"excites","1ks5ts",60
"exciting","1ks5t1N",1776
"exclamation","Eksklem8Sen",28
"exclude","1ksklud",51
"excluded","1kskluded",59
"exclusive","1ksklus1v",398
"exclusively","1ksklus1vli",92
"excrement","Ekskrement",62
"excruciating","1kskruSi8t1N",67
"excuse","1kskjus",18773
"excused","1kskjuzd",202
"excuses","1kskjusez",441
"excuses","1kskjuzez",441
"exec","1gzEk",55
"exec","EgzEk",55
"execute","Eksekjut",283
"executed","Eksekjut1d",381
"execution","EksekjuSen",497
"executioner","EksekjuSen3r",69
"executions","EksekjuSenz",57
"executive","1gzEkjet1v",541
"executives","1gzEkjet1vz",128
"exemplary","1gzEmpl3ri",44
"exercise","Eks3rs5z",904
"exercised","Eks3rs5zd",48
"exercises","Eks3rs5zez",175
"exercising","Eks3rs5z1N",84
"exhale","Eksh8l",85
"exhales","Eksh8lz",62
"exhaust","1gzast",109
"exhausted","1gzast1d",655
"exhausting","1gzast1N",111
"exhaustion","1gzasCen",82
"exhibit","1gz1b1t",388
"exhibited","1gz1b1ted",42
"exhibition","Ekseb1Sen",207
"exhibits","1gz1b1ts",65
"exhilarate","1gz1l3r8t",2
"exhilarating","1gz1l3r8t1N",57
"exile","Egz5l",95
"exile","Eks5l",95
"exiled","Egz5ld",49
"exiled","Eks5ld",49
"exist","1gz1st",1477
"existed","1gz1sted",406
"existence","1gz1stens",596
"existence","Egz1stens",596
"existing","1gz1st1N",98
"exists","1gz1sts",575
"exit","Egz1t",794
"exiting","Egz1t1N",48
"exits","Egz1ts",186
"exits","Eksets",186
"exodus","Eksedes",40
"exorcism","Eks3rs1zm",95
"exorcist","Eks3rs1st",50
"exotic","1gzat1k",306
"expand","1ksp@nd",178
"expanded","1ksp@nded",55
"expanding","1ksp@nd1N",100
"expansion","Eksp@nSen",88
"expect","EkspEkt",5299
"expectation","EkspEkt8Sen",67
"expectations","EkspEkt8Senz",268
"expected","1kspEkt1d",1696
"expected","1kspEkted",1696
"expecting","1kspEkt1N",1846
"expects","1kspEkts",240
"expedition","Eksped1Sen",289
"expel","1kspEl",70
"expelled","1kspEld",230
"expendable","1kspEndebel",77
"expense","1kspEns",380
"expenses","1kspEnsez",393
"expensive","1kspEns1v",1425
"experience","1ksp1riens",3088
"experienced","1ksp1rienst",510
"experiences","1ksp1riensez",358
"experiencing","1ksp1riens1N",221
"experiment","1kspErement",826
"experimental","1kspEr1mEntel",199
"experimenting","1kspEremEnt1N",110
"experimenting","EkspEremEnt1N",110
"expert","Eksp3rt",1128
"expertise","Eksp3rtiz",203
"experts","Eksp3rts",346
"expiration","Eksp3r8Sen",52
"expire","1ksp5r",46
"expired","1ksp5rd",128
"expires","1ksp5rz",56
"explain","Ekspl8n",5670
"explained","1kspl8nd",598
"explaining","1kspl8n1N",352
"explains","1kspl8nz",461
"explanation","Eksplen8Sen",1023
"explanations","Eksplen8Senz",88
"explicit","1kspl1s1t",71
"explode","1ksplod",499
"exploded","1ksplod1d",198
"exploded","1ksploded",198
"explodes","1ksplodz",126
"exploding","1ksplod1N",132
"exploit","1kspl2t",125
"exploit","Ekspl2t",125
"exploitation","Ekspl2t8Sen",51
"exploited","Ekspl2ted",85
"exploiting","Ekspl2t1N",62
"exploits","Ekspl2ts",48
"exploration","Ekspler8Sen",96
"explore","1ksplcr",317
"explored","1ksplcrd",65
"explorer","1ksplcr3r",97
"explorers","1ksplcr3rz",59
"exploring","1ksplcr1N",139
"explosion","1ksploZen",841
"explosions","1ksploZenz",154
"explosive","1ksplos1v",271
"explosives","1ksplos1vz",331
"export","Ekspcrt",65
"expose","1kspoz",360
"exposed","1kspozd",538
"exposing","1kspoz1N",94
"exposure","1kspoZ3r",291
"express","1ksprEs",914
"expressed","1ksprEst",166
"expresses","1ksprEsez",41
"expressing","1ksprEs1N",129
"expression","1ksprESen",651
"expressions","1ksprESenz",51
"expressly","1ksprEsli",57
"expressly","EksprEsli",57
"expressway","1ksprEsw8",49
"expulsion","1ksp^lSen",41
"exquisite","Ekskwezet",213
"extend","1kstEnd",327
"extended","1kstEnd1d",213
"extended","1kstEnded",213
"extending","1kstEnd1N",54
"extends","1kstEndz",49
"extension","1kstEnSen",275
"extensive","1kstEns1v",189
"extent","1kstEnt",207
"exterior","1kst1ri3r",121
"exterminate","1kst3rmen8t",57
"extermination","1kst3rmen8Sen",52
"exterminator","1kst3rmen8t3r",102
"external","1kst3rnel",126
"extinct","1kst1Nkt",128
"extinction","1kst1NkSen",76
"extinguish","1kst1Ngw1S",43
"extinguisher","1kst1Ngw1S3r",78
"extortion","EkstcrSen",131
"extra","Ekstre",3017
"extract","1kstr@kt",150
"extract","Ekstr@kt",150
"extracted","1kstr@kted",56
"extraction","1kstr@kSen",126
"extracurricular","Ekstrek3r1kjel3r",74
"extradition","Ekstred1Sen",66
"extraordinarily","EkstrcrdenEreli",58
"extraordinary","1kstrcrdenEri",771
"extraordinary","EkstrecrdenEri",771
"extras","Ekstrez",105
"extraterrestrial","Ekstret3rEstriel",102
"extravagant","Ekstr@vegent",74
"extreme","1kstrim",558
"extremely","1kstrimli",1210
"eye","5",5701
"eyeball","5bal",94
"eyeballs","5balz",149
"eyebrow","5brO",71
"eyebrows","5brOz",168
"eyedrop","5drap",3
"eyedropper","5drap3r",7
"eyeglass","5gl@s",3
"eyeglasses","5gl@sez",34
"eyeing","51N",41
"eyelash","5l@S",44
"eyelashes","5l@Sez",62
"eyelid","5l1d",17
"eyelids","5l1dz",82
"eyeliner","5l5n3r",52
"eyes","5z",11299
"eyesight","5s5t",99
"eyesore","5scr",18
"eyewitness","5w1tnes",202
"eyewitnesses","5w1tnesez",58
"ezekiel","EzEkiel",43
"ezra","Ezre",166
"fabian","f8bien",147
"fabric","f@br1k",245
"fabrication","f@brek8Sen",43
"fabulous","f@bjeles",1046
"facade","fesad",42
"face","f8s",14747
"faced","f8st",320
"facedown","f8sdOn",18
"faces","f8sez",1363
"facetious","fesiSes",6
"facial","f8Sel",293
"facilitate","fes1let8t",50
"facilities","fes1l1tiz",232
"facilities","fes1letiz",232
"facility","fes1l1ti",723
"facing","f8s1N",548
"fact","f@kt",8801
"faction","f@kSen",58
"factor","f@kt3r",370
"factories","f@kt3riz",119
"factors","f@kt3rz",110
"factory","f@kt3ri",857
"facts","f@kts",1393
"faculty","f@kelti",248
"fad","f@d",39
"fade","f8d",286
"faded","f8ded",153
"fades","f8dz",98
"fading","f8d1N",125
"fag","f@g",275
"faggot","f@get",350
"faggots","f@gets",72
"fags","f@gz",78
"fahrenheit","fErenh5t",38
"fail","f8l",1254
"failed","f8ld",1467
"failing","f8l1N",275
"fails","f8lz",261
"failure","f8lj3r",1021
"failures","f8lj3rz",75
"faint","f8nt",473
"fainted","f8nt1d",222
"faintest","f8ntest",68
"fainting","f8nt1N",64
"fair","fEr",4832
"fairbanks","fErb1Nks",74
"fairest","fErest",44
"fairground","fErgrOnd",10
"fairies","fEriz",134
"fairly","fErli",468
"fairness","fErnes",104
"fairy","fEri",851
"fairytale","fErit8l",175
"faith","f8T",2363
"faithful","f8Tfel",465
"faithfully","f8Tfeli",77
"fake","f8k",1853
"faked","f8kt",177
"faker","f8k3r",88
"fakes","f8ks",79
"faking","f8k1N",230
"falcon","f@lken",169
"falk","falk",1
"fall","fal",6044
"fallen","falen",863
"falling","fal1N",1837
"fallout","falOt",111
"fallow","f@lo",41
"falls","falz",1301
"false","fals",1078
"falsely","falsli",67
"fame","f8m",441
"famed","f8md",42
"familiar","fem1lj3r",1760
"families","f@meliz",1139
"family","f@meli",18067
"famine","f@m1n",81
"famished","f@m1St",73
"famous","f8mes",2296
"fan","f@n",1792
"fanatic","fen@t1k",84
"fanatics","fen@t1ks",48
"fancied","f@nsid",50
"fancies","f@nsiz",56
"fancy","f@nsi",1777
"fanfare","f@nfEr",57
"fang","f@N",98
"fangs","f@Nz",91
"fanny","f@ni",262
"fans","f@nz",711
"fantasies","f@ntesiz",255
"fantasize","f@ntes5z",89
"fantasizing","f@ntes5z1N",41
"fantastic","f@nt@st1k",2029
"fantasy","f@ntesi",828
"far","far",11259
"faraday","f@red8",65
"faraday","fEred8",65
"faraway","farew8",93
"farce","fars",89
"fare","fEr",314
"farewell","fErwEl",482
"farley","farli",79
"farm","farm",1532
"farmer","farm3r",604
"farmers","farm3rz",230
"farmhouse","farmhOs",67
"farming","farm1N",82
"farms","farmz",145
"farmyard","farmjard",10
"farrow","fEro",90
"fart","fart",328
"farted","farted",66
"farther","farD3r",287
"farthest","farDest",42
"farting","fart1N",59
"farts","farts",74
"fascinated","f@sen8t1d",178
"fascinated","f@sen8ted",178
"fascinating","f@sen8t1N",769
"fascination","f@sen8Sen",90
"fascism","f@S1zm",39
"fascist","f@S1st",125
"fashion","f@Sen",957
"fashionable","f@Senebel",98
"fashioned","f@Send",71
"fashions","f@Senz",44
"fast","f@st",7010
"fastball","f@stbal",59
"fasten","f@sen",190
"fastened","f@send",62
"faster","f@st3r",2233
"fastest","f@stest",298
"fat","f@t",4051
"fatal","f8tel",362
"fatality","fet@leti",46
"fate","f8t",1375
"fateful","f8tfel",51
"fates","f8ts",59
"father","faD3r",28279
"fathers","faD3rz",482
"fathom","f@Dem",53
"fatigue","fetig",93
"fats","f@ts",48
"fatso","f@tso",161
"fatten","f@ten",23
"fatter","f@t3r",72
"fatty","f@ti",260
"faucet","faset",73
"fault","falt",5310
"faults","falts",106
"faulty","falti",83
"faux","fo",41
"favor","f8v3r",3609
"favorable","f8v3rebel",55
"favored","f8v3rd",49
"favorite","f8v3r1t",3032
"favorites","f8v3r1ts",200
"favorites","f8v3rets",200
"favors","f8v3rz",380
"favour","f8v3r",948
"favourite","f8v3r1t",745
"favours","f8v3rz",96
"fawn","fan",36
"fax","f@ks",357
"faxed","f@kst",65
"fay","f8",263
"faze","f8z",22
"fear","f1r",3523
"feared","f1rd",289
"fearful","f1rfel",110
"fearing","f1r1N",44
"fearless","f1rles",152
"fears","f1rz",467
"feasible","fizebel",31
"feast","fist",342
"feat","fit",78
"feather","fED3r",338
"feathers","fED3rz",291
"feature","fiC3r",298
"featured","fiC3rd",63
"features","fiC3rz",244
"featuring","fiC3r1N",83
"february","fEbruEri",280
"feck","fEk",42
"fed","fEd",810
"federal","fEd3rel",1173
"federation","fEd3r8Sen",197
"feds","fEdz",359
"fee","fi",494
"feeble","fibel",86
"feed","fid",2162
"feedback","fidb@k",140
"feeder","fid3r",35
"feeding","fid1N",599
"feeds","fidz",193
"feel","fil",31989
"feeling","fil1N",8577
"feelings","fil1Nz",2938
"feels","filz",3569
"fees","fiz",144
"feet","fit",6157
"feigning","f8n1N",9
"feint","f8nt",23
"feisty","f5sti",71
"felicity","f1l1seti",857
"feline","fil5n",46
"felix","fil1ks",423
"fell","fEl",3723
"fella","fEle",1705
"fellas","fElez",1973
"feller","fEl3r",87
"fellow","fElo",2987
"fellows","fEloz",676
"fellowship","fEloS1p",150
"felon","fElen",128
"felons","fElenz",64
"felony","fEleni",285
"felt","fElt",6111
"female","fim8l",1612
"females","fim8lz",173
"feminine","fEmen1n",233
"feminist","fEmen1st",93
"femme","fEm",63
"femoral","fEm3rel",54
"femur","fim3r",58
"fen","fEn",18
"fence","fEns",819
"fences","fEnsez",120
"fencing","fEns1N",70
"fend","fEnd",47
"fender","fEnd3r",130
"fern","f3rn",163
"ferocious","f3roSes",79
"ferret","fEret",83
"ferris","fEr1s",209
"ferry","fEri",273
"fertile","f3rt5l",80
"fertile","f3rtel",80
"fertility","f3rt1l1ti",97
"fertilizer","f3rtel5z3r",100
"fest","fEst",69
"fester","fEst3r",137
"festival","fEst1vel",505
"festival","fEstevel",505
"festive","fEst1v",98
"festivities","fEst1v1tiz",71
"fetal","fitel",59
"fetch","fEC",559
"fetching","fEC1N",66
"fete","fEt",16
"fetish","fEt1S",117
"fetus","fites",82
"feud","fjud",66
"fever","fiv3r",1017
"few","fju",15393
"fewer","fju3r",152
"fez","fEz",196
"fi","f5",75
"fiance","fians8",201
"fiancee","fians8",154
"fiasco","fi@sko",83
"fib","f1b",65
"fibber","f1b3r",8
"fiber","f5b3r",156
"fibers","f5b3rz",111
"fiche","fiS",1
"fickle","f1kel",60
"fiction","f1kSen",310
"fictional","f1kSenel",71
"fiddle","f1del",185
"fiddler","f1dl3r",45
"fiddling","f1dl1N",43
"fide","f5d",56
"fidelity","f1dEleti",101
"fidgety","f1Geti",18
"field","fild",3580
"fielding","fild1N",108
"fields","fildz",609
"fiend","find",143
"fierce","f1rs",244
"fiercely","f1rsli",48
"fiery","f5ri",103
"fiesta","fiEste",64
"fife","f5f",53
"fifteen","f1ftin",895
"fifth","f1fT",979
"fifty","f1fti",960
"fig","f1g",62
"fight","f5t",10255
"fighter","f5t3r",652
"fighters","f5t3rz",362
"fighting","f5t1N",3611
"fights","f5ts",614
"figment","f1gment",55
"figure","f1gj3r",6598
"figured","f1gj3rd",3893
"figures","figj3rz",949
"figuring","f1gj3r1N",318
"fiji","fiGi",75
"file","f5l",2246
"filed","f5ld",449
"files","f5lz",1358
"filet","f1l8",48
"filibuster","f1leb^st3r",11
"filing","f5l1N",232
"filipino","f1lepino",59
"fill","f1l",2241
"filled","f1ld",1386
"filling","f1l1N",494
"fills","f1lz",133
"filly","f1li",60
"film","f1lm",3328
"filmed","f1lmd",121
"filming","f1lm1N",198
"filmmaker","f1lm8k3r",104
"films","f1lmz",750
"filter","f1lt3r",162
"filters","f1lt3rz",48
"filth","f1lT",231
"filthiness","f1lTines",9
"filthy","f1lTi",838
"fin","f1n",174
"final","f5nel",2533
"finale","f1n@li",125
"finale","fen@li",125
"finalists","f5nel1sts",57
"finally","f5neli",5989
"finals","f5nelz",340
"finance","f1n@ns",273
"finance","f5n@ns",273
"finance","fen@ns",273
"financed","f1n@nst",49
"financed","f5n@nst",49
"finances","f1n@nsez",79
"finances","f5n@nsez",79
"financial","f1n@nSel",777
"financial","f5n@nSel",777
"financial","fen@nSel",777
"financially","f1n@nSeli",139
"financially","f5n@nSeli",139
"financing","f1n@ns1N",85
"financing","f5n@ns1N",85
"finch","f1nC",205
"find","f5nd",42379
"finder","f5nd3r",85
"finding","f5nd1N",1935
"findings","f5nd1Nz",137
"finds","f5ndz",1492
"fine","f5n",30502
"fined","f5nd",43
"finely","f5nli",45
"finer","f5n3r",132
"finesse","f1nEs",71
"finest","f5nest",840
"finger","f1Ng3r",1870
"fingernail","f1Ng3rn8l",68
"fingernails","f1Ng3rn8lz",210
"fingerprint","f1Ng3rpr1nt",163
"fingerprints","f1Ng3rpr1nts",586
"fingers","f1Ng3rz",1696
"fingertip","f1Ng3rt1p",10
"fingertips","f1Ng3rt1ps",84
"finish","f1n1S",5045
"finished","f1n1St",4269
"finishes","f1n1Sez",182
"finishing","f1n1S1N",403
"fink","f1Nk",206
"finland","f1nlend",45
"finn","f1n",251
"fins","f1nz",60
"fir","f3r",22
"fire","f5r",10990
"firearm","f5rarm",76
"firearms","f5rarmz",155
"fireball","f5rbal",76
"firecracker","f5rkr@k3r",54
"fired","f5rd",3159
"firefighter","f5rf5t3r",52
"firefighters","f5rf5t3rz",43
"fireflies","f5rfl5z",52
"firefly","f5rfl5",28
"firehouse","f5rhOs",62
"fireman","f5rmen",149
"firemen","f5rmen",109
"fireplace","f5rpl8s",259
"firepower","f5rpO3r",98
"fires","f5rz",498
"firewall","f5rwal",55
"firewood","f5rwUd",77
"firework","f5rw3rk",8
"fireworks","f5rw3rks",287
"firing","f5r1N",937
"firm","f3rm",1799
"firmly","f3rmli",136
"firms","f3rmz",82
"first","f3rst",42869
"firstborn","f3rstbcrn",40
"firsthand","f3rsth@nd",75
"firstly","f3rstli",53
"fish","f1S",4258
"fishbowl","f1Sbol",9
"fished","f1St",62
"fisher","f1S3r",432
"fisherman","f1S3rm@n",221
"fisherman","f1S3rmen",221
"fishermen","f1S3rmen",104
"fishes","f1Sez",121
"fishing","f1S1N",1204
"fishy","f1Si",143
"fist","f1st",375
"fistful","f1stfel",30
"fists","f1sts",151
"fit","f1t",2937
"fitch","f1C",129
"fitness","f1tnes",89
"fits","f1ts",654
"fitted","f1ted",89
"fittest","f1test",41
"fitting","f1t1N",285
"five","f5v",14558
"fives","f5vz",67
"fix","f1ks",4426
"fixed","f1kst",1647
"fixer","f1ks3r",36
"fixes","f1ksez",75
"fixing","f1ks1N",533
"fixtures","f1ksC3rz",66
"fizz","f1z",31
"fizzy","f1zi",11
"fjord","fjcrd",24
"flabby","fl@bi",41
"flack","fl@k",55
"flag","fl@g",892
"flagellation","fl@Gel8Sen",6
"flagged","fl@gd",46
"flagpole","fl@gpol",37
"flags","fl@gz",175
"flagship","fl@gS1p",49
"flagstaff","fl@gst@f",42
"flail","fl8l",9
"flair","flEr",116
"flak","fl@k",54
"flake","fl8k",89
"flakes","fl8ks",95
"flaky","fl8ki",45
"flame","fl8m",461
"flamenco","flemENko",18
"flames","fl8mz",382
"flaming","fl8m1N",130
"flamingo","flem1Ngo",60
"flan","fl@n",86
"flan","flan",86
"flanders","fl@nd3rz",47
"flange","fl@nG",12
"flank","fl@Nk",236
"flannel","fl@nel",70
"flap","fl@p",135
"flapping","fl@p1N",85
"flaps","fl@ps",73
"flare","flEr",215
"flares","flErz",72
"flash","fl@S",783
"flashback","fl@Sb@k",54
"flashed","fl@St",65
"flashes","fl@Sez",135
"flashing","fl@S1N",163
"flashlight","fl@Sl5t",302
"flashlights","fl@Sl5ts",56
"flashy","fl@Si",97
"flask","fl@sk",57
"flat","fl@t",1337
"flatness","fl@tnes",4
"flats","fl@ts",86
"flatten","fl@ten",63
"flatter","fl@t3r",200
"flattered","fl@t3rd",398
"flattering","fl@t3r1N",195
"flattery","fl@t3ri",70
"flaunt","flant",50
"flavor","fl8v3r",255
"flavorings","fl8v3r1Nz",5
"flavors","fl8v3rz",66
"flavour","fl8v3r",61
"flaw","fla",155
"flawed","flad",63
"flawless","flales",80
"flaws","flaz",91
"flax","fl@ks",24
"flays","fl8z",4
"flea","fli",169
"fleas","fliz",133
"fleck","flEk",7
"fled","flEd",224
"flee","fli",233
"fleece","flis",59
"fleeing","fli1N",112
"fleet","flit",540
"fleeting","flit1N",86
"fleming","flEm1N",227
"flesh","flES",1125
"fletch","flEC",52
"fletcher","flEC3r",414
"fleur","fl3r",56
"flew","flu",785
"flex","flEks",50
"flexibility","flEkseb1leti",50
"flexible","flEksebel",136
"flick","fl1k",257
"flicker","fl1k3r",35
"flicks","fl1ks",43
"flier","fl53r",109
"fliers","fl53rz",65
"flies","fl5z",717
"flight","fl5t",3044
"flights","fl5ts",234
"flimsy","fl1mzi",42
"flinch","fl1nC",58
"fling","fl1N",180
"flint","fl1nt",222
"flip","fl1p",728
"flipped","fl1pt",253
"flipper","fl1p3r",45
"flipping","fl1p1N",149
"flips","fl1ps",63
"flirt","fl3rt",200
"flirted","fl3rted",48
"flirting","fl3rt1N",271
"flo","flo",79
"float","flot",381
"floated","floted",68
"floater","flot3r",50
"floating","flot1N",491
"floats","flots",101
"flock","flak",237
"floe","flo",11
"flog","flag",15
"flood","fl^d",291
"flooded","fl^ded",142
"flooding","fl^d1N",86
"floods","fl^dz",58
"floor","flcr",5132
"floorboards","flcrbcrdz",49
"flooring","flcr1N",22
"floors","flcrz",407
"flop","flap",118
"floppy","flapi",58
"flor","flcr",44
"flora","flcre",114
"florence","flcrens",274
"flores","flcrEz",43
"florida","flar1de",938
"florida","flarede",938
"florida","flcr1de",938
"florida","flcrede",938
"florist","flcr1st",123
"floss","flas",100
"flounder","flOnd3r",43
"flour","flO3r",161
"flour","flOr",161
"flourish","fl3r1S",41
"flow","flo",701
"flower","flO3r",1161
"flowerpot","flO3rpat",14
"flowers","flO3rz",2427
"flowing","flo1N",217
"flown","flon",232
"flows","floz",142
"flu","flu",444
"fluent","fluent",59
"fluff","fl^f",72
"fluffy","fl^fi",185
"fluid","flu1d",456
"fluids","flu1dz",167
"fluke","fluk",89
"flung","fl^N",44
"flunk","fl^Nk",92
"flunked","fl^Nkt",90
"flunking","fl^Nk1N",45
"fluorescent","flUrEsent",30
"flush","fl^S",478
"flushed","fl^St",153
"flushing","fl^S1N",75
"flute","flut",108
"flutter","fl^t3r",44
"flux","fl^ks",53
"fly","fl5",4335
"flyer","fl53r",173
"flyers","fl53rz",121
"flying","fl51N",2579
"flytrap","fl5tr@p",10
"foal","fol",14
"foam","fom",179
"foamy","fomi",14
"focus","fok1s",1499
"focus","fokes",1499
"focused","fok1st",403
"focused","fokest",403
"focusing","fokes1N",142
"foe","fo",94
"foes","foz",32
"fog","fag",482
"foggy","fagi",66
"foible","f2bel",2
"foil","f2l",62
"foist","f2st",8
"fold","fold",440
"folded","folded",148
"folder","fold3r",83
"folding","fold1N",106
"folds","foldz",52
"folk","fok",365
"folklore","foklcr",45
"folks","foks",3878
"follies","faliz",43
"follow","falo",6283
"followed","falod",1739
"followers","falo3rz",140
"following","falo1N",2310
"follows","faloz",371
"folly","fali",74
"fond","fand",629
"fondue","fandu",47
"font","fant",48
"food","fud",7876
"foods","fudz",154
"fool","ful",4556
"fooled","fuld",524
"fooling","ful1N",626
"foolish","ful1S",893
"foolishness","ful1Snes",106
"foolproof","fulpruf",94
"fools","fulz",681
"foot","fUt",3311
"footage","fUt1G",422
"football","fUtbal",1914
"footing","fUt1N",52
"footlocker","fUtlak3r",41
"footloose","fUtlus",42
"footprint","fUtpr1nt",55
"footprints","fUtpr1nts",188
"footsie","fUtsi",19
"footstep","fUtstEp",13
"footsteps","fUtstEps",322
"footwork","fUtw3rk",47
"for","fcr",351650
"forbid","f3rb1d",436
"forbid","fcrb1d",436
"forbidden","f3rb1den",387
"forbidden","fcrb1den",387
"forbids","f3rb1dz",56
"force","fcrs",3604
"forced","fcrst",1349
"forceful","fcrsfel",44
"forces","fcrsez",1064
"forcing","fcrs1N",276
"ford","fcrd",587
"fore","fcr",135
"forearm","fcrarm",50
"forecast","fcrk@st",96
"forefathers","fcrfaD3rz",41
"forefinger","fcrf1Ng3r",14
"forehead","fcrhEd",400
"foreign","fcren",1137
"foreigner","fcren3r",150
"foreigners","fcren3rz",163
"foreman","fcrmen",283
"foremost","fcrmost",86
"forensic","f3rEns1k",200
"forensic","fcrEns1k",200
"forensics","f3rEns1ks",192
"forensics","fcrEns1ks",192
"foreplay","fcrpl8",128
"foresee","fcrsi",50
"forest","fcr1st",963
"forests","fcrests",81
"foretold","fcrtold",40
"forever","ferEv3r",4529
"forfeit","fcrf1t",158
"forgave","f3rg8v",117
"forge","fcrG",166
"forged","fcrGd",216
"forgery","fcrG3ri",100
"forget","f3rgEt",14130
"forgetful","f3rgEtfel",38
"forgetful","fcrgEtfel",38
"forgetfulness","f3rgEtfelnes",27
"forgetfulness","fcrgEtfelnes",27
"forgets","f3rgEts",197
"forgets","fcrgEts",197
"forgettable","f3rgEtebel",15
"forgettable","fcrgEtebel",15
"forgetting","f3rgEt1N",627
"forgetting","fcrgEt1N",627
"forging","fcrG1N",40
"forgive","f3rg1v",3917
"forgive","fcrg1v",3917
"forgiven","f3rg1ven",331
"forgiven","fcrg1ven",331
"forgiveness","f3rg1vnes",405
"forgiveness","fcrg1vnes",405
"forgives","f3rg1vz",66
"forgiving","f3rg1v1N",127
"forgiving","fcrg1v1N",127
"forgot","f3rgat",5045
"forgot","fcrgat",5045
"forgotten","f3rgaten",1771
"forgotten","fcrgaten",1771
"fork","fcrk",450
"forklift","fcrkl1ft",49
"forks","fcrks",113
"form","fcrm",2180
"formal","fcrmel",424
"formalities","fcrm@letiz",49
"formality","fcrm@leti",110
"formally","fcrmeli",106
"format","fcrm@t",54
"formation","fcrm8Sen",203
"formed","fcrmd",241
"former","fcrm3r",932
"formerly","fcrm3rli",123
"formidable","fcrm1debel",87
"forming","fcrm1N",140
"forms","fcrmz",580
"formula","fcrmjule",401
"fornication","fcrnek8Sen",44
"forsake","fcrs8k",46
"forsaken","fcrs8ken",77
"fort","fcrt",787
"forth","fcrT",804
"forthcoming","fcrTk^m1N",70
"fortnight","fcrtn5t",46
"fortress","fcrtres",172
"fortuitous","fcrtu1tes",20
"fortunate","fcrCenet",419
"fortunate","fcrCunet",419
"fortunately","fcrCenetli",444
"fortunately","fcrCunetli",444
"fortune","fcrCen",1518
"fortune","fcrCun",1518
"fortunes","fcrCenz",128
"forty","fcrti",539
"forum","fcrem",104
"forward","fcrw3rd",3689
"forwarded","fcrw3rded",44
"forwarding","fcrw3rd1N",56
"forwards","fcrw3rdz",71
"fossil","fasel",79
"foster","fast3r",613
"fought","fat",1362
"foul","fOl",738
"fouled","fOld",82
"found","fOnd",20196
"foundation","fOnd8Sen",740
"foundations","fOnd8Senz",59
"founded","fOnded",158
"founder","fOnd3r",108
"founding","fOnd1N",89
"fountain","fOnten",352
"fountains","fOntenz",50
"four","fcr",13045
"fours","fcrz",105
"fourteen","fcrtin",333
"fourteenth","fcrtinT",53
"fourth","fcrT",1349
"fowl","fOl",35
"fowler","fOl3r",202
"fox","faks",1102
"foxes","faksez",59
"foxhole","fakshol",48
"foxtrot","fakstrat",55
"foxy","faksi",156
"foyer","f23r",45
"fraction","fr@kSen",104
"fracture","fr@kC3r",264
"fractured","fr@kC3rd",166
"fractures","fr@kC3rz",135
"fragile","fr@Gel",262
"fragment","fr@gment",96
"fragments","fr@gments",135
"fragrance","fr8grens",60
"frail","fr8l",81
"frame","fr8m",719
"framed","fr8md",284
"frames","fr8mz",110
"framing","fr8m1N",76
"franc","fr@Nk",41
"france","fr@ns",1380
"frances","fr@ns1s",238
"franchise","fr@nC5z",121
"francis","fr@ns1s",876
"francis","fr@nses",876
"francisco","fr@ns1sko",1289
"franco","fr@Nko",92
"francs","fr@Nks",261
"frank","fr@Nk",8129
"frankenstein","fr@Nkenst5n",353
"frankenstein","fr@Nkenstin",353
"frankfurt","fr@Nkf3rt",47
"franklin","fr@Nkl1n",551
"frankly","fr@Nkli",992
"franks","fr@Nks",99
"frantic","fr@nt1k",116
"frappe","fr@p8",5
"fraser","fr8z3r",76
"frasier","fr8Z3r",1179
"frat","fr@t",160
"fraternity","fret3rneti",171
"frau","frO",83
"fraud","frad",512
"frauds","fradz",40
"fraulein","frOl5n",60
"fray","fr8",48
"freak","frik",1874
"freaked","frikt",529
"freaking","frik1N",754
"freaks","friks",422
"freaky","friki",255
"freckle","frEkel",30
"freckled","frEkeld",6
"freckles","frEkelz",101
"fred","frEd",2169
"frederick","frEd3r1k",308
"frederick","frEdr1k",308
"free","fri",9054
"freebie","fribi",41
"freed","frid",190
"freedman","fridmen",42
"freedom","fridem",1688
"freedoms","fridemz",45
"freeing","fri1N",46
"freelance","fril@ns",108
"freely","frili",215
"freeman","frimen",129
"freer","fri3r",61
"freestyle","frist5l",56
"freeway","friw8",282
"freeze","friz",1640
"freezer","friz3r",263
"freezes","frizez",79
"freezing","friz1N",680
"freight","fr8t",196
"freighter","fr8t3r",109
"french","frEnC",3541
"frenchman","frEnCmEn",154
"frenchmen","frEnCmEn",67
"frenzy","frEnzi",103
"frequencies","frikwensiz",95
"frequency","frikwensi",337
"frequent","frikwent",140
"frequently","frikwentli",167
"fresh","frES",2780
"freshen","frESen",131
"freshly","frESli",71
"freshman","frESmen",375
"freshmen","frESmen",92
"fresno","frEzno",52
"fret","frEt",95
"freud","fr2d",230
"freudian","fr2dien",51
"friar","fr5r",88
"friction","fr1kSen",63
"friday","fr5d8",2429
"fridays","fr5d8z",86
"fridge","fr1G",502
"fried","fr5d",518
"friedman","fridmen",74
"friend","frEnd",21384
"friendliness","frEndlines",6
"friendly","frEndli",1328
"friends","frEndz",15578
"friendship","frEndS1p",1164
"friendships","frEndS1ps",71
"fries","fr5z",596
"frieze","friz",2
"frigging","fr1g1N",120
"fright","fr5t",141
"frighten","fr5ten",324
"frightened","fr5tend",1186
"frightening","fr5ten1N",294
"frightens","fr5tenz",103
"frightful","fr5tfel",59
"frightfully","fr5tfeli",54
"frigid","fr1G1d",71
"frill","fr1l",1
"fringe","fr1nG",85
"frisbee","fr1sbi",95
"frisco","frisko",70
"frisk","fr1sk",79
"frisky","fr1ski",86
"fritz","fr1ts",237
"frivolous","fr1veles",61
"fro","fro",58
"frock","frak",43
"frog","frag",603
"froggy","fragi",30
"frogs","fragz",172
"frolic","fralek",42
"from","fr^m",103992
"front","fr^nt",9259
"frontal","fr^ntel",96
"frontier","fr^nt1r",167
"fronts","fr^nts",47
"frost","frast",245
"frostbite","frastb5t",45
"frosted","frast1d",41
"frosted","frasted",41
"frosting","frast1N",72
"frosty","frasti",121
"froth","fraT",10
"frown","frOn",104
"frowner","frOn3r",1
"froze","froz",216
"frozen","frozen",782
"fruit","frut",1108
"fruitcake","frutk8k",105
"fruited","frut1d",7
"fruitful","frutfel",47
"fruits","fruts",143
"fruity","fruti",66
"frump","fr^mp",7
"frustrated","fr^str8ted",255
"frustrating","fr^str8t1N",126
"frustration","fr^str8Sen",152
"fry","fr5",428
"frying","fr51N",142
"fuchsia","fjuSe",23
"fuck","f^k",19307
"fucked","f^kt",2291
"fucker","f^k3r",671
"fuckers","f^k3rz",199
"fucking","f^k1N",16603
"fucks","f^ks",233
"fudge","f^G",185
"fuel","fjuel",876
"fuel","fjul",876
"fueled","fjueld",49
"fueled","fjuld",49
"fuels","fjuelz",28
"fuels","fjulz",28
"fugitive","fjuG1t1v",264
"fugitive","fjuGet1v",264
"fugitives","fjuGet1vz",54
"fugue","fjug",30
"fuhrer","fUr3r",85
"fulfil","fUlf1l",45
"fulfill","fUlf1l",199
"fulfilled","fUlf1ld",145
"fulfilling","fUlf1l1N",75
"fulfillment","fUlf1lment",52
"full","fUl",8512
"fuller","f^l3r",241
"fullest","fUlest",50
"fullness","fUlnes",24
"fully","fUli",880
"fumble","f^mbel",40
"fumes","fjumz",146
"fun","f^n",12010
"function","f^NkSen",565
"functional","f^NkSenel",139
"functioning","f^NkSen1N",142
"functions","f^NkSenz",201
"fund","f^nd",541
"fundamental","f^ndemEntel",167
"fundamentally","f^ndemEnteli",42
"funded","f^nded",41
"funding","f^nd1N",162
"fundraiser","f^ndr8z3r",97
"funds","f^ndz",337
"funeral","fjun3rel",1693
"funerals","fjun3relz",164
"fungus","f^Nges",112
"funk","f^Nk",161
"funky","f^Nki",259
"funnel","f^nel",56
"funnier","f^ni3r",128
"funniest","f^niest",148
"funny","f^ni",11127
"fur","f3r",422
"furious","fjUries",306
"furlough","f3rlo",35
"furnace","f3rnes",138
"furnish","f3rn1S",48
"furnished","f3rn1St",62
"furniture","f3rn1C3r",769
"furry","f3ri",122
"furs","f3rz",81
"further","f3rD3r",2690
"furthermore","f3rD3rmcr",146
"fury","fjUri",195
"fuse","fjuz",248
"fuselage","fjusel1G",52
"fuselage","fjuselaG",52
"fuses","fjuzez",58
"fusion","fjuZen",133
"fuss","f^s",364
"fussing","f^s1N",55
"fussy","f^si",79
"futile","fjut5l",82
"futile","fjutel",82
"future","fjuC3r",5278
"futures","fjuC3rz",83
"fuzz","f^z",95
"fuzziness","f^zines",2
"fuzzy","f^zi",297
"gab","g@b",35
"gabby","g@bi",87
"gable","g8bel",55
"gabriel","g8briel",291
"gaby","g@bi",146
"gadget","g@Get",124
"gadgets","g@Gets",71
"gael","g8l",73
"gaff","g@f",33
"gag","g@g",360
"gaga","gaga",52
"gage","g8G",128
"gagged","g@gd",43
"gags","g@gz",58
"gail","g8l",338
"gain","g8n",700
"gained","g8nd",264
"gaining","g8n1N",193
"gains","g8nz",77
"gait","g8t",16
"gal","g@l",725
"gala","g8le",90
"galactic","gel@kt1k",56
"galahad","g@leh@d",101
"galaxies","g@leksiz",49
"galaxy","g@leksi",339
"gale","g8l",250
"galileo","g@lel8o",100
"gall","gal",101
"gallant","g@lent",167
"galleries","g@l3riz",51
"gallery","g@l3ri",434
"galley","g@li",82
"gallivant","g@l1v@nt",1
"gallon","g@len",116
"gallons","g@lenz",187
"gallop","g@lep",48
"galloping","g@lep1N",53
"gallows","g@loz",91
"gals","g@lz",166
"galt","galt",51
"gamble","g@mbel",456
"gambled","g@mbeld",77
"gambler","g@mbl3r",234
"gamblers","g@mbl3rz",77
"gambling","g@mbl1N",846
"game","g8m",11926
"games","g8mz",2287
"gaming","g8m1N",131
"gamma","g@me",179
"gander","g@nd3r",55
"gandhi","gandi",104
"gang","g@N",1537
"gangrene","g@ngrin",46
"gangs","g@Nz",221
"gangsta","g@Nste",80
"gangster","g@Nst3r",272
"gangsters","g@Nst3rz",141
"gangway","g@Nw8",116
"gant","g@nt",124
"gap","g@p",218
"gape","g8p",3
"gaping","g8p1N",42
"gar","gar",48
"garage","geraG",1388
"garage","geraZ",1388
"garb","garb",16
"garbage","garb1G",1331
"garbled","garbeld",46
"garbo","garbo",42
"garde","gard",49
"garden","garden",1354
"gardener","garden3r",214
"gardener","gardn3r",214
"gardening","garden1N",123
"gardening","gardn1N",123
"gardens","gardenz",206
"gareth","gEr1T",206
"garfield","garfild",185
"gargantuan","garg@nCuen",18
"gargoyle","garg2l",27
"garibaldi","g@rebaldi",53
"garland","garlend",111
"garlic","garl1k",306
"garment","garment",71
"garner","garn3r",61
"garnet","garnet",50
"garret","gEret",107
"garrison","g@r1sen",233
"garter","gart3r",67
"garters","gart3rz",45
"garth","garT",165
"gary","g@ri",1248
"gary","gEri",1248
"gas","g@s",3457
"gash","g@S",35
"gasoline","g@selin",333
"gasp","g@sp",88
"gasping","g@sp1N",220
"gasps","g@sps",470
"gassy","g@si",22
"gastric","g@str1k",42
"gate","g8t",1634
"gates","g8ts",684
"gateway","g8tw8",101
"gather","g@D3r",799
"gathered","g@D3rd",491
"gathering","g@D3r1N",370
"gator","g8t3r",184
"gauche","goS",20
"gaudy","gadi",21
"gauge","g8G",112
"gaunt","gant",8
"gauze","gaz",73
"gave","g8v",12428
"gay","g8",3013
"gays","g8z",76
"gaze","g8z",129
"gazebo","gezibo",46
"gazelle","gezEl",62
"gazette","gezEt",73
"gazing","g8z1N",41
"gear","g1r",816
"gears","g1rz",77
"gee","Gi",2362
"geek","gik",353
"geeks","giks",116
"geese","gis",81
"geez","Giz",575
"geezer","giz3r",69
"geiger","g5g3r",102
"geisha","g8Se",146
"gel","GEl",83
"gelatin","GEleten",25
"gem","GEm",126
"gemini","GEmen5",43
"gems","GEmz",44
"gender","GEnd3r",143
"gene","Gin",743
"general","GEn3rel",5885
"generally","GEn3reli",424
"generally","GEnreli",424
"generals","GEn3relz",206
"generals","GEnrelz",206
"generate","GEn3r8t",124
"generated","GEn3r8ted",67
"generating","GEn3r8t1N",43
"generation","GEn3r8Sen",619
"generations","GEn3r8Senz",305
"generator","GEn3r8t3r",290
"generators","GEn3r8t3rz",86
"generic","GenEr1k",78
"generosity","GEn3raseti",171
"generous","GEn3res",852
"generously","GEn3resli",47
"genes","Ginz",147
"genesis","GEnes1s",102
"genetic","GenEt1k",385
"genetically","GenEt1keli",91
"genetics","GenEt1ks",90
"geneva","Genive",206
"genghis","gENg1s",42
"genghis","GENg1s",42
"genie","Gini",178
"genitals","GEnetelz",63
"genius","Ginies",1773
"genius","Ginjes",1773
"geniuses","Giniesez",111
"geniuses","Ginjesez",111
"genoa","GEnoe",43
"genocide","GEnes5d",62
"genre","Zanre",54
"gent","GEnt",82
"gentle","GEntel",844
"gentleman","GEntelmen",2135
"gentlemen","GEntelm1n",7874
"gentleness","GEntelnes",18
"gently","GEntli",459
"gentry","GEntri",68
"gents","GEnts",150
"genuine","GEnju5n",418
"genuine","GEnjuen",418
"genuinely","GEnju1nli",98
"geographic","Giegr@f1k",67
"geography","Giagrefi",117
"geological","GielaG1kel",42
"geologist","GialeG1st",51
"geology","GialeGi",47
"geometry","Giametri",94
"george","GcrG",7474
"georgia","GcrGe",918
"gerald","GEreld",209
"gerbil","G3rbel",38
"germ","G3rm",64
"german","G3rmen",1624
"germans","G3rmenz",636
"germany","G3rmeni",699
"germs","G3rmz",154
"germy","G3rmi",3
"gertrude","g3rtrud",141
"gestapo","gestapo",185
"gesticulate","GEst1kjul8t",7
"gesture","GEsC3r",379
"gestures","GEsC3rz",96
"gesundheit","gezUndh5t",73
"get","gEt",233772
"getaway","gEtew8",196
"gets","gEts",11364
"getting","gEt1N",24719
"gettysburg","gEtizb3rg",58
"getup","gEt^p",43
"geyser","g5z3r",11
"ghastly","g@stli",106
"gherkin","g3rk1n",4
"ghetto","gEto",282
"ghost","gost",1866
"ghostly","gostli",50
"ghosts","gosts",718
"ghoul","gul",52
"ghouls","gulz",47
"giant","G5ent",1380
"giants","G5ents",223
"gibberish","G1b3r1S",95
"gibbons","g1benz",138
"gibe","G5b",2
"gibraltar","G1bralt3r",47
"gibson","g1bsen",308
"giddy","g1di",91
"gideon","g1dien",237
"gift","g1ft",3290
"gifted","g1ft1d",229
"gifted","g1fted",229
"gifts","g1fts",732
"gig","g1g",571
"gigantic","G5g@nt1k",190
"giggle","g1gel",87
"giggles","g1gelz",170
"giggling","g1gl1N",209
"gigolo","G1gelo",83
"gigs","g1gz",83
"gilbert","g1lb3rt",295
"giles","G5lz",57
"gill","g1l",87
"gills","g1lz",61
"gilly","g1li",97
"gilt","g1lt",9
"gimme","g1mi",982
"gimmick","g1m1k",55
"gimp","g1mp",48
"gin","G1n",575
"ginger","G1nG3r",327
"gingerbread","G1nG3rbrEd",33
"gingham","g1Nem",9
"ginny","G1ni",132
"giraffe","G3r@f",76
"gird","g3rd",7
"girder","g3rd3r",20
"girdle","g3rdel",79
"girl","g3rl",28413
"girlfriend","g3rlfrEnd",3881
"girlfriends","g3rlfrEndz",413
"girlie","g3rli",159
"girls","g3rlz",10626
"girly","g3rli",68
"girth","g3rT",22
"gist","G1st",56
"git","g1t",101
"give","g1v",59559
"giveaway","g1vew8",40
"given","g1v1n",4851
"given","g1ven",4851
"giver","g1v3r",59
"gives","g1vz",3290
"giving","g1v1N",5613
"gizmo","g1zmo",83
"glacier","gl8S3r",38
"glad","gl@d",8740
"glade","gl8d",20
"glades","gl8dz",50
"gladiators","gl@di8t3rz",50
"gladly","gl@dli",257
"glamorous","gl@m3res",151
"glamour","gl@m3r",159
"glance","gl@ns",175
"gland","gl@nd",77
"glands","gl@ndz",83
"glare","glEr",82
"glasgow","gl@zgo",86
"glass","gl@s",3096
"glasses","gl@sez",1689
"glassy","gl@si",18
"glaze","gl8z",45
"glazed","gl8zd",50
"gleam","glim",50
"glean","glin",2
"glee","gli",58
"glen","glEn",366
"glendale","glEnd8l",45
"glib","gl1b",41
"glide","gl5d",120
"glimmer","gl1m3r",40
"glimpse","gl1mps",171
"glint","gl1nt",16
"glisten","gl1sen",22
"glitch","gl1C",103
"glitter","gl1t3r",104
"glittering","gl1t3r1N",16
"glittery","gl1t3ri",6
"gloat","glot",80
"gloating","glot1N",44
"glob","glab",6
"global","globel",321
"globe","glob",266
"gloom","glum",59
"gloomy","glumi",123
"gloria","glcrie",657
"glorified","glcref5d",62
"glorious","glcries",474
"glory","glcri",1096
"gloss","glas",74
"glove","gl^v",515
"gloved","gl^vd",8
"glover","gl^v3r",79
"gloves","gl^vz",828
"glow","glo",293
"glowing","glo1N",180
"glows","gloz",42
"glucose","glukos",73
"glue","glu",300
"glued","glud",115
"glum","gl^m",52
"glycerin","gl1s3ren",7
"gnarly","narli",54
"gnat","n@t",22
"gnaw","na",19
"gnome","nom",32
"gnu","nu",41
"go","go",193445
"goad","god",7
"goal","gol",854
"goalie","goli",73
"goals","golz",262
"goat","got",537
"goatee","goti",54
"goats","gots",135
"gob","gab",568
"gobble","gabel",120
"goblin","gabl1n",48
"goblins","gabl1nz",65
"god","gad",46061
"goddam","gadd@m",204
"goddammit","gad@m1t",157
"goddamn","gad@m",5815
"goddamned","gad@md",249
"goddamnit","gad@m1t",55
"goddard","gad3rd",65
"goddess","gades",447
"godfather","gadfaD3r",278
"godforsaken","gadf3rs8ken",75
"godless","gadles",42
"godlike","gadl5k",21
"godmother","gadm^D3r",82
"gods","gadz",1083
"godsend","gadsEnd",45
"godson","gads^n",48
"godspeed","gadspid",67
"goes","goz",11081
"goggles","gagelz",107
"going","go1N",108288
"gold","gold",4026
"golden","golden",1187
"goldfish","goldf1S",155
"goldie","goldi",171
"golf","galf",1302
"golfer","galf3r",56
"golfing","galf1N",79
"goliath","gel5eT",139
"golly","gali",263
"gone","gan",15135
"goner","gan3r",78
"gong","gaN",124
"gonna","g^ne",101804
"gonorrhea","ganerie",30
"gonzo","ganzo",100
"goo","gu",109
"goober","gub3r",75
"good","gUd",133117
"goodbye","gUdb5",5942
"goodbyes","gUdb5z",80
"goodie","gUdi",25
"goodies","gUdiz",95
"goodman","gUdmen",145
"goodness","gUdnes",1655
"goodnight","gUdn5t",822
"goods","gUdz",628
"goodwill","gUdw1l",167
"goody","gUdi",181
"gooey","gui",39
"goof","guf",113
"goofiness","gufines",2
"goofing","guf1N",58
"goofy","gufi",266
"google","gugel",43
"goon","gun",116
"goons","gunz",120
"goop","gup",35
"goopy","gupi",5
"goose","gus",665
"gopher","gof3r",72
"gore","gcr",55
"gorge","gcrG",67
"gorgeous","gcrGes",1227
"gorilla","g3r1le",283
"gorillas","g3r1lez",121
"gorillas","ger1lez",121
"gorman","gcrmen",63
"gosh","gaS",1525
"gospel","gaspel",160
"gossip","gasep",397
"got","gat",168631
"gotcha","gaCe",550
"gotham","gaTem",111
"gothic","gaT1k",48
"gotta","gate",25852
"gotten","gaten",2768
"gouge","gOG",35
"goulash","gulaS",41
"gourd","gcrd",24
"gourmet","gcrm8",111
"gout","gOt",71
"govern","g^v3rn",62
"governed","g^v3rnd",50
"governess","g^v3rnes",54
"government","g^v3rnment",3327
"governments","g^v3rnments",158
"governor","g^v3rn3r",1369
"gown","gOn",334
"gowns","gOnz",95
"grab","gr@b",3614
"grabbed","gr@bd",680
"grabbing","gr@b1N",202
"grabs","gr@bz",190
"grace","gr8s",2157
"graceful","gr8sfel",118
"gracefully","gr8sfeli",66
"graces","gr8sez",51
"gracias","grasiez",228
"gracious","gr8Ses",365
"graciously","gr8Sesli",61
"grad","gr@d",148
"grade","gr8d",1493
"grader","gr8d3r",44
"graders","gr8d3rz",52
"grades","gr8dz",451
"grading","gr8d1N",44
"gradually","gr@Gueli",100
"graduate","gr@Gu8t",623
"graduated","gr@Gu8t1d",395
"graduates","gr@Gu8ts",99
"graduates","gr@Guets",99
"graduating","gr@Gu8t1N",128
"graduation","gr@Gu8Sen",500
"graffiti","grefiti",103
"graft","gr@ft",84
"graham","gr@m",581
"grail","gr8l",137
"grain","gr8n",243
"grains","gr8nz",50
"gram","gr@m",132
"grammar","gr@m3r",122
"grammy","gr@mi",76
"gramps","gr@mps",91
"grams","gr@mz",382
"gran","gr@n",109
"grand","gr@nd",3214
"grandchild","gr@ndC5ld",78
"grandchildren","gr@ndC1ldren",198
"granddad","gr@nd@d",114
"granddaddy","gr@nd@di",117
"granddaughter","gr@ndat3r",330
"grande","gr@nd",134
"grande","grand8",134
"grandfather","gr@ndfaD3r",1241
"grandma","gr@ndma",2325
"grandmother","gr@ndm^D3r",1417
"grandpa","gr@ndpa",1661
"grandparent","gr@ndpErent",13
"grandparents","gr@ndpErents",214
"grandson","gr@nds^n",407
"grange","gr8nG",45
"granger","gr8nG3r",75
"granite","gr@n1t",81
"granny","gr@ni",430
"grant","gr@nt",1660
"granted","gr@nt1d",697
"granted","gr@nted",697
"granting","gr@nt1N",54
"grants","gr@nts",95
"granule","gr@njul",2
"grape","gr8p",204
"grapefruit","gr8pfrut",126
"grapes","gr8ps",201
"grapevine","gr8pv5n",47
"graph","gr@f",38
"graphic","gr@f1k",119
"graphics","gr@f1ks",77
"gras","gra",86
"grasp","gr@sp",233
"grass","gr@s",856
"grasshopper","gr@shap3r",47
"grassy","gr@si",32
"grate","gr8t",52
"grateful","gr8tfel",1355
"gratification","gr@tefek8Sen",42
"gratifying","gr@tef51N",55
"gratitude","gr@tetud",395
"grave","gr8v",1340
"gravel","gr@vel",73
"gravely","gr8vli",64
"graves","gr8vz",304
"gravestone","gr8vston",17
"graveyard","gr8vjard",272
"gravitational","gr@vet8Senel",57
"gravity","gr@v1ti",351
"gravy","gr8vi",269
"gray","gr8",1077
"grayish","gr81S",5
"grays","gr8z",10
"graze","gr8z",39
"grazed","gr8zd",46
"grazing","gr8z1N",58
"grease","gris",354
"greased","grist",68
"greasy","grisi",199
"great","gr8t",41864
"greater","gr8t3r",819
"greatest","gr8test",2464
"greatly","gr8tli",217
"greatness","gr8tnes",213
"greece","gris",225
"greed","grid",245
"greedy","gridi",338
"greek","grik",578
"greeks","griks",147
"green","grin",3696
"greener","grin3r",55
"greenhouse","grinhOs",112
"greenish","grin1S",8
"greenland","grinlend",43
"greenleaf","grinlif",50
"greens","grinz",109
"greet","grit",268
"greeted","grited",61
"greeting","grit1N",164
"greetings","grit1Nz",345
"gregory","grEg3ri",276
"gremlin","grEmlen",11
"grenade","gren8d",235
"grenades","gren8dz",132
"greta","grEte",155
"grew","gru",1493
"grey","gr8",469
"greyhound","gr8hOnd",46
"grid","gr1d",282
"grief","grif",552
"grievance","grivens",46
"grieve","griv",112
"grieves","grivz",53
"grieving","griv1N",139
"grievous","grives",53
"griff","gr1f",140
"griffin","gr1f1n",707
"grill","gr1l",227
"grille","gr1l",18
"grilled","gr1ld",114
"grim","gr1m",244
"grime","gr5m",21
"grimes","gr5mz",65
"grimm","gr1m",66
"grin","gr1n",138
"grinch","gr1nC",133
"grind","gr5nd",190
"grinder","gr5nd3r",65
"grinding","gr5nd1N",106
"gringo","gr1Ngo",93
"gringos","gr1Ngoz",46
"grinning","gr1n1N",74
"grip","gr1p",494
"gripe","gr5p",40
"grips","gr1ps",62
"grisly","gr1zli",46
"grist","gr1st",5
"grit","gr1t",48
"grits","gr1ts",81
"grizzly","gr1zli",95
"groan","gron",47
"groaning","gron1N",188
"groans","gronz",390
"groat","grot",3
"groceries","gros3riz",301
"groceries","groSriz",301
"grocery","gros3ri",280
"grocery","groSri",280
"groggy","gragi",46
"groin","gr2n",92
"groom","grum",399
"grooming","grum1N",64
"groove","gruv",212
"groovy","gruvi",193
"grope","grop",31
"groping","grop1N",45
"gross","gros",779
"grotesque","grotEsk",80
"grouch","grOC",24
"groucho","grOCo",50
"grouchy","grOCi",44
"ground","grOnd",3696
"grounded","grOnd1d",397
"groundhog","grOndhag",76
"grounds","grOndz",533
"group","grup",3762
"groupie","grupi",68
"groupies","grupiz",41
"groups","grups",471
"grouse","grOs",23
"grout","grOt",19
"grove","grov",197
"grovel","gravel",61
"grover","grov3r",133
"groves","grovz",60
"grow","gro",3034
"grower","gro3r",10
"growing","gro1N",1527
"growl","grOl",50
"growling","grOl1N",230
"growls","grOlz",143
"grown","gron",1275
"grownup","gron^p",71
"grownups","gron^ps",78
"grows","groz",484
"growth","groT",329
"grub","gr^b",139
"grudge","gr^G",226
"gruel","gruel",23
"gruesome","grusem",104
"gruff","gr^f",28
"grumpy","gr^mpi",120
"grunt","gr^nt",113
"grunting","gr^nt1N",259
"grunts","gr^nts",356
"guacamole","gwakemoli",56
"guam","gwam",43
"guano","gwano",20
"guarantee","gErenti",1123
"guaranteed","gErentid",339
"guarantees","gErentiz",111
"guard","gard",2968
"guarded","garded",167
"guardian","gardien",358
"guardians","gardienz",68
"guarding","gard1N",189
"guards","gardz",1237
"guatemala","gwatemale",74
"guava","gwave",13
"guerrilla","g3r1le",55
"guerrilla","ger1le",55
"guerrillas","g3r1lez",70
"guerrillas","ger1lez",70
"guess","gEs",23153
"guessed","gEst",379
"guesses","gEsez",74
"guessing","gEs1N",546
"guest","gEst",2037
"guests","gEsts",1311
"guffaw","gefa",3
"guidance","g5dens",376
"guide","g5d",910
"guided","g5ded",106
"guidelines","g5dl5nz",86
"guides","g5dz",91
"guiding","g5d1N",106
"guild","g1ld",103
"guile","g5l",52
"guillotine","g1letin",42
"guilt","g1lt",760
"guilty","g1lti",3177
"guinea","g1ni",227
"guineas","g1niz",50
"guinevere","gw1nev1r",73
"guinness","g1nes",57
"guise","g5z",28
"guitar","g1tar",795
"guitars","g1tarz",60
"gulf","g^lf",241
"gull","g^l",56
"gullible","g^lebel",64
"gulls","g^lz",53
"gully","g^li",47
"gulp","g^lp",50
"gum","g^m",683
"gumball","g^mbal",9
"gumbo","g^mbo",45
"gumdrop","g^mdrap",8
"gump","g^mp",85
"gums","g^mz",96
"gun","g^n",10873
"gunfight","g^nf5t",58
"gunfighter","g^nf5t3r",72
"gunfire","g^nf5r",266
"gunk","g^Nk",24
"gunman","g^nmen",106
"gunmen","g^nmEn",64
"gunned","g^nd",61
"gunner","g^n3r",120
"gunnery","g^n3ri",45
"gunning","g^n1N",63
"gunpoint","g^np2nt",57
"gunpowder","g^npOd3r",85
"guns","g^nz",3092
"gunshot","g^nSat",520
"gunshots","g^nSats",212
"gunther","g^nT3r",219
"guppy","g^pi",18
"gurgle","g3rgel",12
"gurney","g3rni",127
"guru","guru",78
"guru","gUru",78
"gush","g^S",36
"gussie","g^si",67
"gust","g^st",24
"gusto","g^sto",46
"gut","g^t",497
"gutless","g^tlEs",53
"guts","g^ts",1211
"gutted","g^ted",48
"gutter","g^t3r",267
"gutters","g^t3rz",60
"guy","g5",38893
"guys","g5z",32198
"guzzler","g^zl3r",71
"gwen","gwEn",252
"gym","G1m",927
"gymnasium","G1mn8ziem",71
"gymnast","G1mnest",30
"gymnastic","G1mn@st1k",3
"gymnastics","G1mn@st1ks",78
"gynecologist","g5nekaleG1st",72
"gyp","G1p",31
"gypsies","G1psiz",121
"gypsy","G1psi",338
"ha","ha",6260
"habit","h@bet",738
"habitat","h@bet@t",114
"habits","h@b1ts",312
"hack","h@k",436
"hacked","h@kt",215
"hacker","h@k3r",108
"hackers","h@k3rz",59
"hacking","h@k1N",85
"had","h@d",85472
"hades","h8diz",82
"hag","h@g",91
"haggard","h@g3rd",56
"hagrid","h@gr1d",68
"hah","ha",281
"hail","h8l",613
"hailed","h8ld",43
"hailing","h8l1N",67
"hair","hEr",7831
"haircut","hErk^t",429
"haircuts","hErk^ts",52
"haircutting","hErk^t1N",1
"hairdo","hErdu",66
"hairdresser","hErdrEs3r",126
"hairline","hErl5n",62
"hairs","hErz",265
"hairstyle","hErst5l",35
"hairy","hEri",322
"haiti","h8ti",79
"haitian","h8Sen",51
"hale","h8l",88
"half","h@f",10156
"halftime","h@ft5m",68
"halfway","h@fw8",678
"hall","hal",2649
"hallelujah","h@leluje",476
"hallmark","halmark",65
"hallowed","h@lod",117
"halloween","h@loin",665
"halls","halz",204
"hallucinating","helusen8t1N",98
"hallucination","helusen8Sen",91
"hallucinations","helusen8Senz",119
"hallway","halw8",487
"hallways","halw8z",43
"halo","h8lo",82
"halt","halt",575
"halve","h@v",7
"halves","h@vz",56
"ham","h@m",591
"hamburg","h@mb3rg",78
"hamburger","h@mb3rg3r",397
"hamburgers","h@mb3rg3rz",117
"hamilton","h@melten",375
"hamlet","h@ml1t",236
"hamlet","h@mlet",236
"hammer","h@m3r",636
"hammered","h@m3rd",95
"hammering","h@m3r1N",80
"hammers","h@m3rz",69
"hammock","h@mek",71
"hamper","h@mp3r",72
"hampshire","h@mpS3r",118
"hamster","h@mst3r",109
"hand","h@nd",14262
"handbag","h@ndb@g",134
"handbags","h@ndb@gz",45
"handbook","h@ndbUk",52
"handcuff","h@ndk^f",52
"handcuffed","h@ndk^ft",82
"handcuffs","h@ndk^fs",263
"handed","h@nded",473
"handful","h@ndfUl",291
"handgun","h@ndg^n",66
"handicap","h@ndik@p",139
"handicapped","h@ndik@pt",136
"handing","h@nd1N",238
"handkerchief","h@Nk3rCif",214
"handle","h@ndel",5529
"handlebar","h@ndelbar",10
"handled","h@ndeld",652
"handler","h@ndl3r",140
"handles","h@ndelz",224
"handling","h@ndl1N",579
"handmade","h@ndm8d",46
"handout","h@ndOt",43
"handrail","h@ndr8l",6
"hands","h@ndz",12063
"handshake","h@ndS8k",155
"handshaking","h@ndS8k1N",4
"handsome","h@ndsem",1684
"handstand","h@ndst@nd",7
"handwriting","h@ndr5t1N",301
"handwritten","h@ndr1ten",17
"handy","h@ndi",623
"handyman","h@ndim@n",93
"hang","h@N",7535
"hangar","h@N3r",173
"hanged","h@Nd",262
"hanger","h@N3r",69
"hangers","h@N3rz",48
"hanging","h@N1N",2735
"hangman","h@Nmen",66
"hangover","h@Nov3r",199
"hangs","h@Nz",326
"hank","h@Nk",1291
"hanks","h@Nks",65
"hanky","h@Nki",42
"hanna","h@ne",275
"hanoi","h@n2",44
"hans","h@nz",534
"hans","hanz",534
"hansel","h@nsel",68
"hanukkah","haneke",61
"hap","h@p",48
"happen","h@pen",12968
"happened","h@pend",24994
"happening","h@pen1N",4618
"happens","h@penz",6996
"happier","h@pi3r",637
"happiest","h@piest",328
"happily","h@peli",521
"happiness","h@pines",1249
"happy","h@pi",16993
"harangue","h3r@N",4
"harass","her@s",68
"harassed","h3r@st",82
"harassed","her@st",82
"harassed","hEr@st",82
"harassing","h3r@s1N",136
"harassing","her@s1N",136
"harassing","hEr@s1N",136
"harassment","her@sment",300
"harbor","harb3r",562
"harboring","harb3r1N",50
"harbour","harb3r",127
"hard","hard",15700
"hardball","hardbal",53
"hardcore","hardkcr",156
"hardened","hardend",58
"harder","hard3r",1544
"hardest","hardest",342
"harding","hard1N",138
"hardly","hardli",2613
"hardship","hardS1p",77
"hardware","hardwEr",348
"hardworking","hardw3rk1N",77
"hardy","hardi",188
"hare","hEr",195
"harem","hErem",45
"hark","hark",86
"harlem","harlem",229
"harlequin","harlekw1n",17
"harlot","harlet",40
"harm","harm",1621
"harmed","harmd",123
"harmful","harmfel",66
"harmless","harmles",441
"harmonica","harman1ke",89
"harmony","harmeni",419
"harness","harnes",133
"harold","hEreld",1286
"harp","harp",134
"harper","harp3r",866
"harpoon","harpun",44
"harpsichord","harpsekcrd",11
"harriet","hEriet",368
"harris","hEr1s",738
"harrison","hEr1sen",427
"harry","hEri",4193
"harsh","harS",362
"hart","hart",600
"hartford","hartf3rd",158
"harvard","harv3rd",719
"harvest","harvest",195
"harvey","harvi",849
"has","h@z",57830
"hash","h@S",180
"hasp","h@sp",3
"hassle","h@sel",133
"hassling","h@sl1N",40
"hast","h@st",68
"hasta","aste",66
"haste","h8st",106
"hastings","h8st1Nz",220
"hasty","h8sti",179
"hat","h@t",3273
"hatch","h@C",654
"hatched","h@Ct",71
"hatcher","h@C3r",61
"hatches","h@Cez",56
"hatchet","h@Cet",100
"hate","h8t",10944
"hated","h8t1d",1439
"hated","h8ted",1439
"hateful","h8tfel",102
"hates","h8ts",1313
"hath","h@T",252
"hating","h8t1N",232
"hatred","h8tr1d",276
"hats","h@ts",496
"haul","hal",361
"hauled","hald",72
"hauling","hal1N",109
"haunt","hant",182
"haunted","hant1d",379
"haunted","hanted",379
"haunting","hant1N",110
"haunts","hants",62
"havana","hev@ne",189
"have","h@v",314232
"haven","h8ven",18844
"having","h@v1N",14752
"havoc","h@vek",69
"haw","ha",43
"hawaii","hew5i",610
"hawaiian","hew5en",166
"hawk","hak",650
"hawke","hak",1
"hawking","hak1N",43
"hawkins","hak1nz",220
"hawks","haks",139
"hawthorne","haTcrn",58
"hay","h8",325
"hayes","h8z",292
"hays","h8z",47
"haystack","h8st@k",70
"haywire","h8w5r",64
"hazard","h@z3rd",197
"hazardous","h@z3rdes",94
"haze","h8z",77
"hazel","h8zel",55
"hazing","h8z1N",53
"hazmat","h@zm@t",41
"hazy","h8zi",41
"he","hi",389497
"head","hEd",18947
"headache","hEd8k",719
"headaches","hEd8ks",271
"headband","hEdb@nd",21
"headed","hEd1d",1570
"headed","hEded",1570
"heading","hEd1N",1707
"headless","hEdles",67
"headlight","hEdl5t",37
"headlights","hEdl5ts",96
"headline","hEdl5n",132
"headlines","hEdl5nz",214
"headmaster","hEdm@st3r",112
"headphones","hEdfonz",80
"headquarters","hEdkwcrt3rz",839
"heads","hEdz",2177
"headset","hEdsEt",42
"headstone","hEdston",51
"headstrong","hEdstraN",46
"heal","hil",578
"healed","hild",220
"healer","hil3r",84
"healing","hil1N",326
"heals","hilz",60
"health","hElT",2054
"healthier","hElTi3r",64
"healthy","hElTi",1262
"heap","hip",249
"hear","h1r",28323
"heard","h3rd",19775
"hearing","hir1N",2281
"hearings","hir1Nz",70
"hears","hirz",470
"hearsay","hirs8",78
"hearse","h3rs",81
"hearst","h3rst",342
"heart","hart",12453
"heartache","hart8k",74
"heartbeat","hartbit",284
"heartbreak","hartbr8k",112
"heartbreaking","hartbr8k1N",61
"heartbroken","hartbroken",93
"heartfelt","hartfElt",72
"hearth","harT",34
"hearths","harTs",2
"heartless","hartles",179
"hearts","harts",1172
"hearty","harti",99
"heat","hit",2044
"heated","hited",132
"heater","hit3r",139
"heath","hiT",95
"heathen","hiDen",81
"heathens","hiDenz",53
"heather","hED3r",558
"heating","hit1N",137
"heave","hiv",186
"heaven","hEven",2887
"heavenly","hEvenli",282
"heavens","hEvenz",677
"heavier","hEvi3r",117
"heavily","hEveli",312
"heaviness","hEvines",11
"heaving","hiv1N",31
"heavy","hEvi",2412
"heavyweight","hEviw8t",178
"hebrew","hibru",153
"heck","hEk",925
"hectic","hEkt1k",94
"hector","hEkt3r",543
"hedge","hEG",79
"hedges","hEGez",71
"hee","hi",277
"heed","hid",92
"heel","hil",377
"heels","hilz",510
"hefty","hEfti",62
"heh","hE",755
"heifer","hEf3r",61
"height","h5t",476
"heightened","h5tend",43
"heights","h5ts",376
"heil","h5l",159
"heinie","h5ni",58
"heinous","h8nes",82
"heir","Er",266
"heiress","Eres",58
"heirloom","Erlum",43
"heirs","Erz",41
"heist","h5st",160
"held","hEld",2165
"helen","hElen",1923
"helena","hElene",179
"helicopter","hEl1kapt3r",806
"helicopters","hElekapt3rz",171
"helium","hiliem",73
"hell","hEl",24012
"heller","hEl3r",303
"hellhole","hElhol",78
"hellman","hElmen",42
"hello","hElo",29857
"helluva","hEluve",47
"helm","hElm",273
"helmet","hElmet",483
"helmets","hElmets",103
"help","hElp",46977
"helped","hElpt",2388
"helper","hElp3r",103
"helpful","hElpfel",619
"helpfulness","hElpfelnes",5
"helping","hElp1N",2588
"helpless","hElples",568
"helps","hElps",1084
"hem","hEm",42
"hematoma","himetome",57
"hemingway","hEm1Nw8",135
"hemisphere","hEmesf1r",76
"hemorrhage","hEm3r1G",87
"hemorrhaging","hEm3reG1N",69
"hemorrhoids","hEm3r2dz",46
"hen","hEn",163
"hence","hEns",247
"henceforth","hEnsfcrT",51
"henchman","hEnCmen",17
"henry","hEnri",3904
"hens","hEnz",68
"hep","hEp",97
"hepatitis","hEpet5tes",79
"hepburn","hEpb3rn",73
"hephaestus","h1f8stes",50
"hephaestus","h1fEstes",50
"her","h3r",144627
"hera","h1re",160
"herald","hEreld",132
"herb","3rb",254
"herbal","3rbel",82
"herbert","h3rb3rt",215
"herbs","3rbz",141
"hercules","h3rkjeliz",1285
"herd","h3rd",360
"here","h1r",230788
"hereafter","h1r@ft3r",69
"hereby","h1rb5",325
"hereditary","h3rEdetEri",60
"heresy","hEresi",51
"heritage","hEr1t1G",129
"herm","h3rm",20
"herman","h3rmen",307
"hermeneutics","h3rmenjut1ks",2
"hermit","h3rm1t",60
"hernia","h3rnie",91
"hero","h1ro",2542
"heroes","h1roz",655
"heroic","h1ro1k",234
"heroin","hEroen",501
"heroine","hEro1n",74
"heroism","hEro1zm",56
"herpes","h3rpiz",66
"herr","hEr",557
"herring","hEr1N",152
"hers","h3rz",802
"herself","h3rsElf",2675
"hershey","h3rSi",66
"hertz","h3rts",32
"hesitate","hEz1t8t",279
"hesitated","hEzet8ted",67
"hesitation","hEzet8Sen",94
"heterosexual","hEt3rosEkSuel",88
"hex","hEks",66
"hexagon","hEksegan",4
"hey","h8",88079
"hi","h5",28464
"hibernate","h5b3rn8t",10
"hibiscus","h1b1skes",5
"hiccough","h1kep",1
"hiccup","h1kep",27
"hiccups","h1keps",65
"hick","h1k",102
"hickey","h1ki",70
"hickory","h1k3ri",69
"hicks","h1ks",227
"hid","h1d",596
"hidden","h1den",1085
"hide","h5d",3554
"hideaway","h5dew8",52
"hideous","h1dies",274
"hideout","h5dOt",80
"hides","h5dz",191
"hiding","h5d1N",2207
"hieroglyph","h5rogl1f",1
"high","h5",9945
"higher","h53r",1420
"highest","h5est",646
"highland","h5lend",81
"highlands","h5lendz",47
"highlight","h5l5t",79
"highlights","h5l5ts",88
"highly","h5li",1081
"highness","h5nes",807
"highschool","h5skul",9
"highway","h5w8",911
"highways","h5w8z",69
"hijack","h5G@k",79
"hijacked","h5G@kt",110
"hijackers","h5G@k3rz",41
"hijacking","h5G@k1N",73
"hike","h5k",333
"hiking","h5k1N",135
"hilarious","h1lEries",295
"hilary","h1l3ri",259
"hill","h1l",1915
"hillbilly","h1lb1li",104
"hills","h1lz",1027
"hillside","h1ls5d",62
"hilly","h1li",62
"hilt","h1lt",28
"him","h1m",177710
"himalayas","h1mel8ez",41
"himself","h1msElf",7168
"hind","h5nd",125
"hindsight","h5nds5t",46
"hindu","h1ndu",52
"hinge","h1nG",29
"hinges","h1nGez",80
"hint","h1nt",469
"hints","h1nts",83
"hip","h1p",786
"hippie","h1pi",139
"hippies","h1piz",67
"hippo","h1po",72
"hippopotamus","h1pepatemes",28
"hippy","h1pi",47
"hips","h1ps",309
"hire","h5r",1302
"hired","h5rd",1683
"hires","h5rz",82
"hiring","h5r1N",279
"his","h1z",108364
"hispanic","h1sp@n1k",64
"hiss","h1s",47
"hisself","h1sElf",66
"hissing","h1s1N",73
"historian","h1stcrien",45
"historic","h1stcr1k",185
"historical","h1stcr1kel",269
"historically","h1stcr1keli",56
"histories","h1st3riz",59
"history","h1st3ri",4280
"hit","h1t",14025
"hitch","h1C",208
"hitched","h1Ct",108
"hitchhike","h1Ch5k",48
"hitchhiker","h1Ch5k3r",50
"hitchhiking","h1Ch5k1N",69
"hither","h1D3r",51
"hitler","h1tl3r",628
"hits","h1ts",1020
"hitter","h1t3r",79
"hitting","h1t1N",1200
"hive","h5v",50
"hives","h5vz",64
"hm","hm",802
"ho","ho",2141
"hoagie","hogi",44
"hoarse","hcrs",25
"hoax","hoks",123
"hob","hab",3
"hobbies","habiz",105
"hobbit","hab1t",73
"hobby","habi",354
"hobo","hobo",91
"hoc","hak",13
"hock","hak",110
"hockey","haki",588
"hodge","haG",113
"hoe","ho",47
"hog","hag",261
"hogan","hogen",91
"hogg","hag",79
"hogging","hag1N",51
"hogs","hagz",101
"hoi","h2",86
"hoist","h2st",105
"hold","hold",22273
"holden","holden",173
"holder","hold3r",82
"holders","hold3rz",44
"holding","hold1N",3530
"holdings","hold1Nz",78
"holds","holdz",728
"holdup","hold^p",132
"hole","hol",2969
"holed","hold",98
"holes","holz",779
"holiday","hal1d8",1086
"holiday","haled8",1086
"holidays","haled8z",466
"holiness","holines",159
"holland","halend",341
"holler","hal3r",301
"hollering","hal3r1N",89
"hollow","halo",621
"holly","hali",548
"hollywood","haliwUd",1427
"holmes","holmz",1295
"holocaust","halekast",100
"holographic","halogr@f1k",53
"holster","holst3r",111
"holt","holt",272
"holy","holi",3475
"homage","am1G",67
"homage","ham1G",67
"home","hom",39491
"homeboy","homb2",124
"homecoming","homk^m1N",285
"homeland","homl@nd",244
"homeless","homles",543
"homely","homli",47
"homemade","homm8d",146
"homeowner","homon3r",60
"homer","hom3r",340
"homeroom","homrum",59
"homes","homz",722
"homesick","homs1k",123
"homestead","homstEd",59
"hometown","homtOn",199
"homeward","homw3rd",39
"homework","homw3rk",1027
"homey","homi",171
"homicidal","hames5del",103
"homicide","hames5d",782
"homicides","hames5dz",61
"homie","homi",93
"homies","homiz",60
"homing","hom1N",71
"homo","homo",189
"homogeneity","hameGenieti",5
"homosexual","homosEkSjuel",241
"homosexuality","homosEkSu@leti",49
"homosexuals","homosEkSuelz",80
"hon","h^n",837
"honcho","hanCo",47
"honda","hande",54
"honduras","handUres",43
"hone","hon",37
"honest","anest",3689
"honestly","anestli",1390
"honesty","anesti",368
"honey","h^ni",15325
"honeybee","h^nibi",10
"honeycomb","h^nikom",20
"honeydew","h^nidu",14
"honeymoon","h^nimun",826
"honeys","h^niz",51
"hong","haN",924
"honk","haNk",122
"honking","haNk1N",155
"honks","haNks",88
"honky","haNki",82
"honolulu","hanelulu",132
"honor","an3r",4912
"honorable","an3rebel",369
"honorary","an3rEri",77
"honored","an3rd",554
"honoring","an3r1N",78
"honors","an3rz",211
"honour","an3r",1213
"honourable","an3rebel",124
"honoured","an3rd",156
"honours","an3rz",69
"hoo","hu",203
"hooch","huC",53
"hood","hUd",785
"hoodlum","hUdlem",66
"hoodlums","hudlemz",63
"hoods","hUdz",78
"hooey","hui",43
"hoof","hUf",88
"hook","hUk",1938
"hookah","huke",2
"hooked","hUkt",669
"hooker","hUk3r",598
"hookers","hUk3rz",199
"hooking","hUk1N",129
"hooks","hUks",212
"hookup","hUk^p",40
"hooky","hUki",43
"hooligans","hul1genz",52
"hoop","hup",137
"hooper","hup3r",154
"hoops","hups",141
"hooray","hUr8",293
"hoot","hut",133
"hooters","hut3rz",118
"hoover","huv3r",162
"hooves","hUvz",66
"hop","hap",977
"hope","hop",16352
"hoped","hopt",830
"hopeful","hopfel",152
"hopefully","hopfeli",597
"hopeless","hoples",456
"hopelessly","hoplesli",78
"hopes","hops",770
"hoping","hop1N",2544
"hopped","hapt",86
"hopper","hap3r",459
"hopping","hap1N",121
"hops","haps",46
"hopscotch","hapskaC",15
"horace","hcr1s",344
"horace","hcres",344
"horde","hcrd",58
"hordes","hcrdz",41
"horizon","h3r5zen",228
"horizons","h3r5zenz",58
"horizontal","hcrezantel",77
"hormonal","hcrmonel",43
"hormone","hcrmon",69
"hormones","hcrmonz",188
"horn","hcrn",1075
"hornet","hcrn1t",68
"horns","hcrnz",316
"horny","hcrni",428
"horoscope","hcreskop",60
"horrendous","hcrEndes",52
"horrendous","herEndes",52
"horrible","hcrebel",2164
"horribly","hcrebli",125
"horrid","hcr1d",125
"horrific","hcr1f1k",70
"horrified","hcref5d",72
"horrify","hcref5",7
"horrifying","hcref51N",80
"horror","hcr3r",468
"horrors","hcr3rz",99
"hors","cr",116
"horse","hcrs",4737
"horseback","hcrsb@k",95
"horseman","hcrsmen",61
"horsemen","hcrsmen",53
"horseplay","hcrspl8",19
"horsepower","hcrspO3r",62
"horses","hcrsez",2087
"horseshit","hcrsS1t",116
"horseshoe","hcrsSu",52
"horsey","hcrsi",42
"hos","hoz",74
"hose","hoz",411
"hoses","hozez",55
"hospitable","hasp1tebel",42
"hospital","hasp1tel",6334
"hospitality","haspet@leti",231
"hospitalize","hasp1tel5z",2
"hospitalized","hasp1tel5zd",71
"hospitals","hasp1telz",315
"hoss","has",107
"host","host",766
"hostage","hast1G",743
"hostages","hast1Gez",494
"hostess","hostes",189
"hostile","hast5l",456
"hostile","hastel",456
"hostiles","hast5lz",70
"hostility","hast1leti",139
"hosting","host1N",107
"hosts","hosts",96
"hot","hat",9682
"hotcake","hatk8k",2
"hotdog","hatdag",20
"hotel","hotEl",5264
"hotels","hotElz",257
"hotline","hatl5n",79
"hots","hats",74
"hotshot","hatSat",179
"hotter","hat3r",238
"hottest","hatest",315
"hottie","hati",120
"hound","hOnd",257
"hounding","hOnd1N",43
"hounds","hOndz",96
"hour","O3r",8277
"hour","Or",8277
"hourglass","O3rgl@s",49
"hourglass","Orgl@s",49
"hours","O3rz",10959
"hours","Orz",10959
"house","hOs",26214
"house","hOz",26214
"housed","hOzd",42
"household","hOshold",354
"housekeeper","hOskip3r",298
"housekeeping","hOskip1N",153
"houses","hOsez",975
"housewife","hOsw5f",180
"housewives","hOsw5vz",113
"housework","hOsw3rk",64
"housing","hOz1N",207
"houston","hjusten",536
"hover","h^v3r",59
"hovering","h^v3r1N",103
"hovering","h^vr1N",103
"how","hO",155867
"howdy","hOdi",664
"howe","hO",41
"however","hOEv3r",2299
"howl","hOl",105
"howling","hOl1N",183
"howls","hOlz",64
"hub","h^b",156
"hubba","h^be",64
"hubble","h^bel",64
"hubby","h^bi",51
"huck","h^k",18
"huckleberry","h^kelbEri",44
"hud","h^d",74
"huddle","h^del",111
"hudson","h^dsen",481
"hue","hju",71
"huff","h^f",67
"hug","h^g",986
"huge","hjuG",2467
"huggable","h^gebel",6
"hugged","h^gd",87
"hugging","h^g1N",146
"hugh","hju",316
"hugo","hjugo",291
"hugo","jugo",291
"hugs","h^gz",89
"huh","h^",22350
"hula","hule",100
"hulk","h^lk",208
"hull","h^l",215
"hum","h^m",246
"human","hjumen",6363
"human","jumen",6363
"humane","hjum8n",93
"humanitarian","hjum@netErien",95
"humanity","hjum@n1ti",495
"humanity","jum@n1ti",495
"humanly","hjumenli",60
"humanoid","hjumen2d",42
"humans","hjumenz",831
"humans","jumenz",831
"humble","h^mbel",500
"humbled","h^mbeld",46
"humbly","h^mbli",95
"humbug","h^mb^g",49
"humid","hjum1d",45
"humidity","hjum1deti",68
"humiliate","hjum1li8t",213
"humiliated","hjum1li8t1d",339
"humiliating","hjum1li8t1N",300
"humiliation","hjum1li8Sen",238
"humility","hjum1leti",122
"hummed","h^md",9
"hummel","h^mel",43
"hummer","h^m3r",70
"humming","h^m1N",251
"hummingbird","h^m1Nb3rd",31
"humor","hjum3r",849
"humorous","hjum3res",75
"humour","hjum3r",269
"hump","h^mp",225
"humph","h^mf",19
"humping","h^mp1N",103
"hums","h^mz",112
"hun","h^n",81
"hunch","h^nC",383
"hunchback","h^nCb@k",50
"hunches","h^nCez",48
"hundred","h^ndred",4015
"hundreds","h^nd3rdz",1108
"hundreds","h^ndredz",1108
"hung","h^N",1436
"hungarian","h1NgErien",137
"hungary","h^Ng3ri",53
"hunger","h^Ng3r",300
"hungry","h^Ngri",3931
"hunk","h^Nk",263
"hunky","h^Nki",42
"huns","h^nz",78
"hunt","h^nt",1319
"hunted","h^nt1d",198
"hunted","h^nted",198
"hunter","h^nt3r",936
"hunters","h^nt3rz",247
"hunting","h^nt1N",1081
"hunts","h^nts",60
"hurdle","h3rdel",37
"hurl","h3rl",69
"hurley","h3rli",215
"hurrah","hera",120
"hurrah","hUr8",120
"hurrah","hUra",120
"hurray","h3r8",86
"hurray","her8",86
"hurricane","h3r1k8n",447
"hurricanes","h3r1k8nz",51
"hurried","h3rid",62
"hurry","h3ri",8856
"hurrying","h3ri1N",77
"hurt","h3rt",12564
"hurtful","h3rtfel",58
"hurting","h3rt1N",974
"hurts","h3rts",1907
"husband","h^zbend",9935
"husbands","h^zbendz",396
"hush","h^S",388
"hushed","h^St",25
"husky","h^ski",81
"hussy","h^si",63
"hustle","h^sel",402
"hustler","h^sl3r",151
"hustling","h^sl1N",86
"hut","h^t",674
"hutch","h^C",184
"huts","h^ts",56
"huzzah","h^za",42
"hyacinth","h5es1nT",21
"hybrid","h5br1d",104
"hybrid","h5bred",104
"hybrids","h5br1dz",50
"hyde","h5d",289
"hydrangea","h5dr8nGe",8
"hydrant","h5drent",52
"hydraulic","h5dral1k",58
"hydrogen","h5dreGen",136
"hyena","h5ine",72
"hyenas","h5inez",43
"hygiene","h5Gin",108
"hymn","h1m",83
"hymns","h1mz",48
"hype","h5p",83
"hyper","h5p3r",45
"hyperventilating","h5p3rvEntel8t1N",40
"hypnosis","h1pnos1s",101
"hypnotic","h1pnat1k",67
"hypnotist","h1pnet1st",41
"hypnotized","h1pnet5zd",61
"hypocrisy","h1pakresi",84
"hypocrite","h1pekr1t",166
"hypocrites","h1pekr1ts",57
"hypocritical","h1pekr1t1kel",64
"hypotenuse","h5patenus",10
"hypothesis","h5paTes1s",44
"hypothetical","h5peTEt1kel",125
"hypothetically","h5peTEt1keli",108
"hysteria","h1stErie",116
"hysterical","h1stEr1kel",362
"hysterically","h1stEr1keli",51
"i","5",2038529
"ice","5s",4057
"iceberg","5sb3rg",92
"icebox","5sbaks",124
"icecream","5skrim",6
"iced","5st",218
"iceland","5slend",45
"iceman","5sm@n",69
"icicle","5s1kel",15
"icing","5s1N",71
"icky","1ki",61
"icon","5kan",88
"icy","5si",135
"id","1d",169
"idea","5die",18311
"ideal","5dil",374
"idealistic","5diel1st1k",41
"ideals","5dilz",126
"ideas","5diez",1987
"identical","5dEnt1kel",282
"identification","5dEntefek8Sen",409
"identified","5dEntef5d",524
"identify","5dEntef5",825
"identifying","5dEntef51N",96
"identities","5dEntetiz",89
"identity","5dEnteti",662
"idiosyncrasy","1dios1Nkresi",10
"idiot","1diet",3377
"idiotic","1diat1k",198
"idiots","1diets",607
"idle","5del",141
"idol","5del",141
"if","1f",180610
"iffy","1fi",26
"igloo","1glu",15
"ignite","1gn5t",51
"ignition","1gn1Sen",212
"ignorance","1gn3rens",184
"ignorant","1gn3rent",319
"ignore","1gncr",951
"ignored","1gncrd",301
"ignores","1gncrz",45
"ignoring","1gncr1N",208
"iguana","1gwane",40
"ike","5k",95
"ilk","1lk",14
"ill","1l",1085
"illegal","1ligel",1199
"illegally","1ligeli",113
"illegitimate","1leG1temet",68
"illinois","1l1n2",90
"illiterate","1l1t3ret",50
"illness","1lnes",371
"illuminate","1lumen8t",42
"illusion","1luZen",421
"illusions","1luZenz",125
"illustrate","1lestr8t",40
"illustration","1lestr8Sen",24
"illustrious","1l^stries",72
"image","1m1G",1154
"imagery","1m1Gri",74
"images","1m1Gez",401
"imaginable","1m@Genebel",48
"imaginary","1m@GenEri",222
"imagination","1m@Gen8Sen",885
"imaginations","1m@Gen8Senz",44
"imaginative","1m@Genetev",70
"imagine","1m@Gen",4133
"imagined","1m@Gend",505
"imaging","1meG1N",64
"imagining","1m@Gen1N",247
"imbalance","1mb@lens",54
"imbecile","1mbes1l",147
"imitate","1met8t",92
"imitates","1met8ts",48
"imitating","1met8t1N",92
"imitation","1met8Sen",139
"immaculate","1m@kjulet",40
"immaterial","1met1riel",45
"immature","1meC3r",167
"immature","1metjUr",167
"immediate","1midiet",571
"immediately","1midietli",2446
"immense","1mEns",82
"immensely","1mEnsli",62
"immigrant","1megrent",79
"immigrants","1megrents",77
"immigration","1megr8Sen",128
"imminent","1menent",123
"immoral","1mcrel",133
"immortal","1mcrtel",260
"immortality","1mcrt@leti",102
"immune","1mjun",221
"immunity","1mjun1ti",216
"impact","1mp@kt",480
"impaired","1mpErd",43
"impartial","1mparSel",51
"impatience","1mp8Sens",35
"impatient","1mp8Sent",206
"impeccable","1mpEkebel",81
"impending","1mpEnd1N",55
"impenetrable","1mpEnetrebel",52
"imperative","1mpEretev",127
"imperfect","1mp3rfekt",49
"imperial","1mp1riel",126
"impersonal","1mp3rsenel",44
"impersonating","1mp3rsen8t1N",74
"impertinent","1mp3rtenent",55
"impetuous","1mpECues",58
"implant","1mpl@nt",109
"implanted","1mpl@nted",62
"implants","1mpl@nts",141
"implement","1mplement",63
"implicate","1mplek8t",56
"implicated","1mplek8ted",65
"implication","1mplek8Sen",48
"implications","1mplek8Senz",79
"implied","1mpl5d",109
"implies","1mpl5z",80
"implore","1mplcr",53
"imply","1mpl5",137
"implying","1mpl51N",147
"impolite","1mpel5t",66
"import","1mpcrt",111
"importance","1mpcrtens",390
"important","1mpcrtent",10587
"importantly","1mpcrtentli",278
"imported","1mpcrted",151
"impose","1mpoz",145
"imposed","1mpozd",66
"imposing","1mpoz1N",52
"impossible","1mpasebel",3015
"impostor","1mpast3r",101
"impotent","1mpetent",106
"impound","1mpOnd",85
"impounded","1mpOnded",52
"impoverish","1mpavr1S",1
"impractical","1mpr@kt1kel",45
"impress","1mprEs",520
"impressed","1mprEst",972
"impression","1mprESen",946
"impressionable","1mprESenebel",43
"impressions","1mprESenz",159
"impressive","1mprEs1v",865
"imprint","1mpr1nt",64
"imprisoned","1mpr1zend",105
"imprisonment","1mpr1zenment",93
"impromptu","1mpramptu",43
"improper","1mprap3r",57
"improve","1mpruv",413
"improved","1mpruvd",230
"improvement","1mpruvment",198
"improvements","1mpruvments",58
"improving","1mpruv1N",119
"improvise","1mprev5z",127
"impulse","1mp^ls",269
"impulses","1mp^lsez",109
"impulsive","1mp^ls1v",137
"impunity","1mpjun1ti",18
"impure","1mpjUr",41
"in","1n",498444
"inability","1neb1leti",81
"inaction","1n@kSen",7
"inactive","1n@kt1v",34
"inadequate","1n@dekwet",95
"inadvertently","1nedv3rtentli",54
"inappropriate","1nepropriet",338
"inbound","1nbOnd",62
"inc","1Nk",172
"incapable","1nk8pebel",173
"incapacitated","1nkep@set8ted",48
"incarcerated","1nkars3r8ted",51
"incarceration","1nkars3r8Sen",40
"incense","1nsEns",92
"incentive","1nsEnt1v",100
"incest","1nsEst",44
"inch","1nC",631
"inches","1nCez",660
"inchworm","1nCw3rm",12
"incident","1nsedent",883
"incidentally","1ns1dEnteli",193
"incidents","1ns1dents",135
"incision","1ns1Zen",121
"inclination","1nklen8Sen",42
"inclined","1nkl5nd",169
"include","1nklud",568
"included","1nklud1d",382
"included","1nkluded",382
"includes","1nkludz",269
"including","1nklud1N",1405
"income","1nk^m",378
"incoming","1nk^m1N",315
"incomparable","1nkamp3rebel",48
"incompetence","1nkampetens",76
"incompetent","1nkampetent",194
"incomplete","1nkemplit",109
"incomprehensible","1NkamprehEnsebel",42
"inconceivable","1nkensivebel",46
"inconclusive","1nkenklusev",42
"inconsiderate","1nkens1d3ret",73
"inconsistent","1nkens1stent",55
"inconvenience","1nkenvinjens",226
"inconvenient","1nkenvinjent",83
"incorporated","1nkcrp3r8ted",75
"incorrect","1nkerEkt",113
"increase","1nkris",436
"increased","1nkrist",208
"increases","1nkrisez",99
"increasing","1nkris1N",162
"increasingly","1nkris1Nli",91
"incredible","1nkrEdebel",1928
"incredibly","1nkrEdebli",668
"incriminating","1nkr1men8t1N",63
"incubator","1Nkjeb8t3r",51
"incurable","1nkjUrebel",52
"indebted","1ndEted",59
"indecent","1ndisent",91
"indeed","1ndid",2065
"indefinitely","1ndEfenetli",119
"independence","1nd1pEndens",204
"independent","1nd1pEndent",477
"independently","1ndepEndentli",48
"indestructible","1ndestr^ktebel",74
"index","1ndEks",106
"india","1ndie",72
"indian","1ndien",175
"indiana","1ndi@ne",99
"indians","1ndienz",146
"indicate","1ndek8t",425
"indicated","1ndek8t1d",203
"indicated","1ndek8ted",203
"indicates","1nd1k8ts",277
"indicating","1ndek8t1N",95
"indication","1ndek8Sen",181
"indications","1ndek8Senz",57
"indicator","1ndek8t3r",44
"indict","1nd5t",45
"indicted","1nd5ted",96
"indictment","1nd5tment",126
"indifference","1nd1f3rens",55
"indifferent","1nd1f3rent",58
"indifferent","1nd1frent",58
"indigenous","1nd1Genes",57
"indigestion","1nd1GEsCen",95
"indiscretion","1ndeskrESen",53
"indisposed","1nd1spozd",56
"indistinct","1nd1st1Nkt",252
"individual","1ndev1Guel",596
"individuality","1ndev1Gu@leti",43
"individually","1ndev1Gueli",65
"individuals","1ndev1Guelz",224
"indoor","1ndcr",68
"indoors","1ndcrz",126
"induce","1ndus",82
"induced","1ndust",63
"induct","1nd^kt",3
"indulge","1nd^lG",147
"indulgence","1nd^lGens",49
"industrial","1ndestriel",233
"industries","1ndestriz",45
"industry","1ndestri",596
"indy","1ndi",100
"inept","1nEpt",43
"inevitable","1nEvetebel",288
"inevitably","1nEvetebli",65
"inexcusable","1n1kskjuzebel",43
"inexperienced","1nEksp1rienst",58
"infamous","1nfemes",114
"infant","1nfent",215
"infantry","1nfentri",144
"infants","1nfents",63
"infatuation","1nf@Cu8Sen",43
"infect","1nfEkt",62
"infected","1nfEkt1d",422
"infection","1nfEkSen",446
"infections","1nfEkSenz",47
"infectious","1nfEkSes",65
"inferior","1nf1ri3r",156
"inferiority","1nf1ricreti",40
"infernal","1nf3rnel",60
"inferno","1nf3rno",47
"infest","1nfEst",14
"infested","1nfEsted",48
"infidel","1nfedEl",55
"infidelity","1nfedEleti",67
"infiltrate","1nfeltr8t",85
"infiltrated","1nfeltr8ted",63
"infiltration","1nfeltr8Sen",40
"infinite","1nfenet",178
"infinitely","1nfenetli",48
"infinity","1nf1neti",86
"infirmary","1nf3rm3ri",150
"inflation","1nfl8Sen",53
"inflict","1nfl1kt",69
"inflicted","1nfl1kted",73
"influence","1nfluens",754
"influenced","1nfluenst",107
"influences","1nfluensez",61
"influential","1nfluEnSel",81
"info","1nfo",189
"inform","1nfcrm",644
"informal","1nfcrmel",86
"informant","1nfcrment",213
"informants","1nfcrments",58
"information","1nfcrm8Sen",4557
"informed","1nfcrmd",633
"informer","1nfcrm3r",63
"informing","1nfcrm1N",57
"informs","1nfcrmz",43
"infrared","1nfrerEd",155
"infrastructure","1nfrestr^kC3r",60
"infuser","1nfjuz3r",56
"ingenious","1nGinjes",108
"ingenuity","1nGenueti",47
"ingredient","1ngridient",133
"ingredients","1ngridients",109
"inhabitants","1nh@b1tents",64
"inhabited","1nh@b1ted",57
"inhale","1nh8l",120
"inhaler","1nh8l3r",60
"inherit","1nhEr1t",181
"inheritance","1nhEr1tens",162
"inherited","1nhEret1d",215
"inhibitions","1n1b1Senz",44
"inhibitions","1nh1b1Senz",44
"inhibitor","1nh1bet3r",67
"inhuman","1nhjumen",91
"initial","1n1Sel",325
"initially","1n1Seli",105
"initials","1n1Selz",235
"initiate","1n1Si8t",170
"initiated","1n1Si8ted",108
"initiating","1n1Si8t1N",52
"initiation","1n1Si8Sen",68
"initiative","1n1Set1v",140
"inject","1nGEkt",123
"injected","1nGEkted",118
"injecting","1nGEkt1N",53
"injection","1nGEkSen",211
"injections","1nGEkSenz",66
"injunction","1nG^NkSen",66
"injure","1nG3r",51
"injured","1nG3rd",534
"injuries","1nG3riz",378
"injury","1nG3ri",520
"injustice","1nG^stes",163
"ink","1Nk",382
"inland","1nl@nd",69
"inland","1nlend",69
"inmate","1nm8t",137
"inmates","1nm8ts",197
"inn","1n",428
"inner","1n3r",507
"inning","1n1N",128
"innings","1n1Nz",49
"innit","1n1t",49
"innocence","1nesens",336
"innocent","1nesent",2780
"innocents","1nesents",73
"innovative","1nev8t1v",52
"innuendo","1njuEndo",46
"input","1npUt",152
"inquest","1nkwEst",41
"inquire","1nkw5r",86
"inquiries","1nkw3riz",77
"inquiring","1nkw5r1N",49
"inquiry","1nkw5ri",178
"inquiry","1nkweri",178
"inquisitive","1nkw1zet1v",51
"insane","1ns8n",1973
"insanely","1ns8nli",67
"insanity","1ns@n1ti",391
"insanity","1ns@neti",391
"insatiable","1ns8Sebel",50
"inscription","1nskr1pSen",87
"insect","1nsEkt",161
"insects","1nsEkts",158
"insecure","1nsekj3r",207
"insecurity","1nsekjUreti",55
"insensitive","1nsEns1t1v",191
"insensitive","1nsEnset1v",191
"inseparable","1nsEp3rebel",51
"insert","1ns3rt",141
"inserted","1ns3rted",59
"inside","1ns5d",10775
"insides","1ns5dz",135
"insidious","1ns1dies",45
"insight","1ns5t",143
"insightful","1ns5tfel",50
"insights","1ns5ts",52
"insignia","1ns1gnie",41
"insignificant","1ns1gn1fekent",134
"insinuate","1ns1nju8t",33
"insinuating","1ns1nju8t1N",49
"insist","1ns1st",910
"insisted","1ns1st1d",417
"insisted","1ns1sted",417
"insistent","1ns1stent",43
"insisting","1ns1st1N",83
"insists","1ns1sts",185
"insolence","1nselens",45
"insolent","1nselent",61
"insomnia","1nsamnie",88
"inspect","1nspEkt",130
"inspection","1nspEkSen",300
"inspector","1nspEkt3r",1124
"inspectors","1nspEkt3rz",43
"inspiration","1nsp3r8Sen",362
"inspirational","1nsp3r8Senel",62
"inspire","1nsp5r",198
"inspired","1nsp5rd",390
"inspires","1nsp5rz",58
"inspiring","1nsp5r1N",139
"instability","1nsteb1leti",52
"install","1nstal",138
"installation","1nstel8Sen",72
"installed","1nstald",230
"installing","1nstal1N",60
"instance","1nstens",856
"instant","1nstent",550
"instantly","1nstentli",232
"instead","1nstEd",4043
"instinct","1nst1Nkt",390
"instinctively","1nst1Nkt1vli",43
"instincts","1nst1Nkts",428
"institute","1nstetut",166
"instituted","1nstetuted",41
"institution","1nst1tuSen",396
"institutionalized","1nstetuSenel5zd",42
"institutions","1nstetuSenz",83
"instruct","1nstr^kt",85
"instructed","1nstr^kt1d",238
"instructed","1nstr^kted",238
"instruction","1nstr^kSen",103
"instructions","1nstr^kSenz",798
"instructor","1nstr^kt3r",240
"instrument","1nstrement",413
"instrumental","1nstremEntel",78
"instruments","1nstrements",262
"insubordination","1nsebcrden8Sen",64
"insufferable","1ns^f3rebel",49
"insufferable","1ns^frebel",49
"insufficient","1nsef1Sent",54
"insulation","1nsel8Sen",51
"insulin","1nselen",107
"insult","1ns^lt",639
"insulted","1ns^lt1d",306
"insulting","1ns^lt1N",274
"insults","1ns^lts",152
"insurance","1nSUrens",1955
"insure","1nSUr",54
"insured","1nSUrd",126
"intact","1nt@kt",324
"intake","1nt8k",66
"integrated","1ntegr8ted",55
"integrity","1ntEgreti",367
"intel","1ntEl",289
"intellect","1ntelEkt",109
"intellectual","1ntelEkCuel",234
"intellectually","1ntelEkCueli",40
"intellectuals","1ntelEkCuelz",41
"intelligence","1ntEleGens",983
"intelligent","1ntEleGent",689
"intend","1ntEnd",1183
"intended","1ntEnd1d",601
"intends","1ntEndz",104
"intense","1ntEns",520
"intensely","1ntEnsli",71
"intensity","1ntEnseti",127
"intensive","1ntEns1v",112
"intent","1ntEnt",286
"intention","1ntEnCen",559
"intentional","1ntEnSenel",75
"intentionally","1ntEnSeneli",108
"intentions","1ntEnCenz",366
"interact","1nt3r@kt",73
"interaction","1nt3r@kSen",60
"intercept","1nt3rsEpt",215
"intercepted","1nt3rsEpted",147
"intercom","1nt3rkam",107
"intercourse","1nt3rkcrs",193
"interest","1ntrest",2598
"interested","1ntrested",4374
"interesting","1ntrest1N",4421
"interests","1ntrests",677
"interface","1nt3rf8s",77
"interfere","1nt3rf1r",486
"interfered","1nt3rf1rd",81
"interference","1nt3rf1rens",237
"interferes","1nt3rf1rz",40
"interfering","1nt3rf1r1N",156
"interior","1nt1ri3r",267
"intermission","1nt3rm1Sen",69
"intern","1nt3rn",232
"internal","1nt3rnel",502
"internally","1nt3rneli",65
"international","1nt3rn@Senel",725
"internet","1nt3rnEt",334
"interns","1nt3rnz",96
"internship","1nt3rnS1p",152
"interpret","1nt3rpret",125
"interpretation","1nt3rpret8Sen",130
"interpreted","1nt3rpreted",55
"interpreter","1nt3rpret3r",91
"interrogate","1ntEreg8t",98
"interrogated","1ntEreg8ted",53
"interrogating","1ntEreg8t1N",62
"interrogation","1ntEreg8Sen",289
"interrupt","1nter^pt",955
"interrupted","1nter^pt1d",267
"interrupting","1nter^pt1N",391
"interruption","1nter^pSen",96
"interruptions","1nt3r^pSenz",55
"intersection","1nt3rsEkSen",116
"interstate","1nt3rst8t",110
"interval","1nt3rvel",45
"intervals","1nt3rvelz",65
"intervene","1nt3rvin",72
"intervened","1nt3rvind",41
"intervention","1nt3rvEnSen",186
"interview","1nt3rvju",1505
"interviewed","1nt3rvjud",183
"interviewing","1nt3rvju1N",153
"interviews","1nt3rvjuz",268
"intestine","1ntEst1n",52
"intestines","1ntEst1nz",87
"intimacy","1ntemesi",167
"intimate","1nt1m8t",355
"intimate","1ntemet",355
"intimately","1ntemetli",71
"intimidate","1nt1med8t",87
"intimidated","1nt1med8ted",137
"intimidating","1nt1m1d8t1N",70
"into","1ntu",43074
"intolerable","1ntal3rebel",69
"intolerant","1ntal3rent",44
"intoxicated","1ntaksek8ted",52
"intoxicating","1ntaksek8t1N",49
"intricate","1ntr1ket",53
"intrigue","1ntrig",77
"intrigued","1ntrigd",90
"intriguing","1ntrig1N",130
"intro","1ntro",102
"introduce","1ntredus",1771
"introduce","1ntrodus",1771
"introduced","1ntredust",593
"introduced","1ntrodust",593
"introducing","1ntredus1N",203
"introducing","1ntrodus1N",203
"introduction","1ntredekSen",218
"introduction","1ntrodekSen",218
"introductions","1ntred^kSenz",72
"intrude","1ntrud",129
"intruder","1ntrud3r",186
"intruders","1ntrud3rz",80
"intruding","1ntrud1N",94
"intrusion","1ntruZen",127
"intrusive","1ntrus1v",31
"intubate","1ntub8t",96
"intubated","1ntub8ted",42
"intubation","1ntub8Sen",49
"intuition","1ntu1Sen",175
"intuitive","1ntuet1v",54
"invade","1nv8d",156
"invaded","1nv8ded",140
"invaders","1nv8d3rz",74
"invading","1nv8d1N",86
"invalid","1nv@l1d",88
"invalid","1nvel1d",88
"invaluable","1nv@ljebel",66
"invariably","1nvEriebli",44
"invasion","1nv8Zen",434
"invasive","1nv8s1v",59
"invent","1nvEnt",235
"invented","1nvEnt1d",803
"invented","1nvEnted",803
"inventing","1nvEnt1N",69
"invention","1nvEnSen",310
"inventions","1nvEnSenz",83
"inventive","1nvEnt1v",46
"inventor","1nvEnt3r",117
"inventory","1nventcri",238
"invents","1nvEnts",43
"inverted","1nv3rted",40
"invest","1nvEst",241
"invested","1nvEst1d",202
"invested","1nvEsted",202
"investigate","1nvEsteg8t",483
"investigated","1nvEsteg8ted",161
"investigating","1nvEsteg8t1N",466
"investigation","1nvEsteg8Sen",1491
"investigations","1nvEsteg8Senz",106
"investigative","1nvEsteg8t1v",82
"investigator","1nvEsteg8t3r",311
"investigators","1nvEsteg8t3rz",137
"investing","1nvEst1N",88
"investment","1nvEstment",497
"investments","1nvEstments",120
"investor","1nvEst3r",65
"investors","1nvEst3rz",165
"invincible","1nv1nsebel",154
"invisibility","1nv1zeb1leti",34
"invisible","1nv1zebel",630
"invitation","1nv1t8Sen",759
"invitations","1nvet8Senz",170
"invite","1nv5t",1509
"invited","1nv5t1d",2064
"invited","1nv5ted",2064
"invites","1nv5ts",109
"inviting","1nv5t1N",367
"invoice","1nv2s",53
"invoices","1nv2sez",40
"invoke","1nvok",51
"involuntary","1nvalentEri",52
"involve","1nvalv",330
"involved","1nvalvd",3465
"involvement","1nvalvment",249
"involves","1nvalvz",255
"involving","1nvalv1N",204
"inward","1nw3rd",40
"iodine","5ed5n",64
"iodine","5edin",64
"iowa","5ewe",58
"iowa","5owe",58
"ira","5re",198
"iraq","1r@k",44
"iraq","1rak",44
"irascible","1r@s1bel",3
"ire","5r",14
"irene","5rin",161
"iris","5r1s",270
"iris","5res",270
"irish","5r1S",79
"irk","3rk",5
"irksome","3rksem",9
"iron","5rn",915
"ironed","5rend",49
"ironic","5ran1k",312
"ironically","5ran1keli",85
"irons","5rnz",95
"irony","5reni",233
"irrational","1r@Senel",149
"irregular","1rEgjel3r",129
"irrelevant","1rElevent",262
"irreplaceable","1repl8sebel",43
"irresistible","1rez1stebel",165
"irresponsible","1respansebel",237
"irreversible","1rev3rsebel",41
"irrigation","1reg8Sen",43
"irritable","1retebel",74
"irritate","1ret8t",48
"irritated","1ret8ted",70
"irritating","1ret8t1N",111
"is","1z",459663
"isaac","5zek",164
"isabel","1zebEl",180
"isabella","1zebEle",53
"isaiah","5z8e",74
"island","5lend",2018
"islands","5lendz",230
"isle","5l",62
"isolate","5sel8t",147
"isolated","5sel8t1d",310
"isolated","5sel8ted",310
"isolation","5sel8Sen",158
"isosceles","5saseliz",11
"israel","1zr8l",57
"israel","1zriel",57
"israeli","1zr8li",57
"issue","1Su",1741
"issued","1Sud",283
"issues","1Suz",954
"issuing","1Su1N",46
"isthmus","1smes",5
"it","1t",963712
"italian","1t@ljen",194
"italy","1teli",75
"itch","1C",213
"itches","1Cez",61
"itchiness","1Cines",1
"itching","1C1N",115
"itchy","1Ci",116
"item","5tem",628
"items","5temz",343
"itinerary","5t1n3rEri",85
"its","1ts",8757
"itself","1tsElf",2029
"ivory","5v3ri",71
"ivy","5vi",172
"jab","G@b",171
"jack","G@k",12831
"jackal","G@kel",81
"jackass","G@k@s",347
"jacked","G@kt",113
"jacket","G@k1t",1704
"jackets","G@k1ts",175
"jackie","G@ki",1276
"jacking","G@k1N",50
"jackpot","G@kpat",189
"jacks","G@ks",173
"jackson","G@ksen",1666
"jacksonville","G@ksenv1l",56
"jacky","G@ki",44
"jacob","G8keb",595
"jacoby","Gekobi",68
"jacqueline","G@kl1n",121
"jacqueline","G@klin",121
"jade","G8d",259
"jaded","G8ded",40
"jag","G@g",89
"jagged","G@g1d",29
"jagger","G@g3r",52
"jaguar","G@gwar",121
"jail","G8l",3602
"jailed","G8ld",44
"jailer","G8l3r",77
"jailhouse","G8lhOs",69
"jake","G8k",2245
"jam","G@m",690
"jamaica","Gem8ke",189
"jamaican","Gem8ken",73
"james","G8mz",3358
"jameson","G8mesen",93
"jammed","G@md",371
"jamming","G@m1N",86
"jams","G@mz",64
"jane","G8n",2192
"janet","G@n1t",913
"janet","G@net",913
"jangle","G@Ngel",17
"janitor","G@net3r",292
"january","G@njuEri",341
"janus","G8nes",91
"japan","Gep@n",791
"japanese","G@peniz",1312
"jape","G8p",4
"jar","Gar",424
"jars","Garz",99
"jasmine","G@zm1n",278
"jasmine","G@zmen",278
"jason","G8sen",1816
"jasper","G@sp3r",231
"jaundice","Gandes",14
"jaundiced","Gand1st",11
"jaunt","Gant",19
"jauntily","Ganteli",1
"jaunts","Gants",3
"jaunty","Ganti",9
"java","Gave",78
"jaw","Ga",364
"jaws","Gaz",133
"jay","G8",821
"jays","G8z",15
"jazz","G@z",608
"jealous","GEles",1952
"jealousy","GElesi",293
"jean","Gin",904
"jeans","Ginz",337
"jed","GEd",118
"jeep","Gip",524
"jeepers","Gip3rz",53
"jeer","G1r",3
"jeez","Giz",1067
"jefe","hef8",57
"jeff","GEf",1539
"jefferson","GEf3rsen",549
"jehovah","Gehove",40
"jekyll","GEkel",150
"jell","GEl",6
"jelly","GEli",363
"jellyfish","GElif1S",74
"jen","GEn",856
"jenna","GEne",383
"jennie","GEni",43
"jenny","GEni",1050
"jeopardize","GEp3rd5z",147
"jeopardizing","GEp3rd5z1N",40
"jeopardy","GEp3rdi",175
"jeremiah","GErem5e",120
"jeremy","GEremi",467
"jericho","GEreko",59
"jerk","G3rk",1690
"jerked","G3rkt",42
"jerking","G3rk1N",116
"jerks","G3rks",223
"jerky","G3rki",116
"jerry","GEri",3173
"jersey","G3rzi",923
"jerusalem","G3ruselem",217
"jess","GEs",1074
"jesse","GEsi",1290
"jest","GEst",68
"jester","GEst3r",117
"jesus","Gizes",8220
"jet","GEt",721
"jets","GEts",225
"jew","Gu",549
"jewel","Guel",369
"jewel","Gul",369
"jeweled","Gueld",15
"jeweled","Guld",15
"jeweler","Guel3r",53
"jeweler","Gul3r",53
"jewellery","Guelri",150
"jewelry","Guelri",564
"jewelry","Gulri",564
"jewels","Guelz",370
"jewels","Gulz",370
"jewish","Gu1S",702
"jews","Guz",520
"jiffy","G1fi",80
"jig","G1g",87
"jiggle","G1gel",62
"jigsaw","G1gsa",95
"jill","G1l",667
"jilt","G1lt",2
"jim","G1m",3277
"jimbo","G1mbo",163
"jiminy","G1m1ni",74
"jimmy","G1mi",4091
"jin","G1n",361
"jing","G1N",106
"jingle","G1Ngel",258
"jingles","G1Ngelz",50
"jinx","G1Nks",204
"jitters","G1t3rz",66
"jive","G5v",86
"jo","Go",707
"joan","Gon",954
"job","Gab",21063
"jobs","Gabz",1408
"jock","Gak",457
"jockey","Gaki",247
"jockeys","Gakiz",40
"jocks","Gaks",59
"jocular","Gakjul3r",1
"joe","Go",6532
"joel","Gol",396
"joey","Goi",3727
"jog","Gag",123
"jogging","Gag1N",131
"john","Gan",9877
"johnnie","Gani",195
"johnny","Gani",4408
"johns","Ganz",96
"johnson","Gansen",1546
"join","G2n",4255
"joined","G2nd",841
"joining","G2n1N",614
"joins","G2nz",84
"joint","G2nt",1405
"joints","G2nts",195
"joke","Gok",3724
"joker","Gok3r",233
"jokers","Gok3rz",52
"jokes","Goks",1040
"jokester","Gokst3r",4
"joking","Gok1N",949
"jolly","Gali",382
"jolt","Golt",70
"jonah","Gone",147
"jonathan","GaneTen",711
"jones","Gonz",1579
"jordan","Gcrden",1017
"jose","hoz8",227
"joseph","Gosef",1019
"joseph","Gozef",1019
"josephine","Gosefin",206
"josey","Gozi",42
"josh","GaS",1039
"joshua","GaSue",278
"josie","Gozi",227
"jot","Gat",37
"joule","Gul",1
"journal","G3rnel",453
"journalism","G3rnel1zm",195
"journalist","G3rnel1st",311
"journalist","G3rnelest",311
"journalists","G3rnel1sts",98
"journals","G3rnelz",91
"journey","G3rni",1017
"journeyed","G3rnid",58
"joust","GOst",58
"jove","Gov",65
"jowl","GOl",4
"joy","G2",1456
"joyce","G2s",371
"joyful","G2fel",76
"joyous","G2es",69
"joyride","G2r5d",45
"joys","G2z",70
"juan","wan",381
"jubilee","Gubeli",41
"judah","Gude",117
"judas","Gudes",230
"jude","Gud",101
"judge","G^G",4063
"judged","G^Gd",206
"judgement","G^Gment",189
"judges","G^Gez",426
"judging","G^G1N",416
"judgment","G^Gment",839
"judgmental","G^GmEntel",77
"judgments","G^Gments",58
"judicial","Gud1Sel",69
"judith","Gud1T",247
"judo","Gudo",49
"judy","Gudi",930
"jug","G^g",134
"juggle","G^gel",74
"juggler","G^gl3r",24
"juggling","G^gl1N",91
"jugs","G^gz",61
"jugular","GugjUl3r",71
"juice","Gus",1371
"juices","Gusez",56
"juicy","Gusi",219
"juke","Guk",24
"jukebox","Gukbaks",116
"julian","Gulien",378
"juliet","GuliEt",305
"julio","hulio",180
"julius","Guljes",414
"july","Gel5",616
"july","Gul5",616
"jumba","G^mbe",75
"jumble","G^mbel",16
"jumbo","G^mbo",144
"jump","G^mp",3561
"jumped","G^mpt",1078
"jumper","G^mp3r",117
"jumping","G^mp1N",728
"jumps","G^mps",253
"jumpy","G^mpi",158
"junction","G^NkSen",150
"juncture","G^NkC3r",40
"june","Gun",962
"jungle","G^Ngel",1151
"junior","Gunj3r",1825
"junk","G^Nk",784
"junket","G^Nket",43
"junkie","G^Nki",265
"junkies","G^Nkiz",106
"junkyard","G^Nkjard",137
"jupiter","Gup1t3r",206
"jupiter","Gupet3r",206
"juries","GUriz",80
"jurisdiction","GUr1sd1kSen",271
"jurisdiction","GUresd1kSen",271
"juror","GUr3r",131
"jurors","GUr3rz",127
"jury","G3ri",2181
"just","G^st",242206
"justice","G^st1s",1910
"justification","G^stefek8Sen",47
"justified","G^stef5d",126
"justify","G^stef5",256
"jut","G^t",5
"jute","Gut",12
"juvenile","Guven5l",261
"juvenile","Guvenel",261
"kahuna","kehune",107
"kai","k5",89
"kaiser","k5z3r",80
"kale","k8l",28
"kaleidoscope","kel5deskop",15
"kali","k@li",62
"kali","kali",62
"kam","k@m",70
"kamikaze","kamekazi",68
"kane","k8n",525
"kangaroo","k@Ngeru",118
"kansas","k@nzes",614
"kappa","k@pe",53
"kaput","kepUt",51
"karaoke","kErioki",170
"karate","kerati",386
"karen","kEren",1397
"karma","karme",176
"kat","k@t",142
"katharine","k@T3ren",66
"katherine","k@T3r1n",359
"katherine","k@Tr1n",359
"kathy","k@Ti",403
"katrina","ketrine",124
"kay","k8",551
"kayak","k5@k",26
"kazoo","kezu",31
"keats","kits",70
"keel","kil",61
"keeler","kil3r",85
"keen","kin",228
"keep","kip",35846
"keeper","kip3r",208
"keepers","kip3rz",70
"keeping","kip1N",2608
"keeps","kips",2681
"keg","kEg",175
"kegs","kEgz",49
"keister","kist3r",40
"kelly","kEli",2876
"kelp","kElp",63
"kelvin","kElv1n",134
"kemp","kEmp",116
"ken","kEn",854
"kennedy","kEnedi",598
"kennel","kEnel",57
"kenny","kEni",655
"keno","kino",43
"kensington","kEnz1Nten",42
"kent","kEnt",418
"kentucky","kent^ki",266
"kenya","kEnje",121
"kept","kEpt",4559
"kerchief","k3rCef",19
"kern","k3rn",58
"kernel","k3rnel",35
"kerosene","kEresin",66
"kerry","kEri",348
"kersey","k3rsi",52
"ketchup","kECep",310
"kettle","kEtel",143
"key","ki",4430
"keyboard","kibcrd",92
"keyhole","kihol",53
"keys","kiz",2601
"khaki","k@ki",42
"khan","kan",198
"ki","ki",43
"kibble","k1bel",41
"kick","k1k",3744
"kickable","k1kebel",1
"kicked","k1kt",1559
"kicker","k1k3r",54
"kicking","k1k1N",795
"kickoff","k1kaf",53
"kicks","k1ks",414
"kid","k1d",17299
"kidder","k1d3r",44
"kiddie","k1di",68
"kiddies","k1diz",92
"kidding","k1d1N",6822
"kiddo","k1do",432
"kiddy","k1di",18
"kidnap","k1dn@p",331
"kidnapped","k1dn@pt",836
"kidnapper","k1dn@p3r",206
"kidnappers","k1dn@p3rz",160
"kidnapping","k1dn@p1N",617
"kidnappings","k1dn@p1Nz",41
"kidney","k1dni",494
"kidneys","k1dniz",215
"kids","k1dz",15356
"kiki","kiki",162
"kill","k1l",23081
"killed","k1ld",14792
"killer","k1l3r",3206
"killers","k1l3rz",577
"killing","k1l1N",3965
"killings","k1l1Nz",184
"kills","k1lz",1015
"kiln","k1ln",19
"kilo","k1lo",80
"kilometer","k1lam1t3r",156
"kilometer","k1lemit3r",156
"kilometers","k1lam1t3rz",156
"kilometers","k1lemit3rz",156
"kilos","kiloz",92
"kilt","k1lt",31
"kim","k1m",1538
"kimono","kimono",55
"kin","k1n",218
"kind","k5nd",30125
"kinda","k5nde",2163
"kinder","k5nd3r",55
"kindergarten","k1nd3rgarten",195
"kindergartener","k1nd3rgartn3r",1
"kindergartner","k1nd3rgartn3r",2
"kindest","k5ndest",70
"kindly","k5ndli",538
"kindness","k5ndnes",460
"kindred","k1ndred",45
"kinds","k5ndz",1121
"king","k1N",6592
"kingdom","k1Ndem",787
"kingdoms","k1Ndemz",42
"kingpin","k1Np1n",51
"kings","k1Nz",457
"kingston","k1Nsten",124
"kinks","k1Nks",41
"kinky","k1Nki",152
"kip","k1p",96
"kirby","k3rbi",288
"kirk","k3rk",964
"kirsch","k1rS",31
"kirsch","k3rS",31
"kiss","k1s",6179
"kissed","k1st",1454
"kisser","k1s3r",174
"kisses","k1sez",398
"kissing","k1s1N",1189
"kissy","k1si",20
"kit","k1t",900
"kitchen","k1Cen",2974
"kite","k5t",117
"kits","k1ts",53
"kitten","k1ten",241
"kittens","k1tenz",82
"kitty","k1ti",1362
"kiwi","kiwi",40
"klan","kl@n",58
"kleenex","klinEks",78
"klutz","kl^ts",47
"knack","n@k",127
"knead","nid",9
"knee","ni",749
"kneecap","nik@p",29
"kneel","nil",272
"kneeling","nil1N",54
"knees","niz",1320
"knelt","nElt",19
"knew","nu",18817
"knickers","n1k3rz",65
"knife","n5f",2387
"knight","n5t",1365
"knights","n5ts",384
"knit","n1t",97
"knitting","n1t1N",115
"knives","n5vz",353
"knob","nab",125
"knobs","nabz",53
"knock","nak",3299
"knocked","nakt",1261
"knocker","nak3r",17
"knocking","nak1N",759
"knockout","nakOt",170
"knocks","naks",205
"knoll","nol",27
"knot","nat",188
"knots","nats",285
"know","no",291780
"knowing","no1N",2307
"knowledge","nal1G",1302
"knowledgeable","nal1Gebel",40
"known","non",6300
"knows","noz",12492
"knox","naks",249
"knuckle","n^kel",66
"knucklehead","n^kelhEd",55
"knuckles","n^kelz",176
"koala","koale",31
"kodiak","kodi@k",58
"koi","k2",29
"kong","kaN",1106
"kook","kuk",39
"kooky","kuki",35
"korea","kerie",637
"korean","kerien",506
"koreans","kcrienz",97
"kosher","koS3r",137
"kraft","kr@ft",43
"kraut","krOt",79
"krauts","krOts",104
"kremlin","krEml1n",50
"kris","kr1s",88
"krishna","kr1Sne",151
"kryptonite","kr1pton5t",41
"kudos","kudos",44
"kung","k^N",268
"kuwait","kuw8t",48
"kwan","kwan",123
"kyle","k5l",1229
"kyoto","kjoto",64
"lab","l@b",2020
"label","l8bel",351
"labeled","l8beld",72
"labels","l8belz",99
"labor","l8b3r",621
"laboratory","l@bretcri",331
"labour","l8b3r",166
"labs","l@bz",208
"labyrinth","l@ber1nT",41
"lac","l@k",82
"lace","l8s",189
"laced","l8st",56
"laceration","l@s3r8Sen",60
"lacerations","l@s3r8Senz",85
"laces","l8sez",44
"lacey","l8si",124
"lack","l@k",905
"lacked","l@kt",65
"lacking","l@k1N",129
"lacks","l@ks",107
"lacrosse","lekras",53
"lad","l@d",736
"ladder","l@d3r",472
"ladders","l@d3rz",40
"laddie","l@di",98
"laden","l8den",83
"ladies","l8diz",7054
"lads","l@dz",429
"lady","l8di",11071
"ladybug","l8dib^g",20
"ladylike","l8dil5k",43
"ladyship","l8diS1p",53
"lag","l@g",75
"lager","lag3r",25
"lagoon","legun",81
"laguna","legune",45
"lai","l5",56
"laid","l8d",1527
"lain","l8n",29
"lair","lEr",123
"laird","lErd",60
"lake","l8k",1836
"lakers","l8k3rz",94
"lakes","l8ks",105
"lam","l@m",175
"lama","lame",157
"lamb","l@m",542
"lambert","l@mb3rt",191
"lambs","l@mz",85
"lame","l8m",557
"lament","lemEnt",49
"laminate","l@men8t",10
"laminate","l@menet",10
"lamp","l@mp",657
"lamplight","l@mpl5t",6
"lamps","l@mps",104
"lancaster","l@Nk@st3r",65
"lance","l@ns",554
"lancelot","l@nselat",141
"land","l@nd",4494
"landed","l@nd1d",653
"landed","l@nded",653
"landfill","l@ndf1l",66
"landing","l@nd1N",818
"landings","l@nd1Nz",70
"landlady","l@ndl8di",106
"landlord","l@ndlcrd",272
"landmark","l@ndmark",64
"lands","l@ndz",356
"landscape","l@ndsk8p",127
"landscaping","l@ndsk8p1N",64
"landslide","l@ndsl5d",42
"lane","l8n",1704
"lanes","l8nz",98
"lang","l@N",198
"langley","l@Nli",191
"language","l@Ngw1G",1790
"languages","l@Ngw1Gez",209
"lansing","l@ns1N",43
"lantern","l@nt3rn",103
"lao","lO",68
"lap","l@p",687
"lapel","lepEl",25
"laps","l@ps",167
"lapse","l@ps",70
"laptop","l@ptap",177
"larceny","larseni",113
"lard","lard",86
"large","larG",2114
"largely","larGli",84
"largeness","larGnes",2
"larger","larG3r",418
"largest","larGest",402
"largo","largo",54
"lark","lark",83
"larry","lEri",2888
"lars","larz",116
"larvae","larvi",29
"larynx","lEr1Nks",58
"las","las",933
"lasagna","lezanje",183
"lascivious","les1vies",34
"laser","l8z3r",433
"lasers","l8z3rz",69
"lash","l@S",85
"lashes","l@Sez",44
"lass","l@s",136
"lassie","l@si",147
"lasso","l@so",45
"last","l@st",36878
"lasted","l@st1d",315
"lasted","l@sted",315
"lasting","l@st1N",120
"lasts","l@sts",252
"latch","l@C",98
"late","l8t",13756
"lately","l8tli",2459
"later","l8t3r",14889
"lateral","l@t3rel",78
"latest","l8test",955
"latex","l8tEks",74
"lath","l@T",3
"lathe","l8D",16
"lather","l@D3r",28
"latin","l@ten",561
"latino","letino",56
"latitude","l@tetud",81
"latrine","letrin",149
"lats","l@ts",47
"latte","lat8",123
"latter","l@t3r",64
"lattice","l@tes",4
"laugh","l@f",3206
"laughed","l@ft",545
"laughing","l@f1N",2667
"laughingstock","l@f1Nstak",52
"laughs","l@fs",1238
"laughter","l@ft3r",704
"launch","lanC",1018
"launched","lanCt",192
"launcher","lanC3r",42
"launching","lanC1N",122
"laundering","land3r1N",70
"laundromat","landrem@t",71
"laundry","landri",972
"laura","lcre",1448
"laurel","lcrel",188
"laurence","lcrens",53
"lava","lave",176
"lavage","levaZ",51
"lavatory","l@vetcri",49
"lavender","l@vend3r",104
"law","la",5932
"lawful","lafel",111
"lawfully","lafeli",55
"lawman","lamen",58
"lawn","lan",630
"lawnmower","lanmo3r",24
"lawns","lanz",57
"lawrence","lcrens",696
"laws","laz",868
"lawsuit","lasut",311
"lawsuits","lasuts",99
"lawyer","laj3r",4055
"lawyers","l23rz",975
"lawyers","laj3rz",975
"lax","l@ks",87
"laxative","l@kset1v",43
"lay","l8",2970
"layaway","l8ew8",74
"layer","l83r",189
"layers","l83rz",119
"laying","l81N",568
"layman","l8men",48
"layne","l8n",56
"layout","l8Ot",178
"lays","l8z",150
"lazarus","l@z3res",97
"laze","l8z",2
"laziness","l8zines",24
"lazy","l8zi",591
"leach","liC",38
"lead","lEd",4246
"lead","lid",4246
"leader","lid3r",1589
"leaders","lid3rz",453
"leadership","lid3rS1p",249
"leading","lid1N",1064
"leads","lidz",1009
"leaf","lif",265
"leafy","lifi",24
"league","lig",950
"leagues","ligz",107
"leak","lik",517
"leaked","likt",79
"leaking","lik1N",184
"leaks","liks",112
"leaky","liki",56
"lean","lin",529
"leaned","lind",87
"leaning","lin1N",217
"leans","linz",55
"leap","lip",340
"leapfrog","lipfrag",18
"leaping","lip1N",80
"leaps","lips",68
"leapt","lEpt",45
"lear","l1r",64
"learn","l3rn",6047
"learnable","l3rnebel",1
"learned","l3rnd",2964
"learner","l3rn3r",61
"learning","l3rn1N",1036
"learns","l3rnz",148
"learnt","l3rnt",162
"leary","l1ri",91
"lease","lis",320
"leased","list",58
"leash","liS",219
"least","list",10596
"leather","lED3r",693
"leave","liv",28596
"leaves","livz",2316
"leaving","liv1N",7211
"lebanese","lEbeniz",58
"lecture","lEkC3r",534
"lecturer","lEkC3r3r",41
"lectures","lEkC3rz",128
"lecturing","lEkC3r1N",72
"led","lEd",1225
"ledge","lEG",179
"ledger","lEG3r",62
"lee","li",2449
"leech","liC",89
"leeches","liCez",67
"leeds","lidz",78
"leek","lik",15
"leer","l1r",26
"leery","l1ri",162
"left","lEft",24707
"leftover","lEftov3r",61
"leftovers","lEftov3rz",127
"lefty","lEfti",158
"leg","lEg",2882
"legacy","lEgesi",256
"legal","ligel",1821
"legality","lig@leti",11
"legally","ligeli",388
"legend","lEGend",875
"legendary","lEGendEri",205
"legends","lEGendz",182
"legged","lEgd",7
"legged","lEged",7
"legion","liGen",126
"legislation","lEGesl8Sen",52
"legit","leG1t",136
"legitimate","leG1temet",384
"legs","lEgz",2835
"leisure","lEZ3r",129
"leisure","liZ3r",129
"lemon","lEmen",613
"lemonade","lEmen8d",281
"lemons","lEmenz",84
"lend","lEnd",595
"lending","lEnd1N",96
"length","lENT",358
"lengths","lENTs",115
"lenient","linient",46
"lens","lEnz",238
"lenses","lEnzez",116
"lent","lEnt",190
"leo","lio",2580
"leon","lian",519
"leonard","lEn3rd",634
"leonardo","lienardo",142
"leone","lion",63
"leopard","lEp3rd",276
"leper","lEp3r",63
"lepers","lEp3rz",46
"leprechaun","lEp3rkan",79
"lesbian","lEzbien",485
"lesbians","lEzbienz",138
"lesions","liZenz",53
"less","lEs",5666
"lesser","lEs3r",137
"lesson","lEsen",1644
"lessons","lEsenz",772
"lest","lEst",100
"lester","lEst3r",363
"let","lEt",123381
"letch","lEC",10
"lethal","liTel",289
"lets","lEts",918
"letter","lEt3r",4213
"letterman","lEt3rmen",64
"letters","lEt3rz",1910
"letting","lEt1N",1995
"lettuce","lEtes",173
"leukemia","lukimie",97
"levee","lEvi",26
"level","lEvel",2633
"levels","lEvelz",527
"lever","lEv3r",163
"lever","liv3r",163
"leverage","lEv3r1G",139
"leverage","lEvr1G",139
"levi","liv5",81
"levy","lEvi",99
"lew","lu",156
"lewd","lud",65
"lewis","lu1s",1102
"lex","lEks",132
"li","li",486
"liability","l5eb1leti",158
"liable","l5ebel",369
"liaison","li8zan",139
"liang","lj@N",89
"liar","l53r",1792
"liars","l53rz",184
"libel","l5bEl",56
"liberal","l1b3rel",203
"liberate","l1b3r8t",59
"liberated","l1b3r8ted",94
"liberating","l1b3r8t1N",49
"liberation","l1b3r8Sen",118
"liberties","l1b3rtiz",79
"liberty","l1b3rti",849
"libido","lebido",57
"librarian","l5brErien",147
"library","l5brEri",1170
"libya","l1bie",43
"lice","l5s",109
"licence","l5sens",251
"license","l5sens",1635
"licensed","l5senst",140
"licenses","l5sensez",48
"lick","l1k",559
"licked","l1kt",195
"licker","l1k3r",5
"licking","l1k1N",175
"licks","l1ks",54
"licorice","l1k3r1S",44
"lid","l1d",251
"lidocaine","l1dek8n",85
"lie","l5",6133
"lied","l5d",2234
"liege","liG",57
"lien","lin",29
"lies","l5z",1883
"lieu","lu",57
"lieutenant","lutEnent",5306
"lieutenants","lutEnents",56
"life","l5f",40629
"lifeboat","l5fbot",71
"lifeguard","l5fgard",85
"lifeless","l5fles",64
"lifeline","l5fl5n",44
"lifelong","l5flaN",77
"lifesaver","l5fs8v3r",62
"lifestyle","l5fst5l",252
"lifetime","l5ft5m",929
"lifetimes","l5ft5mz",50
"lift","l1ft",1741
"lifted","l1ft1d",360
"lifted","l1fted",360
"lifting","l1ft1N",221
"lifts","l1fts",121
"light","l5t",8425
"lightbulb","l5tb^lb",40
"lighted","l5ted",56
"lighten","l5ten",301
"lighter","l5t3r",457
"lighthouse","l5thOs",157
"lighting","l5t1N",323
"lightly","l5tli",235
"lightning","l5tn1N",721
"lights","l5ts",2877
"lightswitch","l5tsw1C",5
"lightweight","l5tw8t",59
"likable","l5kebel",43
"like","l5k",203947
"liked","l5kt",4017
"likelihood","l5klihUd",58
"likely","l5kli",1314
"likeness","l5knes",98
"likes","l5ks",3889
"likewise","l5kw5z",182
"liking","l5k1N",320
"lila","l5le",135
"lila","lile",135
"lilies","l1liz",97
"lilith","l1l1T",117
"lilly","l1li",238
"lilo","lilo",79
"lilt","l1lt",12
"lily","l1li",1370
"lima","l5me",61
"limb","l1m",238
"limber","l1mb3r",42
"limbo","l1mbo",121
"limbs","l1mz",132
"lime","l5m",168
"limit","l1m1t",664
"limitations","l1met8Senz",105
"limited","l1m1t1d",561
"limited","l1meted",561
"limits","l1m1ts",367
"limits","l1mets",367
"limo","l1mo",432
"limousine","l1mezin",144
"limp","l1mp",187
"limpet","l1mpet",46
"limping","l1mp1N",58
"lin","l1n",236
"lina","line",119
"lincoln","l1Nken",955
"linda","l1nde",1350
"linden","l1nden",59
"line","l5n",10515
"lineage","l1ni1G",43
"lined","l5nd",330
"linen","l1nen",149
"linens","l1nenz",53
"liner","l5n3r",62
"lines","l5nz",1960
"lineup","l5n^p",144
"ling","l1N",785
"linger","l1Ng3r",74
"lingerie","lanZ3r8",144
"lingering","l1Ng3r1N",45
"lingo","l1Ngo",59
"lining","l5n1N",231
"link","l1Nk",609
"linked","l1Nkt",219
"linking","l1Nk1N",67
"links","l1Nks",141
"linoleum","l1noliem",27
"lint","l1nt",68
"lion","l5en",783
"lionel","l5enel",194
"lioness","l5enes",17
"lions","l5enz",323
"lip","l1p",548
"liposuction","l1pos^kSen",40
"lips","l1ps",1590
"lipstick","l1pst1k",449
"liquid","l1kw1d",395
"liquids","l1kw1dz",45
"liquor","l1k3r",882
"liquored","l1k3rd",19
"lisbon","l1zben",85
"lisle","l5l",8
"lisp","l1sp",22
"list","l1st",4110
"listed","l1st1d",284
"listed","l1sted",284
"listen","l1sen",27784
"listened","l1send",747
"listener","l1sen3r",72
"listener","l1sn3r",72
"listeners","l1sen3rz",89
"listening","l1sen1N",3205
"listens","l1senz",279
"listing","l1st1N",96
"lists","l1sts",198
"lit","l1t",496
"liter","lit3r",89
"literal","l1t3rel",69
"literally","l1t3reli",739
"literally","l1treli",739
"literary","l1t3rEri",130
"literate","l1t3r1t",17
"literature","l1t3reC3r",326
"liters","lit3rz",140
"lithe","l5D",2
"lithium","l1Tiem",60
"litigation","l1teg8Sen",74
"litter","l1t3r",200
"litterbug","l1t3rb^g",3
"little","l1tel",73766
"littleness","l1telnes",4
"live","l1v",17574
"live","l5v",17574
"lived","l1vd",3368
"livelihood","l5vlihUd",76
"lively","l5vli",207
"liven","l5ven",46
"liver","l1v3r",729
"liverpool","l1v3rpul",97
"livery","l1v3ri",65
"lives","l1vz",7124
"lives","l5vz",7124
"livestock","l5vstak",102
"living","l1v1N",7983
"liza","lize",85
"lizard","l1z3rd",247
"lizards","l1z3rdz",65
"lizzie","l1zi",386
"llama","lame",72
"lo","lo",397
"load","lod",1490
"loaded","lod1d",948
"loaded","loded",948
"loading","lod1N",248
"loads","lodz",183
"loaf","lof",228
"loafers","lof3rz",50
"loan","lon",1013
"loaned","lond",111
"loans","lonz",141
"loath","loT",5
"loathe","loD",106
"loathing","loD1N",25
"loathsome","loDsem",53
"lob","lab",14
"lobby","labi",647
"lobe","lob",95
"lobo","lobo",43
"lobotomy","lebatemi",55
"lobster","labst3r",374
"lobsters","labst3rz",109
"local","lokel",2128
"locally","lokeli",58
"locals","lokelz",185
"locate","lok8t",524
"located","lok8ted",468
"locating","lok8t1N",72
"location","lok8Sen",1263
"locations","lok8Senz",179
"locator","lok8t3r",48
"loch","lak",88
"lock","lak",2885
"locked","lakt",2670
"locker","lak3r",815
"lockers","lak3rz",74
"locket","lak1t",87
"locking","lak1N",212
"locks","laks",341
"locksmith","laksm1T",52
"lockup","lak^p",69
"loco","loko",101
"locomotive","lokemot1v",41
"locust","lokest",44
"locusts","lokests",46
"lode","lod",41
"lodge","laG",341
"lodged","laGd",100
"lodging","laG1N",43
"loft","laft",186
"lofty","lafti",40
"log","lag",610
"logan","logen",1404
"logged","lagd",107
"logging","lag1N",46
"logic","laG1k",342
"logical","laG1kel",377
"logically","laG1keli",46
"logo","logo",92
"logs","lagz",185
"loin","l2n",18
"loins","l2nz",67
"loitering","l2t3r1N",60
"loki","loki",53
"loll","lal",5
"lollipop","lalipap",91
"london","l^nden",2347
"lone","lon",268
"loneliness","lonlines",255
"lonely","lonli",2125
"loner","lon3r",158
"lonesome","lonsem",357
"long","laN",34433
"longed","laNd",66
"longer","laNg3r",5046
"longest","laNg1st",243
"longest","laNgest",243
"longhair","laNhEr",4
"longhaired","laNhErd",8
"longing","laN1N",145
"longitude","lanGetud",42
"longs","laNz",50
"loo","lu",121
"look","lUk",99311
"looked","lUkt",6166
"lookee","lUki",46
"looker","lUk3r",53
"looking","lUk1N",22066
"lookout","lUkOt",227
"looks","lUks",15886
"lookup","lUk^p",2
"looky","lUki",98
"loom","lum",21
"loon","lun",72
"looney","luni",54
"loony","luni",123
"loop","lup",345
"loophole","luphol",52
"loops","lups",58
"loose","lus",2131
"loosely","lusli",41
"loosen","lusen",282
"loosened","lusend",52
"loot","lut",181
"looting","lut1N",55
"lop","lap",22
"lope","lop",6
"lor","lcr",63
"lora","lcre",99
"lord","lcrd",7046
"lords","lcrdz",175
"lordship","lcrdS1p",165
"lordy","lcrdi",108
"lore","lcr",34
"loren","lcren",68
"lori","lcri",418
"lorry","lcri",61
"lose","luz",8382
"loser","luz3r",1381
"losers","luz3rz",491
"loses","luzez",485
"losing","luz1N",2722
"loss","las",1485
"losses","lasez",239
"lost","last",13974
"lot","lat",29066
"lotion","loSen",166
"lots","lats",3068
"lottery","lat3ri",344
"lotto","lato",85
"lotus","lotes",104
"loud","lOd",2031
"louder","lOd3r",515
"loudly","lOdli",131
"loudmouth","lOdmOT",53
"loudness","lOdnes",2
"loudspeaker","lOdspik3r",47
"louie","lui",483
"louis","lu1s",1321
"louis","lui",1321
"louise","luiz",717
"louisiana","luizi@ne",226
"louisville","luiv1l",44
"lounge","lOnG",401
"loupe","lup",2
"louse","lOs",86
"lousy","lOzi",1210
"louvre","luv3r",65
"lovable","l^vebel",91
"love","l^v",56864
"lovebirds","l^vb3rdz",128
"loved","l^vd",5627
"lovelier","l^vli3r",42
"loveliest","l^vliest",67
"loveliness","l^vlines",41
"lovely","l^vli",4853
"lovemaking","l^vm8k1N",56
"lover","l^v3r",1358
"loverly","l^v3rli",41
"lovers","l^v3rz",572
"loves","l^vz",3695
"lovey","l^vi",52
"loving","l^v1N",1275
"lovingly","l^v1Nli",46
"low","lo",3016
"lowdown","lodOn",55
"lowe","lo",77
"lower","lo3r",1417
"lowercase","lo3rk8s",2
"lowered","lo3rd",93
"lowering","lo3r1N",59
"lowers","lo3rz",49
"lowest","loest",225
"lowlife","lol5f",105
"lowly","loli",87
"lowry","lOri",41
"lox","laks",46
"loyal","l2el",612
"loyalties","l2eltiz",41
"loyalty","l2elti",595
"lu","lu",100
"luau","luO",79
"luce","lus",97
"lucia","lusie",187
"lucid","lus1d",65
"lucidity","lus1d1ti",14
"lucifer","lusef3r",88
"lucille","lusil",289
"luck","l^k",7840
"lucked","l^kt",47
"luckier","l^ki3r",48
"luckiest","l^kiest",126
"luckily","l^keli",326
"lucky","l^ki",7316
"lucrative","lukret1v",66
"lucy","lusi",2132
"ludicrous","ludekres",84
"lug","l^g",132
"luger","lug3r",53
"luggage","l^g1G",567
"luke","luk",3071
"lull","l^l",60
"lullaby","l^leb5",88
"lulu","lulu",254
"lumbar","l^mbar",52
"lumber","l^mb3r",126
"lump","l^mp",181
"lumps","l^mps",88
"lumpy","l^mpi",89
"luna","lune",56
"lunacy","lunesi",51
"lunar","lun3r",105
"lunatic","lunet1k",433
"lunatics","lunet1ks",90
"lunch","l^nC",5310
"lunchbox","l^nCbaks",20
"luncheon","l^nCen",167
"lunches","l^nCez",130
"lunchroom","l^nCrum",17
"lunchtime","l^nCt5m",125
"lung","l^N",420
"lunge","l^nG",24
"lungs","l^Nz",540
"lupe","lup",82
"lupus","lupes",88
"lurch","l3rC",43
"lure","lUr",217
"lured","lUrd",74
"lurk","l3rk",21
"lurking","l3rk1N",112
"luscious","l^Ses",65
"lush","l^S",60
"lust","l^st",284
"lute","lut",19
"luther","luT3r",611
"lutheran","luT3ren",46
"lutheran","luTren",46
"luxurious","l^gZUries",57
"luxury","l^kS3ri",307
"lye","l5",31
"lying","l51N",4472
"lymph","l1mf",14
"lynch","l1nC",257
"lynching","l1nC1N",47
"lynn","l1n",488
"lyric","l1r1k",56
"lyrics","l1r1ks",259
"ma","ma",9476
"mac","m@k",1440
"macabre","mekab",19
"macabre","mekab3r",19
"macabre","mekabre",19
"macaroni","m@keroni",166
"macbeth","mekbET",119
"mace","m8s",178
"macfarlane","mekfarlen",114
"mach","mak",95
"machete","meSEti",53
"machine","meSin",3583
"machinery","meSin3ri",187
"machinery","meSinri",187
"machines","meSinz",707
"macho","maCo",191
"mack","m@k",363
"mackerel","m@k3rel",108
"mad","m@d",5784
"madagascar","m@deg@sk3r",47
"madam","m@dem",2244
"madame","m@dem",1591
"madame","med@m",1591
"madder","m@d3r",44
"made","m8d",28626
"madeline","m@del1n",311
"mademoiselle","m@demezEl",417
"madge","m@G",88
"madhouse","m@dhOs",67
"madison","m@d1sen",466
"madison","m@desen",466
"madly","m@dli",155
"madman","m@dm@n",269
"madness","m@dnes",431
"madonna","medane",283
"madre","madr8",44
"madrid","medr1d",133
"mae","m8",407
"maestro","m5stro",152
"mafia","mafie",238
"mag","m@g",78
"magazine","m@gezin",1693
"magazines","m@gezinz",523
"magenta","meGEnte",32
"maggie","m@gi",1372
"maggot","m@get",81
"maggots","m@gets",106
"magic","m@G1k",2687
"magical","m@G1kel",464
"magically","m@G1keli",85
"magician","meG1Sen",390
"magicians","meG1Senz",45
"magistrate","m@Gestr8t",70
"magistrate","m@Gestret",70
"magnesium","m@gniziem",46
"magnet","m@gnet",140
"magnetic","m@gnEt1k",215
"magnetism","m@gnet1zm",49
"magneto","m@gnito",54
"magnets","m@gnets",46
"magnificent","m@gn1f1sent",674
"magnificent","m@gn1fesent",674
"magnifying","m@gnef51N",49
"magnitude","m@gnetud",73
"magnolia","m@gnolie",36
"magnum","m@gnem",613
"mags","m@gz",57
"mahal","mehal",49
"mahjong","maGaN",89
"mahogany","mehageni",38
"maid","m8d",1164
"maiden","m8den",282
"maids","m8dz",141
"mail","m8l",1879
"mailbag","m8lb@g",5
"mailbox","m8lbaks",212
"mailed","m8ld",106
"mailing","m8l1N",67
"mailman","m8lm@n",147
"maim","m8m",22
"main","m8n",2179
"maine","m8n",282
"mainframe","m8nfr8m",103
"mainland","m8nl@nd",154
"mainly","m8nli",256
"mainstream","m8nstrim",63
"maintain","m8nt8n",661
"maintained","m8nt8nd",114
"maintaining","m8nt8n1N",94
"maintains","m8nt8nz",57
"maintenance","m8ntenens",349
"maitre","m8t3r",48
"majestic","meGEst1k",70
"majesty","m@Gesti",1863
"major","m8G3r",5343
"majority","meGcreti",261
"majors","m8G3rz",162
"make","m8k",70775
"makeover","m8kov3r",83
"maker","m8k3r",251
"makers","m8k3rz",80
"makes","m8ks",12296
"makeup","m8k^p",790
"making","m8k1N",11349
"makings","m8k1Nz",48
"mal","m@l",139
"malaria","melErie",85
"malaysia","mel8Ze",63
"male","m8l",1731
"males","m8lz",134
"malfeasance","m@lfizens",15
"malfunction","m@lf^NkSen",147
"mali","mali",54
"malice","m@l1s",60
"malicious","mel1Ses",80
"malignant","mel1gnent",63
"mall","mal",964
"malls","malz",69
"malpractice","m@lpr@kt1s",79
"malt","malt",84
"mama","mame",5289
"mambo","mambo",129
"mamie","m8mi",48
"mamma","mame",154
"mammal","m@mel",62
"mammals","m@melz",56
"mammoth","m@meT",40
"mammy","m@mi",119
"man","m@n",94133
"manage","m@n1G",1095
"managed","m@n1Gd",846
"management","m@n1Gment",594
"manager","m@n1G3r",2038
"managers","m@n1G3rz",115
"manages","m@n1Gez",80
"managing","m@n1G1N",173
"manatee","m@neti",10
"manchester","m@nCEst3r",138
"mandarin","m@nd3r1n",67
"mandate","m@nd8t",76
"mandatory","m@ndetcri",126
"mandrake","m@ndr8k",57
"mane","m8n",30
"maneuver","menuv3r",143
"maneuvering","menuv3r1N",52
"maneuvers","menuv3rz",87
"manger","m8nG3r",51
"mangled","m@Ngeld",50
"mango","m@Ngo",84
"mangy","m8nGi",81
"manhattan","m@nh@ten",628
"manhole","m@nhol",38
"manhood","m@nhUd",146
"manhunt","m@nh^nt",62
"mania","m8nie",52
"maniac","m8ni@k",479
"maniacs","m8ni@ks",69
"manic","m@n1k",70
"manicure","m@nekjUr",101
"manifest","m@nefEst",188
"manifestation","m@nefEst8Sen",53
"manila","men1le",74
"manipulate","men1pjel8t",177
"manipulated","men1pjel8ted",93
"manipulating","men1pjel8t1N",73
"manipulation","men1pjel8Sen",69
"manipulative","men1pjel8tev",83
"mankind","m@nk5nd",447
"manly","m@nli",206
"manned","m@nd",66
"mannequin","m@nek1n",62
"manner","m@n3r",588
"mannered","m@n3rd",7
"manners","m@n3rz",651
"manning","m@n1N",222
"manny","m@ni",693
"mano","mano",76
"manor","m@n3r",174
"manpower","m@npO3r",105
"manse","m@ns",2
"mansion","m@nSen",329
"manslaughter","m@nslat3r",140
"mantel","m@ntel",38
"mantle","m@ntel",110
"mantra","m@ntre",43
"manual","m@njuel",408
"manually","m@njueli",83
"manufacture","m@njef@kC3r",124
"manufactured","m@njef@kC3rd",92
"manufacturer","m@njef@kC3r3r",91
"manufacturers","m@njef@kC3r3rz",50
"manufacturing","m@njef@kC3r1N",86
"manure","menUr",106
"manuscript","m@njeskr1pt",137
"many","mEni",18331
"mao","mO",65
"map","m@p",1623
"maple","m8pel",165
"mapped","m@pt",46
"mapping","m@p1N",43
"maps","m@ps",251
"mar","mar",205
"mara","mare",154
"maraschino","m@reskino",12
"marathon","mEreTan",228
"marble","marbel",266
"marbles","marbelz",155
"marc","mark",262
"marcel","marsEl",72
"marcello","marsElo",94
"march","marC",1225
"marched","marCt",108
"marches","marCez",71
"marching","marC1N",334
"marco","marko",607
"mardi","mardi",50
"mare","mEr",148
"margaret","marg3ret",1633
"margarita","marg3rite",71
"margarita","margerite",71
"margaritas","marg3ritez",67
"margaritas","margeritez",67
"marge","marG",225
"margin","marG1n",100
"margins","marG1nz",53
"marguerite","marg3rit",132
"maria","m3rie",1154
"mariachi","mariaCi",42
"mariachi","mEriaCi",42
"marian","mErien",199
"marie","m3ri",1348
"marigold","mEregold",8
"marijuana","mErewane",271
"marilyn","mErel1n",451
"marilyn","mErelen",451
"marina","merine",240
"marine","m3rin",718
"marines","merinz",491
"marital","m@r1tel",105
"marital","mEr1tel",105
"marjorie","marG3ri",149
"mark","mark",4183
"marked","markt",547
"marker","mark3r",267
"markers","mark3rz",120
"market","mark1t",1848
"marketing","mark1t1N",243
"marketplace","mark1tpl8s",83
"markets","mark1ts",100
"marking","mark1N",82
"markings","mark1Nz",92
"marks","marks",1117
"marksman","marksmen",74
"marlin","marl1n",85
"marmalade","marmel8d",52
"maroon","merun",61
"marquis","marki",144
"marriage","mEr1G",3930
"marriages","mEr1Gez",199
"married","mErid",12163
"marries","mEriz",155
"marrow","mEro",151
"marry","mEri",5322
"marrying","mEri1N",812
"mars","marz",535
"marsh","marS",179
"marshal","marSel",900
"marshall","marSel",1321
"marshals","marSelz",70
"marshmallow","marSmElo",77
"marshmallows","marSmEloz",97
"marsupials","marsupielz",3
"mart","mart",97
"martha","marTe",1461
"martial","marSel",296
"martian","marSen",88
"martians","marSenz",65
"martin","mart1n",2170
"martin","marten",2170
"martinez","martinEz",212
"martini","martini",405
"martinis","martiniz",168
"martyr","mart3r",132
"martyrs","mart3rz",48
"marvel","marvel",99
"marvellous","marveles",222
"marvelous","marveles",671
"marx","marks",128
"mary","mEri",4492
"maryland","mErelend",162
"marys","mEriz",57
"mascara","m@skEre",64
"mascot","m@skat",84
"masculine","m@skjel1n",125
"mash","m@S",224
"mashed","m@St",188
"mask","m@sk",1010
"masked","m@skt",120
"masks","m@sks",289
"mason","m8sen",709
"masquerade","m@sk3r8d",82
"mass","m@s",880
"massachusetts","m@seCusets",212
"massacre","m@sek3r",202
"massacred","m@sek3rd",49
"massage","mesaZ",565
"massages","mesaZez",59
"masses","m@sez",138
"masseur","mes3r",20
"masseur","mesUr",20
"masseuse","mesus",72
"masseuse","mesUz",72
"massive","m@s1v",508
"mast","m@st",83
"master","m@st3r",4450
"mastered","m@st3rd",70
"mastermind","m@st3rm5nd",69
"masterpiece","m@st3rpis",180
"masters","m@st3rz",386
"masturbate","m@st3rb8t",62
"masturbating","m@st3rb8t1N",60
"masturbation","m@st3rb8Sen",87
"mat","m@t",178
"match","m@C",2521
"matchbook","m@CbUk",51
"matchbox","m@Cbaks",19
"matched","m@Ct",205
"matches","m@Cez",659
"matching","m@C1N",230
"matchmaker","m@Cm8k3r",41
"matchstick","m@Cst1k",1
"mate","m8t",1491
"mater","mat3r",83
"material","met1riel",1129
"materials","met1rielz",214
"maternal","met3rnel",75
"maternity","met3rneti",125
"mates","m8ts",243
"matey","m8ti",61
"math","m@T",836
"mathematical","m@Tem@t1kel",81
"mathematical","m@Tm@t1kel",81
"mathematician","m@Temet1Sen",49
"mathematician","m@Tmet1Sen",49
"mathematics","m@Tm@t1ks",156
"matilda","met1lde",131
"matinee","m@ten8",58
"mating","m8t1N",194
"matriculate","metr1kjul8t",3
"matrimony","m@tremoni",136
"matrix","m8tr1ks",194
"mats","m@ts",61
"matt","m@t",1604
"matter","m@t3r",18900
"mattered","m@t3rd",157
"matters","m@t3rz",1710
"matthew","m@Tju",790
"mattress","m@tres",337
"mattresses","m@tresez",55
"mature","meC3r",419
"mature","metUr",419
"maturity","meCUreti",102
"matzo","matse",49
"mausoleum","mazeliem",43
"mauve","mav",27
"mauve","mov",27
"maverick","m@v3r1k",134
"mavis","m8v1s",89
"maw","ma",12
"max","m@ks",3620
"maxim","m@ks1m",65
"maximize","m@ksem5z",45
"maximum","m@ksemem",396
"maxwell","m@kswEl",257
"may","m8",26080
"maya","m5e",238
"mayan","m5en",49
"maybe","m8bi",47249
"mayberry","m8bEri",46
"mayday","m8d8",300
"mayflower","m8flO3r",76
"mayhem","m8hEm",109
"mayo","m8o",166
"mayonnaise","m8en8z",115
"mayor","m83r",1595
"maze","m8z",130
"mazel","mazel",92
"me","mi",471339
"mead","mid",53
"meadow","mEdo",116
"meadows","mEdoz",94
"meal","mil",1472
"meals","milz",404
"mealtime","milt5m",9
"mean","min",63443
"meaner","min3r",60
"meanest","minest",95
"meanie","mini",21
"meaning","min1N",1904
"meaningful","min1Nfel",176
"meaningless","min1Nles",248
"meanness","minnes",26
"means","minz",11136
"meant","mEnt",5316
"meantime","mint5m",769
"meanwhile","minw5l",812
"measles","mizelz",107
"measly","mizli",63
"measure","mEZ3r",537
"measured","mEZ3rd",144
"measurement","mEZ3rment",27
"measurements","mEZ3rments",102
"measurer","mEZ3r3r",1
"measures","mEZ3rz",268
"measuring","mEZ3r1N",126
"meat","mit",2226
"meatball","mitbal",132
"meatballs","mitbalz",115
"meatloaf","mitlof",119
"meats","mits",42
"meaty","miti",18
"mecca","mEke",90
"mechanic","mek@n1k",258
"mechanical","mek@n1kel",250
"mechanics","mek@n1ks",123
"mechanism","mEken1zm",190
"med","mEd",344
"medal","mEdel",590
"medallion","med@ljen",68
"medals","mEdelz",208
"meddle","mEdel",63
"meddling","mEdl1N",69
"medevac","mEdiv@k",43
"media","midie",1137
"medic","mEd1k",291
"medical","mEd1kel",2774
"medically","mEd1keli",75
"medication","mEd1k8Sen",652
"medications","mEd1k8Senz",78
"medicine","mEd1sen",1744
"medicines","mEd1senz",58
"medics","mEd1ks",66
"medieval","m1divel",151
"medina","medine",67
"mediocre","midiok3r",71
"meditate","mEd1t8t",52
"meditation","mEdet8Sen",84
"mediterranean","mEd1ter8nien",121
"medium","midiem",362
"meds","mEdz",242
"medusa","meduse",53
"meek","mik",88
"meet","mit",17966
"meeting","mit1N",6752
"meetings","mit1Nz",530
"meets","mits",475
"meg","mEg",859
"mega","mEge",40
"mel","mEl",778
"melancholy","mElenkali",111
"melbourne","mElb3rn",59
"melbourne","mElbcrn",59
"meld","mEld",12
"melissa","mel1se",450
"mellow","mElo",153
"melodramatic","mEledrem@t1k",62
"melody","mEledi",337
"melon","mElen",218
"melons","mElenz",72
"melt","mElt",373
"meltdown","mEltdOn",103
"melted","mElt1d",201
"melted","mElted",201
"melting","mElt1N",168
"melts","mElts",94
"member","mEmb3r",1468
"members","mEmb3rz",1224
"membership","mEmb3rS1p",165
"membrane","mEmbr8n",57
"memento","memEnto",65
"memo","mEmo",337
"memoirs","mEmwarz",56
"memorabilia","mEm3rebilje",25
"memorable","mEm3rebel",115
"memorial","memcriel",360
"memories","mEm3riz",1132
"memorize","mEm3r5z",148
"memorized","mEm3r5zd",109
"memory","mEm3ri",2477
"memos","mEmoz",43
"memphis","mEmf1s",252
"memphis","mEmfes",252
"men","mEn",19011
"menace","mEn1s",190
"menace","mEnes",190
"mend","mEnd",133
"mended","mEnded",44
"mending","mEnd1N",49
"menelaus","mEn1l8es",44
"menopause","mEnepaz",63
"mental","mEntel",1002
"mentality","mEnt@leti",108
"mentally","mEnteli",290
"menthol","mEnTal",22
"mention","mEnSen",3033
"mentioned","mEnSend",1556
"mentioning","mEnSen1N",146
"mentions","mEnSenz",70
"mentor","mEnt3r",178
"mentor","mEntcr",178
"menu","mEnju",508
"menus","mEnjuz",100
"meow","miO",150
"mercenaries","m3rsenEriz",60
"mercenary","m3rsenEri",98
"mercer","m3rs3r",117
"merchandise","m3rCend5s",245
"merchant","m3rCent",146
"merchants","m3rCents",55
"merci","mErsi",248
"merciful","m3rs1fel",178
"merciless","m3rseles",61
"mercury","m3rkj3ri",195
"mercy","m3rsi",1291
"mere","m1r",401
"merely","m1rli",795
"merge","m3rG",71
"merger","m3rG3r",202
"meril","mErel",65
"meringue","m3r@N",33
"merit","mEr1t",173
"merits","mEr1ts",97
"merlin","m3rl1n",289
"mermaid","m3rm8d",161
"merrier","mEri3r",62
"merrily","mEreli",111
"merry","mEri",1994
"mesa","m8se",66
"mesh","mES",35
"mess","mEs",3985
"message","mEs1G",4667
"messages","mEs1Gez",948
"messed","mEst",853
"messenger","mEs1nG3r",411
"messes","mEsez",114
"messiah","mes5e",136
"messiness","mEsines",1
"messing","mEs1N",665
"messy","mEsi",350
"met","mEt",9758
"metabolism","met@bel1zm",55
"metal","mEtel",992
"metallic","met@l1k",67
"metals","mEtelz",55
"metaphor","mEtefcr",198
"metaphors","mEtefcrz",44
"metaphysical","mEtef1z1kel",42
"meteor","miti3r",180
"meteorite","miticr5t",41
"meteorite","mitier5t",41
"meter","mit3r",317
"meters","mit3rz",361
"meth","mET",120
"methane","mET8n",58
"method","mETed",402
"methods","mETedz",330
"meticulous","met1kjeles",52
"metres","mit3rz",68
"metro","mEtro",231
"metropolis","metrapel1s",52
"metropolitan","mEtrepal1ten",76
"mets","mEts",82
"mew","mju",23
"mexican","mEks1ken",624
"mexicans","mEks1kenz",117
"mexico","mEks1ko",1580
"mia","mie",283
"miami","m5@mi",812
"micah","m5ke",109
"mice","m5s",335
"michael","m5kel",10115
"michelangelo","m5kel@nG1lo",78
"michelangelo","m5kel@nGelo",78
"michigan","m1S1gen",298
"mick","m1k",416
"mickey","m1ki",956
"micky","m1ki",57
"microchip","m5kroC1p",74
"microfilm","m5krof1lm",67
"microphone","m5krefon",232
"microphones","m5krefonz",50
"microscope","m5kreskop",129
"microscopic","m5kreskap1k",58
"microwave","m5krow8v",199
"mid","m1d",64
"midday","m1dd8",42
"middle","m1del",4549
"middleman","m1delm@n",41
"middleweight","m1delw8t",43
"midge","m1G",103
"midget","m1G1t",235
"midgets","m1G1ts",116
"midnight","m1dn5t",1447
"midst","m1dst",175
"midterm","m1dt3rm",101
"midterms","m1dt3rmz",46
"midtown","m1dtOn",75
"midway","m1dw8",113
"midwest","m1dwEst",94
"mig","m1g",24
"might","m5t",26334
"mighty","m5ti",1355
"migraine","m5gr8n",95
"mike","m5k",5707
"mil","m1l",146
"milady","mel8di",131
"milan","melan",96
"mild","m5ld",245
"mildly","m5ldli",68
"mildred","m1ldr1d",280
"mile","m5l",1071
"mileage","m5l1G",101
"miles","m5lz",4500
"militant","m1letent",45
"military","m1l1tEri",2103
"military","m1letEri",2103
"militia","mel1Se",115
"milk","m1lk",2169
"milking","m1lk1N",71
"milkman","m1lkm@n",48
"milkshake","m1lkS8k",42
"milky","m1lki",95
"mill","m1l",486
"millennium","m1lEniem",219
"miller","m1l3r",1165
"milligrams","m1legr@mz",100
"millimeter","m1lemit3r",70
"million","m1ljen",6145
"millionaire","m1ljenEr",291
"millionaires","m1ljenErz",90
"millions","m1ljenz",1147
"mills","m1lz",227
"milly","m1li",136
"milo","m5lo",409
"milt","m1lt",60
"milton","m1lten",205
"milwaukee","m1lwaki",118
"mime","m5m",58
"mimic","m1m1k",40
"min","m1n",219
"mina","mine",139
"mince","m1ns",27
"mind","m5nd",24715
"minded","m5nded",71
"minding","m5nd1N",130
"mindless","m5ndles",87
"minds","m5ndz",1072
"mine","m5n",12800
"minefield","m5nfild",52
"miner","m5n3r",74
"mineral","m1n3rel",132
"minerals","m1n3relz",56
"miners","m5n3rz",177
"minerva","m1n3rve",65
"mines","m5nz",316
"ming","m1N",339
"mingle","m1Ngel",137
"mingling","m1Ngl1N",43
"mini","m1ni",184
"miniature","m1nieCUr",128
"minibar","m1nibar",52
"minimal","m1nemel",110
"minimize","m1nem5z",54
"minimum","m1nemem",415
"mining","m5n1N",161
"minion","m1njen",47
"minions","m1njenz",81
"minister","m1n1st3r",941
"minister","m1nest3r",941
"ministers","m1nest3rz",75
"ministry","m1n1stri",196
"ministry","m1nestri",196
"minivan","m1niv@n",81
"mink","m1Nk",189
"minneapolis","m1ni@peles",76
"minnesota","m1n1sote",199
"minnie","m1ni",141
"minor","m5n3r",654
"minority","m1ncreti",113
"minority","m5ncreti",113
"minors","m5n3rz",65
"mint","m1nt",277
"mints","m1nts",81
"minus","m5nes",401
"minute","m1net",19252
"minute","m5njut",19252
"minute","m5nut",19252
"minutes","m1nets",13924
"miracle","m1rekel",1359
"miracles","m1rekelz",334
"miraculous","m3r@kjeles",107
"miraculously","m3r@kjelesli",44
"mirage","m3raZ",79
"miriam","m1riem",341
"mirror","m1r3r",1233
"mirrors","m1r3rz",235
"mirth","m3rT",11
"misbehave","m1sbeh8v",30
"misbehave","m1sbih8v",30
"misbehavior","m1sbeh8vj3r",5
"misbehavior","m1sbih8vj3r",5
"miscarriage","m1skEr1G",58
"miscellaneous","m1sel8nies",22
"mischief","m1sC1f",107
"misconduct","m1skand^kt",40
"miscreant","m1skrient",12
"misdemeanor","m1sdemin3r",73
"miserable","m1z3rebel",1096
"miserable","m1zrebel",1096
"miserably","m1z3rebli",54
"miserably","m1zrebli",54
"misery","m1z3ri",526
"misfit","m1sf1t",30
"misfortune","m1sfcrCen",136
"misguided","m1sg5ded",85
"mishap","m1sh@p",53
"misjudged","m1sG^Gd",70
"misleading","m1slid1N",43
"misled","m1slEd",48
"misplaced","m1spl8st",138
"misread","m1srEd",44
"misread","m1srid",44
"miss","m1s",23850
"missed","m1st",4568
"misses","m1sez",373
"missile","m1sel",670
"missiles","m1selz",411
"missing","m1s1N",4484
"mission","m1Sen",2400
"missionaries","m1SenEriz",44
"missionary","m1SenEri",109
"missions","m1Senz",147
"mississippi","m1s1s1pi",339
"missouri","mez3re",225
"missouri","mezUri",225
"missus","m1s1z",197
"missy","m1si",413
"mist","m1st",181
"mistake","m1st8k",5200
"mistaken","m1st8ken",654
"mistakes","m1st8ks",1116
"mistaking","m1st8k1N",43
"mister","m1st3r",2326
"mistletoe","m1selto",98
"mistook","m1stUk",79
"mistress","m1stres",606
"mistrial","m1str5el",59
"misty","m1sti",80
"misunderstand","m1s^nd3rst@nd",168
"misunderstanding","m1s^nd3rst@nd1N",422
"misunderstandings","m1s^nd3rst@nd1Nz",40
"misunderstood","mis^nd3rstUd",283
"mitch","m1C",915
"mite","m5t",60
"mitt","m1t",70
"mitten","m1ten",23
"mittens","m1tenz",52
"mitts","m1ts",56
"mitzvah","m1tsve",178
"mix","m1ks",834
"mixed","m1kst",1090
"mixer","m1ks3r",55
"mixing","m1ks1N",176
"mixture","m1ksC3r",126
"mnemonic","neman1k",24
"moan","mon",96
"moaning","mon1N",245
"moans","monz",107
"moat","mot",60
"mob","mab",660
"mobile","mobel",381
"mobilize","mobel5z",52
"mobster","mabst3r",43
"moccasin","makes1n",2
"mocha","moke",66
"mock","mak",274
"mocked","makt",51
"mockery","mak3ri",94
"mocking","mak1N",158
"mockingbird","mak1Nb3rd",60
"mod","mad",66
"mode","mod",263
"model","madel",1635
"modeling","madel1N",185
"modeling","madl1N",185
"modelling","madel1N",41
"models","madelz",451
"modem","modem",55
"moderate","mad3r8t",63
"moderate","mad3ret",63
"modern","mad3rn",930
"modest","madest",300
"modesty","madesti",90
"modification","madefek8Sen",43
"modifications","madefek8Senz",41
"modified","madef5d",100
"modify","madef5",50
"module","maGul",136
"moe","mo",366
"mogul","mogel",47
"moi","mwa",100
"moira","m2re",83
"moist","m2st",92
"moisture","m2sC3r",62
"mojo","moGo",151
"molar","mol3r",26
"molasses","mel@sez",52
"mold","mold",219
"moldy","moldi",30
"mole","mol",411
"molecular","melEkjel3r",134
"molecule","malekjul",40
"molecules","malekjulz",132
"moles","molz",41
"molested","melEsted",82
"molester","melEst3r",43
"molesting","melEst1N",53
"moll","mal",20
"mollify","malef5",4
"molly","mali",882
"molten","molten",59
"moly","moli",42
"mom","mam",21950
"moment","moment",9539
"momentarily","momentEreli",81
"momentary","momentEri",56
"moments","moments",1101
"momentum","momEntem",87
"momma","mame",412
"mommies","mamiz",47
"mommy","mami",3617
"moms","mamz",242
"mon","man",829
"mon","mon",829
"mona","mone",829
"monarch","manark",42
"monarchy","manarki",34
"monastery","manestEri",189
"monday","m^nd8",1698
"mondays","m^nd8z",53
"mondo","mando",54
"monetary","manetEri",52
"money","m^ni",32679
"mongol","maNgol",54
"mongrel","maNgrel",44
"monica","man1ke",1052
"monitor","manet3r",669
"monitored","manet3rd",98
"monitoring","manet3r1N",230
"monitors","manet3rz",154
"monk","m^Nk",376
"monkey","m^Nki",1709
"monkeys","m^Nkiz",405
"monks","m^Nks",136
"monogamous","menagemes",42
"monogamy","menagemi",46
"monolith","manel1T",43
"monologue","manelag",58
"monopoly","menapeli",141
"monotonous","menatenes",43
"monoxide","menaks5d",58
"monroe","m^nro",344
"monsieur","mesj3r",1585
"monsignor","mansinj3r",111
"monster","manst3r",1982
"monsters","manst3rz",550
"monstrous","manstres",122
"mont","mant",41
"montage","mantaZ",57
"montague","mantegju",51
"montana","mant@ne",303
"monte","manti",280
"monterey","manter8",51
"montgomery","mantg^mri",308
"month","m^nT",4854
"monthly","m^nTli",152
"months","m^nTs",8314
"montreal","mantrial",96
"monument","manjument",117
"monumental","manjemEntel",54
"monuments","manjements",46
"moo","mu",106
"mooch","muC",45
"mood","mud",1736
"moods","mudz",108
"moody","mudi",115
"moon","mun",2548
"moonlight","munl5t",354
"moonlit","munl1t",28
"moonraker","munr8k3r",42
"moons","munz",120
"moonshine","munS5n",49
"moor","mUr",101
"moore","mcr",393
"moors","mUrz",57
"moose","mus",282
"moot","mut",60
"mop","map",211
"mope","mop",34
"moping","mop1N",65
"moral","mcrel",689
"morale","mer@l",210
"morality","mcr@leti",189
"morally","mcreli",100
"morals","mcrelz",149
"morbid","mcrb1d",132
"more","mcr",66228
"moreover","mcrov3r",63
"morgan","mcrgen",1224
"morgenstern","mcrgenst3rn",63
"morgue","mcrg",440
"mormon","mcrmen",115
"mormons","mcrmenz",52
"morn","mcrn",45
"morning","mcrn1N",22389
"mornings","mcrn1Nz",168
"morocco","m3rako",120
"morocco","merako",120
"moron","mcran",754
"moronic","mcran1k",55
"morons","mcranz",214
"morose","meros",18
"morph","mcrf",38
"morpheus","mcrfies",74
"morphine","mcrfin",331
"morphs","mcrfs",2
"morris","mcr1s",756
"morris","mcres",756
"morrow","maro",119
"morse","mcrs",141
"mort","mcrt",128
"mortal","mcrtel",488
"mortality","mcrt@leti",77
"mortals","mcrtelz",120
"mortar","mcrt3r",117
"mortars","mcrt3rz",61
"mortgage","mcrg1G",301
"mortified","mcrtef5d",51
"mortuary","mcrCuEri",94
"moscow","masko",481
"moscow","maskO",481
"moses","moz1s",364
"moses","mozes",364
"mosque","mask",60
"mosquito","meskito",93
"mosquitoes","meskitoz",92
"moss","mas",145
"most","most",17889
"mostly","mostli",1330
"motel","motEl",927
"motels","motElz",55
"moth","maT",116
"mother","m^D3r",24476
"motherfucker","m^D3rf^k3r",2616
"motherhood","m^D3rhUd",58
"motherless","m^D3rl1s",29
"mothers","m^D3rz",622
"moths","maTs",54
"motion","moSen",967
"motions","moSenz",88
"motivate","motev8t",54
"motivated","motev8ted",158
"motivation","motev8Sen",151
"motive","mot1v",675
"motives","mot1vz",165
"motor","mot3r",671
"motorbike","mot3rb5k",38
"motorboat","mot3rbot",29
"motorcade","mot3rk8d",65
"motorcycle","mot3rs5kel",455
"motorcycles","mot3rs5kelz",66
"motors","mot3rz",148
"motto","mato",260
"mould","mold",37
"mound","mOnd",77
"mount","mOnt",597
"mountain","mOnten",1805
"mountaineer","mOnten1r",62
"mountains","mOntenz",951
"mounted","mOnted",132
"mounting","mOnt1N",58
"mourn","mcrn",129
"mourning","mcrn1N",175
"mouse","mOs",975
"mousetrap","mOstr@p",30
"mousse","mus",59
"moustache","m^st@S",193
"mousy","mOsi",42
"mouth","mOD",5325
"mouth","mOT",5325
"mouthful","mOTfUl",86
"mouthing","mOD1N",53
"mouthpiece","mOTpis",47
"mouths","mODz",273
"mouthwash","mOTwaS",49
"mouthy","mOTi",5
"move","muv",21325
"moved","muvd",3536
"movement","muvment",757
"movements","muvments",238
"movers","muv3rz",58
"moves","muvz",1420
"movie","muvi",6271
"movies","muviz",2346
"moving","muv1N",6104
"mow","mo",117
"mower","mo3r",75
"mowing","mo1N",48
"moya","m2e",45
"mozart","mozart",179
"mu","mju",129
"mu","mu",129
"much","m^C",49636
"muck","m^k",97
"mud","m^d",756
"mudd","m^d",56
"muddiness","m^dines",1
"muddy","m^di",153
"muff","m^f",49
"muffin","m^fen",297
"muffins","m^fenz",178
"muffled","m^feld",157
"muffler","m^fl3r",51
"muffy","m^fi",88
"mug","m^g",349
"mugged","m^gd",142
"mugger","m^g3r",49
"muggers","m^g3rz",56
"mugging","m^g1N",57
"muggy","m^gi",5
"mugs","m^gz",121
"mulch","m^lC",22
"mulder","m^ld3r",1671
"mule","mjul",358
"mules","mjulz",120
"mullen","m^len",131
"muller","m^l3r",75
"mulligan","m^l1gen",89
"multicolored","m^ltik^l3rd",8
"multiple","m^ltepel",540
"multiply","mUltepl5",99
"mum","m^m",1108
"mumble","m^mbel",40
"mumbles","m^mbelz",51
"mumbling","m^mbl1N",119
"mumbo","m^mbo",59
"mummy","m^mi",500
"mumps","m^mps",60
"munch","m^nC",43
"munchkin","m^nCk1n",41
"mundane","m^nd8n",41
"munich","mjun1k",104
"municipal","mjun1sepel",90
"munitions","mjun1Senz",64
"mural","mjUrel",52
"murder","m3rd3r",5717
"murdered","m3rd3rd",1967
"murderer","m3rd3r3r",1355
"murderers","m3rd3r3rz",301
"murdering","m3rd3r1N",241
"murderous","m3rd3res",93
"murders","m3rd3rz",747
"murmur","m3rm3r",48
"murmuring","m3rm3r1N",88
"murphy","m3rfi",721
"murray","m^ri",561
"murray","m3ri",561
"muscle","m^sel",694
"muscles","m^selz",385
"muscular","m^skjel3r",79
"muse","mjuz",98
"museum","mjuziem",942
"museums","mjuziemz",109
"mush","m^S",143
"mush","mUS",143
"mushroom","m^Srum",109
"mushrooms","m^Srumz",145
"mushy","m^Si",77
"music","mjuz1k",7734
"musical","mjuz1kel",671
"musicals","mjuz1kelz",62
"musician","mjuz1Sen",308
"musicians","mjuz1Senz",191
"musket","m^sk1t",50
"musketeer","m^sket1r",22
"musketeers","m^sketirz",86
"muslim","m^zlem",121
"muslim","mazlem",121
"muslims","m^zlemz",90
"muslims","mazlemz",90
"muss","m^s",31
"mussolini","musolini",59
"must","m^st",35661
"mustache","m^st@S",252
"mustang","m^st@N",175
"mustard","m^st3rd",329
"muster","m^st3r",76
"mutant","mjutent",183
"mutants","mjutents",114
"mutation","mjut8Sen",88
"mutations","mjut8Senz",44
"mute","mjut",127
"mutilated","mjutel8ted",65
"mutilation","mjutel8Sen",48
"mutiny","mjuteni",126
"mutt","m^t",202
"muttering","m^t3r1N",88
"mutual","mjuCuel",368
"mutually","mjuCueli",54
"muzzle","m^zel",81
"my","m5",344899
"myrrh","m3r",13
"myrtle","m3rtel",163
"myself","m5sElf",17470
"mysteries","m1st3riz",165
"mysterious","m1st1ries",765
"mysteriously","m1st1riesli",87
"mystery","m1st3ri",1171
"mystic","m1st1k",74
"mystical","m1st1kel",144
"mystique","m1stik",179
"myth","m1T",352
"mythical","m1T1kel",45
"mythical","m1Tekel",45
"mythology","m1TaleGi",101
"myths","m1Ts",63
"naan","nan",8
"nab","n@b",34
"nacho","n@Co",67
"nacho","naCo",67
"nada","nade",130
"nag","n@g",111
"nagging","n@g1N",122
"nah","na",1433
"nail","n8l",951
"nailed","n8ld",367
"nailfile","n8lf5l",4
"nailing","n8l1N",51
"nails","n8lz",563
"naive","n5iv",329
"naked","n8ked",2002
"nakedness","n8kednes",23
"name","n8m",32735
"named","n8md",3564
"nameless","n8mles",72
"namely","n8mli",53
"names","n8mz",2746
"naming","n8m1N",109
"nan","n@n",106
"nana","n@ne",202
"nancy","n@nsi",1087
"nanny","n@ni",531
"naomi","n8omi",200
"nap","n@p",645
"napa","n@pe",49
"napalm","n8palm",77
"napalm","n8pam",77
"nape","n8p",12
"napkin","n@pk1n",184
"napkins","n@pk1nz",131
"naples","n8pelz",95
"napoleon","nepolien",317
"napping","n@p1N",64
"naps","n@ps",53
"narc","nark",74
"narcotic","narkat1k",44
"narcotics","narkat1ks",262
"narrative","n@ret1v",53
"narrative","nEret1v",53
"narrator","nEr8t3r",529
"narrow","n@ro",358
"narrow","nEro",358
"narrowed","nErod",83
"narrows","nEroz",63
"nasal","n8zel",106
"nash","n@S",241
"nashville","n@Sv1l",91
"nastiness","n@stines",9
"nasty","n@sti",1151
"nat","n@t",182
"nation","n8Sen",1045
"national","n@Senel",1946
"nationality","n@Sen@leti",42
"nationals","n@Senelz",88
"nations","n8Senz",386
"nationwide","n8Senw5d",68
"native","n8t1v",421
"natives","n8t1vz",216
"nato","n8to",94
"natural","n@C3rel",2160
"naturally","n@C3reli",1250
"nature","n8C3r",2303
"naught","nat",30
"naughty","nati",523
"nausea","naZe",110
"nausea","naZe",110
"nausea","nazie",110
"nausea","nazie",110
"nauseous","naSes",158
"nautical","nat1kel",45
"nautilus","nat1les",41
"naval","n8vel",292
"navel","n8vel",63
"navigate","n@veg8t",98
"navigation","n@veg8Sen",87
"navigational","n@veg8Senel",48
"navigator","n@veg8t3r",137
"navy","n8vi",1310
"naw","na",106
"nay","n8",172
"nazarene","n@zerin",47
"nazareth","n@zereT",53
"nazi","natsi",350
"nazis","natsiz",278
"neal","nil",195
"neanderthal","ni@nd3rTal",69
"neanderthal","ni@nd3rtal",69
"near","n1r",4238
"nearby","n1rb5",425
"nearer","n1r3r",132
"nearest","n1rest",382
"nearing","n1r1N",52
"nearly","n1rli",1721
"nearness","n1rnes",1
"neat","nit",635
"neatly","nitli",68
"neatness","nitnes",18
"nebraska","nebr@ske",121
"nebula","nEbjele",75
"necessarily","nEsesEreli",575
"necessary","nEsesEri",2345
"necessity","nesEseti",147
"neck","nEk",3035
"necklace","nEkles",497
"necklaces","nEklesez",40
"necks","nEks",164
"necktie","nEkt5",61
"nectar","nEkt3r",47
"neddy","nEdi",51
"need","nid",66040
"needed","nid1d",4818
"needed","nided",4818
"needing","nid1N",412
"needle","nidel",608
"needles","nidelz",263
"needless","nidles",116
"needs","nidz",8198
"needy","nidi",155
"neela","nile",105
"negative","nEget1v",1308
"negatives","nEget1vz",64
"neglect","neglEkt",86
"neglected","n1glEkt1d",181
"neglected","neglEkted",181
"neglecting","neglEkt1N",49
"negligence","nEgleGens",91
"negligent","nEgleGent",51
"negotiable","negoSebel",46
"negotiate","n1goSi8t",342
"negotiate","negoSi8t",342
"negotiated","negoSi8ted",67
"negotiating","negoSi8t1N",155
"negotiation","negoSi8Sen",117
"negotiations","n1goSi8Senz",174
"negotiations","negoSi8Senz",174
"negotiator","negoSi8t3r",67
"negro","nigro",274
"negroes","nigroz",87
"neigh","n8",12
"neighbor","n8b3r",864
"neighborhood","n8b3rhUd",1871
"neighborhoods","n8b3rhUdz",54
"neighbors","n8b3rz",868
"neighbour","n8b3r",195
"neighbours","n8b3rz",195
"neighing","n81N",43
"nein","n5n",55
"neither","n5D3r",3451
"neither","niD3r",3451
"nelly","nEli",65
"nelson","nElsen",563
"nemesis","nEmes1s",45
"nemo","nimo",255
"neo","nio",110
"neon","nian",146
"nepal","nepal",66
"nephew","nEfju",846
"nephews","nEfjuz",55
"neptune","nEptun",136
"nerd","n3rd",168
"nerds","n3rdz",101
"nerve","n3rv",1171
"nerves","n3rvz",559
"nervous","n3rves",3425
"nervousness","n3rvesnes",30
"ness","nEs",137
"nest","nEst",566
"nestor","nEst3r",54
"net","nEt",793
"nets","nEts",99
"network","nEtw3rk",843
"networks","nEtw3rks",108
"neural","nUrel",100
"neurological","nUrelaG1kel",57
"neurologist","nUraleG1st",51
"neurons","nUranz",51
"neurosurgeon","nUros3rGen",41
"neurotic","nUrat1k",136
"neutral","nutrel",215
"neutralize","nutrel5z",62
"neutron","nutran",63
"nevada","nev@de",352
"nevada","nevade",352
"never","nEv3r",69490
"nevertheless","nEv3rDelEs",301
"new","nu",36913
"newark","nu3rk",144
"newborn","nubcrn",128
"newcastle","nuk@sel",47
"newcomer","nuk^m3r",55
"newer","nu3r",51
"newest","nuest",201
"newfound","nufOnd",60
"newly","nuli",140
"newlyweds","nuliwEdz",74
"newness","nunes",13
"newport","nupcrt",300
"news","nuz",8399
"newscast","nuzk@st",27
"newsletter","nuzlEt3r",43
"newsman","nusm@n",20
"newsman","nusmen",20
"newspaper","nuzp8p3r",1208
"newspapers","nuzp8p3rz",585
"newsstand","nuzst@nd",53
"newsweek","nuzwik",50
"newt","nut",68
"newton","nuten",191
"next","nEkst",23090
"nexus","nEkses",57
"niagara","n5@gere",157
"nibble","n1bel",77
"nicaragua","n1k3ragwe",69
"nice","n5s",33125
"nicely","n5sli",510
"niceness","n5snes",12
"nicer","n5s3r",382
"nicest","n5s1st",291
"niche","niC",47
"nicholas","n1keles",347
"nick","n1k",3062
"nicked","n1kt",71
"nickel","n1kel",431
"nickels","n1kelz",115
"nickname","n1kn8m",346
"nicknames","n1kn8mz",46
"nicks","n1ks",36
"nicky","n1ki",525
"nicotine","n1ketin",87
"niece","nis",486
"nietzsche","niCe",72
"nietzschean","niCien",115
"nifty","n1fti",71
"nigh","n5",42
"night","n5t",44168
"nightcap","n5tk@p",90
"nightclub","n5tkl^b",237
"nightclubs","n5tkl^bz",57
"nightfall","n5tfal",118
"nightgown","n5tgOn",100
"nightingale","n5t1Ng8l",145
"nightly","n5tli",70
"nightmare","n5tmEr",1142
"nightmares","n5tmErz",371
"nights","n5ts",1727
"nightshirt","n5tS3rt",11
"nightstand","n5tst@nd",43
"nighttime","n5tt5m",105
"nightwear","n5twEr",2
"nike","n5ki",51
"nil","n1l",23
"nile","n5l",95
"nimbus","n1mbes",71
"nincompoop","n1Nkempup",42
"nine","n5n",3441
"nines","n5nz",54
"nineteen","n5ntin",169
"ninety","n5nti",142
"ninja","n1nGe",131
"ninny","n1ni",45
"ninth","n5nT",334
"nip","n1p",165
"nipple","n1pel",144
"nipples","n1pelz",232
"nippy","n1pi",48
"nirvana","n3rvane",57
"nite","n5t",47
"nitrate","n5tr8t",55
"nitro","n5tro",87
"nitrogen","n5treGen",61
"nitwit","n1tw1t",62
"nix","n1ks",83
"nixon","n1ksen",220
"no","no",304549
"noah","noe",455
"nob","nab",18
"nobel","nobEl",165
"nobility","nob1leti",84
"noble","nobel",744
"nobles","nobelz",76
"nobody","nobedi",13599
"nocturnal","nakt3rnel",62
"nod","nad",203
"nodding","nad1N",42
"node","nod",25
"noel","noEl",962
"noggin","nag1n",34
"noir","nwar",41
"noise","n2z",1779
"noises","n2zez",365
"noisy","n2zi",257
"nome","nom",41
"nominal","namenel",38
"nominate","namen8t",46
"nominated","namen8ted",119
"nomination","namen8Sen",122
"nominees","nameniz",46
"non","nan",191
"nonce","nans",3
"none","n^n",5641
"nonetheless","n^nDelEs",129
"nonexistent","nanegz1stent",43
"nonny","nani",53
"nonsense","nansEns",1452
"nonstop","nanstap",90
"noodle","nudel",148
"noodles","nudelz",309
"nook","nUk",54
"noon","nun",924
"noontime","nunt5m",8
"noose","nus",111
"nope","nop",1783
"nor","ncr",1835
"norfolk","ncrfek",69
"norm","ncrm",170
"norma","ncrme",206
"normal","ncrmel",3589
"normally","ncrmeli",818
"norman","ncrmen",860
"normandy","ncrmendi",90
"norse","ncrs",78
"north","ncrT",3258
"northeast","ncrTist",164
"northern","ncrD3rn",362
"northwest","ncrTwEst",204
"northwestern","ncrTwEst3rn",82
"norway","ncrw8",88
"norwegian","ncrwiGen",77
"nose","noz",3557
"nosebleed","nozblid",41
"noses","nozez",243
"nosiness","nozines",1
"nosing","noz1N",43
"nostalgic","nast@lG1k",51
"nostalgic","nest@lG1k",51
"nostril","nastrel",35
"nostrils","nastrelz",82
"nosy","nozi",144
"not","nat",276673
"notch","naC",170
"notches","naCez",45
"note","not",2731
"notebook","notbUk",235
"notebooks","notbUks",81
"noted","not1d",245
"noted","noted",245
"notes","nots",1255
"nothing","n^T1N",43534
"nothingness","n^T1Nnes",43
"notice","not1s",3022
"noticeable","not1sebel",45
"noticed","not1st",2131
"notices","not1sez",140
"noticing","not1s1N",196
"notified","notef5d",219
"notify","notef5",367
"notion","noSen",336
"notions","noSenz",83
"notorious","notcries",189
"notre","not3r",100
"notre","notre",100
"notwithstanding","natw1Tst@nd1N",51
"noun","nOn",27
"nourishment","n3r1Sment",62
"nova","nove",270
"novel","navel",513
"novelist","navel1st",61
"novels","navelz",160
"novelty","navelti",85
"november","novEmb3r",447
"novice","nav1s",41
"now","nO",163333
"nowadays","nOed8z",359
"nowhere","nowEr",1995
"nozzle","nazel",19
"nuclear","njukli3r",968
"nucleus","nuklies",45
"nude","nud",301
"nudge","n^G",57
"nudie","nudi",49
"nudity","nudeti",89
"nugget","n^g1t",60
"nuggets","n^g1ts",63
"nuisance","njusens",164
"nuke","nuk",121
"nukes","nuks",114
"null","n^l",27
"numb","n^m",249
"number","n^mb3r",12288
"numbered","n^mb3rd",92
"numbers","n^mb3rz",2020
"numeral","num3rel",9
"numerous","num3res",183
"nun","n^n",355
"nuns","n^nz",218
"nurse","n3rs",2294
"nursed","n3rst",49
"nursery","n3rs3ri",207
"nursery","n3rsri",207
"nurses","n3rsez",672
"nursing","n3rs1N",323
"nurturing","n3rC3r1N",43
"nut","n^t",797
"nutcase","n^tk8s",67
"nutcracker","n^tkr@k3r",36
"nuthouse","n^thOs",46
"nutrition","nutr1Sen",48
"nutritious","nutr1Ses",45
"nuts","n^ts",2729
"nutshell","n^tSel",48
"nutty","n^ti",182
"nylon","n5lan",69
"nylons","n5lanz",64
"nymph","n1mf",38
"oaf","of",50
"oak","ok",286
"oakland","oklend",115
"oaks","oks",86
"oar","cr",42
"oars","crz",55
"oasis","o8s1s",98
"oat","ot",27
"oath","oT",504
"oatmeal","otmil",169
"oats","ots",105
"obedience","obidiens",87
"obedient","obidient",100
"obelisk","abel1sk",5
"obey","ob8",456
"obeyed","ob8d",62
"obfuscate","abfesk8t",5
"obituaries","ob1CuEriz",53
"obituary","ob1CuEri",68
"object","abGEkt",1314
"objected","ebGEkted",40
"objection","ebGEkSen",1108
"objections","ebGEkSenz",205
"objective","ebGEkt1v",359
"objectively","ebGEkt1vli",51
"objectives","ebGEkt1vz",71
"objects","^bGEkts",444
"objects","abGEkts",444
"obligated","ableg8ted",131
"obligation","ableg8Sen",344
"obligations","ableg8Senz",128
"oblige","ebl5G",113
"obliged","ebl5Gd",295
"oblique","oblik",23
"oblivion","ebl1vien",101
"oblivious","ebl1vies",54
"obnoxious","abnakSes",179
"obscene","absin",176
"obscene","ebsin",176
"obscenity","ebsEneti",53
"obscure","ebskjUr",132
"observant","ebz3rvent",62
"observation","abz3rv8Sen",380
"observations","abz3rv8Senz",72
"observatory","ebz3rvetcri",51
"observe","ebz3rv",499
"observed","ebz3rvd",198
"observer","ebz3rv3r",188
"observers","ebz3rv3rz",55
"observing","ebz3rv1N",145
"obsess","ebsEs",31
"obsessed","ebsEst",526
"obsessing","ebsEs1N",80
"obsession","ebsESen",289
"obsessive","ebsEs1v",90
"obsolete","abselit",98
"obstacle","abstekel",132
"obstacles","abstekelz",120
"obstinate","abstenet",46
"obstructing","ebstr^kt1N",46
"obstruction","ebstr^kSen",122
"obtain","ebt8n",190
"obtained","ebt8nd",123
"obtaining","ebt8n1N",40
"obtuse","ebtus",13
"obvious","abvies",1508
"obviously","abviesli",3082
"occasion","ek8Zen",844
"occasional","ek8Zenel",199
"occasionally","ak8Zeneli",364
"occasions","ak8Zenz",193
"occult","ek^lt",80
"occupant","akjepent",41
"occupation","akjep8Sen",210
"occupational","akjep8Senel",76
"occupied","akjup5d",293
"occupy","akjep5",126
"occur","ek3r",379
"occurred","ek3rd",737
"occurrence","ek3rens",60
"occurring","ek3r1N",41
"occurs","ek3rz",170
"ocean","oSen",1545
"oceans","oSenz",94
"octagon","aktegan",11
"october","aktob3r",506
"octopus","aktepUs",99
"odd","ad",1226
"oddly","adli",105
"odds","adz",970
"ode","od",41
"odell","odEl",70
"odin","oden",62
"odor","od3r",119
"odyssey","adesi",45
"oedipus","Ed1pes",48
"oedipus","id1pes",48
"oeuvres","uvrez",99
"of","^v",590439
"off","af",60155
"offence","efEns",273
"offend","efEnd",266
"offended","efEnd1d",384
"offended","efEnded",384
"offender","efEnd3r",140
"offenders","efEnd3rz",113
"offending","efEnd1N",56
"offends","efEndz",57
"offense","afEns",840
"offense","efEns",840
"offensive","efEns1v",327
"offer","af3r",3810
"offered","af3rd",1333
"offering","af3r1N",777
"offering","afr1N",777
"offers","af3rz",383
"offhand","afh@nd",46
"office","afes",10399
"officer","af1s3r",5265
"officer","afes3r",5265
"officers","af1s3rz",1442
"officers","afes3rz",1442
"offices","af1sez",336
"official","ef1Sel",1224
"officially","ef1Seli",775
"officials","ef1Selz",356
"offshore","afScr",115
"offspring","afspr1N",130
"oft","aft",21
"often","aften",2925
"ogre","og3r",71
"oh","o",167781
"ohio","oh5o",444
"oi","2",143
"oil","2l",2095
"oils","2lz",68
"oily","2li",49
"oink","2Nk",55
"ointment","2ntment",83
"okay","ok8",102320
"okey","oki",57
"okinawa","ok1nawe",65
"oklahoma","oklehome",225
"old","old",31056
"olden","olden",54
"older","old3r",2135
"oldest","oldest",478
"oldie","oldi",23
"ole","ol",124
"olive","al1v",375
"oliver","al1v3r",753
"olives","al1vz",137
"olivia","ol1vie",267
"olympic","ol1mp1k",204
"olympics","ol1mp1ks",217
"olympus","ol1mpes",91
"omaha","omeha",176
"omega","om8ge",76
"omega","omEge",76
"omelet","amlet",121
"omelette","amlet",61
"omen","omen",87
"omens","omenz",43
"ominous","amenes",68
"on","an",354742
"onboard","anbcrd",241
"once","w^ns",17589
"oncologist","aNkaleG1st",44
"one","w^n",156684
"ones","w^nz",5177
"oneself","w^nsElf",109
"ongoing","ango1N",111
"onion","^njen",216
"onions","^njenz",289
"online","anl5n",342
"only","onli",55269
"onset","ansEt",43
"onslaught","anslat",17
"onstage","anst8G",104
"ontario","antErio",41
"onto","antu",1871
"onward","anw3rd",79
"oodles","udelz",23
"oof","uf",121
"ooh","u",4827
"ooph","uf",121
"oops","ups",556
"ooze","uz",27
"oozing","uz1N",47
"op","ap",188
"opal","opel",52
"opaque","op8k",6
"open","apen",16341
"opened","opend",1726
"opener","open3r",173
"openers","open3rz",42
"opening","open1N",1960
"openings","open1Nz",78
"openly","openli",108
"opens","openz",848
"opera","ap3re",873
"opera","apre",873
"operas","ap3rez",44
"operas","aprez",44
"operate","aper8t",682
"operated","ap3r8ted",166
"operates","ap3r8ts",98
"operating","aper8t1N",582
"operation","aper8Sen",2241
"operational","aper8Senel",195
"operations","aper8Senz",600
"operative","ap3ret1v",166
"operatives","ap3ret1vz",64
"operator","aper8t3r",836
"operators","ap3r8t3rz",75
"ophthalmology","afTelmaleGi",5
"opinion","ep1njen",2142
"opinions","ep1njenz",256
"opium","opiem",114
"opossum","opasem",4
"opponent","eponent",240
"opponents","eponents",91
"opportunities","ap3rtunetiz",249
"opportunity","ap3rtuneti",2091
"oppose","epoz",110
"opposed","epozd",352
"opposing","epoz1N",137
"opposite","apez1t",775
"opposites","apez1ts",46
"opposition","apez1Sen",155
"oppressed","eprEst",65
"oppression","eprESen",76
"oppressive","eprEs1v",47
"ops","aps",214
"optic","apt1k",52
"optical","apt1kel",56
"optimism","apt1m1zm",79
"optimist","aptem1st",78
"optimistic","aptem1st1k",173
"option","apSen",736
"optional","apSenel",58
"options","apSenz",715
"opus","opes",46
"or","cr",86970
"ora","cre",124
"oracle","crekel",114
"oral","crel",220
"orange","cr1nG",1138
"orange","crenG",1138
"oranges","cr1nGez",125
"oranges","crenGez",125
"orangutan","cr@Net@n",29
"orb","crb",140
"orbit","crb1t",288
"orbital","crb1tel",64
"orchard","crC3rd",98
"orchestra","crkestre",281
"orchestrated","crkestr8ted",45
"orchid","crk1d",110
"orchids","crk1dz",134
"orcs","crks",54
"ordained","crd8nd",44
"ordeal","crdil",121
"order","crd3r",7985
"ordered","crd3rd",1885
"ordering","crd3r1N",369
"orderly","crd3rli",223
"orders","crd3rz",3130
"ordinance","crdenens",86
"ordinarily","crdenEreli",108
"ordinary","crdenEri",973
"ordnance","crdnens",47
"ore","cr",84
"oregano","crEgeno",42
"oregon","cregan",211
"oregon","cregen",211
"orestes","crEstiz",70
"org","crg",50
"organ","crgen",370
"organic","crg@n1k",220
"organisation","crgenez8Sen",119
"organised","crgen5zd",77
"organism","crgen1zm",104
"organist","crgen1st",20
"organization","crgenez8Sen",668
"organizations","crgenez8Senz",71
"organize","crgen5z",220
"organized","crgen5zd",519
"organizing","crgen5z1N",100
"organs","crgenz",301
"orgasm","crg@zm",213
"orgasms","crg@zmz",74
"orgy","crGi",87
"orient","criEnt",81
"oriental","criEntel",133
"orientation","criEnt8Sen",124
"origami","cr1gami",39
"origin","creG1n",227
"original","3r1G1nel",1440
"original","er1G1nel",1440
"originally","3r1G1neli",355
"originally","er1G1neli",355
"originals","3r1Genelz",58
"originals","er1Genelz",58
"originated","3r1Gen8ted",68
"originated","er1Gen8ted",68
"origins","creG1nz",58
"orion","er5en",72
"orleans","crlinz",549
"ornament","crnement",58
"ornaments","crnements",51
"ornery","crn3ri",60
"ornery","crnri",60
"orphan","crfen",293
"orphanage","crfen1G",273
"orphaned","crfend",20
"orphans","crfenz",193
"orthodox","crTedaks",53
"osaka","osake",46
"oscar","ask3r",908
"oscars","ask3rz",45
"osmond","azmend",61
"osprey","aspri",1
"ostrich","astr1C",48
"other","^D3r",37505
"others","^D3rz",5061
"otherwise","^D3rw5z",2119
"otter","at3r",69
"otto","ato",349
"ouch","OC",559
"ought","at",4118
"oui","wi",281
"ounce","Ons",206
"ounces","Onsez",118
"our","ar",71425
"our","O3r",71425
"ours","arz",1801
"ours","O3rz",1801
"ours","Orz",1801
"ourselves","arsElvz",2676
"ourselves","O3rsElvz",2676
"oust","Ost",3
"out","Ot",197131
"outback","Otb@k",47
"outbreak","Otbr8k",99
"outburst","Otb3rst",74
"outcast","Otk@st",67
"outcasts","Otk@sts",45
"outcome","Otkem",201
"outdated","Otd8ted",41
"outdone","Otd^n",54
"outdoor","Otdcr",93
"outdoors","Otdcrz",107
"outer","Ot3r",463
"outfield","Otfild",12
"outfit","Otf1t",1280
"outfits","Otf1ts",216
"outgoing","Otgo1N",90
"outgrow","Otgro",21
"outhouse","OthOs",38
"outing","Ot1N",51
"outlaw","Otla",149
"outlawed","Otlad",45
"outlaws","Otlaz",93
"outlet","OtlEt",102
"outlets","Otlets",45
"outline","Otl5n",104
"outlined","Otl5nd",40
"outlive","Otl1v",57
"outlook","OtlUk",103
"outnumbered","Otn^mb3rd",108
"outpost","Otpost",67
"output","OtpUt",71
"outrage","Otr8G",160
"outraged","Otr8Gd",66
"outrageous","Otr8Ges",323
"outright","Otr5t",63
"outrun","Otr^n",99
"outs","Ots",99
"outside","Ots5d",8671
"outsider","Ots5d3r",121
"outsiders","Ots5d3rz",87
"outstanding","Otst@nd1N",380
"outta","Ote",3185
"outward","Otw3rd",69
"oval","ovel",69
"ovaries","ov3riz",43
"ovation","ov8Sen",45
"oven","^ven",453
"over","ov3r",67488
"overall","ov3ral",164
"overalls","ov3ralz",52
"overbearing","ov3rbEr1N",49
"overboard","ov3rbcrd",259
"overcoat","ov3rkot",74
"overcome","ov3rk^m",316
"overdo","ov3rdu",82
"overdoing","ov3rdu1N",47
"overdose","ov3rdos",136
"overdue","ov3rdu",148
"overflow","ov3rflo",49
"overflowing","ov3rflo1N",41
"overgrown","ov3rgron",49
"overhead","ov3rhEd",187
"overhear","ov3rh1r",53
"overheard","ov3rh3rd",204
"overhearing","ov3rh1r1N",44
"overlapping","ov3rl@p1N",46
"overload","ov3rlod",91
"overloaded","ov3rloded",52
"overlook","ov3rlUk",148
"overlooked","ov3rlUkt",111
"overlooking","ov3rlUk1N",69
"overly","ov3rli",113
"overnight","ov3rn5t",511
"overpaid","ov3rp8d",40
"overpriced","ov3rpr5st",43
"overrated","ov3rr8ted",135
"overreact","ov3rri@kt",73
"overreacted","ov3rri@kted",84
"overreacting","ov3rri@kt1N",189
"override","ov3rr5d",263
"overruled","ov3rruld",172
"overrun","ov3rr^n",85
"overseas","ov3rsiz",233
"oversee","ov3rsi",68
"oversight","ov3rs5t",74
"oversized","ov3rs5zd",47
"overslept","ov3rslEpt",64
"overthrow","ov3rTro",69
"overtime","ov3rt5m",318
"overture","ov3rC3r",66
"overturned","ov3rt3rnd",51
"overweight","ov3rw8t",93
"overwhelmed","ov3rwElmd",201
"overwhelming","ov3rwElm1N",251
"overworked","ov3rw3rkt",50
"ow","O",2903
"owe","o",3782
"owed","od",374
"owes","oz",478
"owing","o1N",63
"owl","Ol",286
"owls","Olz",108
"own","on",23419
"owned","ond",599
"owner","on3r",1185
"owners","on3rz",292
"ownership","on3rS1p",116
"owning","on1N",106
"owns","onz",976
"ox","aks",397
"oxford","aksf3rd",132
"oxide","aks5d",61
"oxygen","aks1Gen",708
"oxygen","akseGen",708
"oy","2",169
"oyster","2st3r",156
"oysters","2st3rz",193
"oz","az",284
"ozone","ozon",109
"pa","pa",1218
"pablo","pablo",217
"pac","p@k",58
"pace","p8s",488
"paces","p8sez",87
"pacey","p8si",890
"pacific","pes1f1k",493
"pacifier","p@sef53r",20
"pacing","p8s1N",64
"pack","p@k",2235
"package","p@k1G",1162
"packages","p@k1Gez",199
"packaging","p@keG1N",43
"packed","p@kt",904
"packet","p@k1t",128
"packets","p@k1ts",47
"packing","p@k1N",698
"packs","p@ks",231
"pact","p@kt",192
"pad","p@d",415
"padded","p@d1d",55
"padded","p@ded",55
"padding","p@d1N",49
"paddle","p@del",191
"paddles","p@delz",111
"paddling","p@dl1N",46
"paddy","p@di",134
"padre","p@dr8",215
"pads","p@dz",161
"pagan","p8gen",69
"page","p8G",1912
"pageant","p@Gent",244
"paged","p8Gd",142
"pager","p8G3r",147
"pages","p8Gez",695
"paging","p8G1N",104
"pagoda","pegode",56
"paid","p8d",4369
"pail","p8l",48
"pain","p8n",4995
"paine","p8n",141
"painful","p8nfel",773
"painfully","p8nfeli",91
"painkillers","p8nk1l3rz",89
"painless","p8nles",99
"pains","p8nz",269
"paint","p8nt",1877
"paintbrush","p8ntbr^S",27
"painted","p8nt1d",710
"painted","p8nted",710
"painter","p8nt3r",344
"painters","p8nt3rz",96
"painting","p8nt1N",1489
"paintings","p8nt1Nz",575
"paints","p8nts",139
"pair","pEr",1900
"pairs","pErz",212
"pajama","peG@me",65
"pajama","peGame",65
"pajamas","peG@mez",297
"pajamas","peGamez",297
"pakistan","p@k1st@n",65
"pal","p@l",2937
"palace","p@les",979
"palaces","p@lesez",41
"palate","p@let",50
"pale","p8l",409
"palindrome","p@l1ndrom",8
"pall","pal",23
"pally","p@li",46
"palm","palm",675
"palm","pam",675
"palmer","palm3r",717
"palmer","pam3r",717
"palms","palmz",189
"palms","pamz",189
"palp","p@lp",92
"pals","p@lz",300
"pam","p@m",608
"pamphlet","p@mflet",60
"pamphlets","p@mflets",42
"pan","p@n",627
"panacea","p@nesie",4
"panache","pen@S",10
"panama","p@nema",229
"pancake","p@nk8k",202
"pancakes","p@nk8ks",492
"pancreas","p@Nkries",40
"panda","p@nde",108
"pandemonium","p@nd1moniem",33
"pandora","p@ndcre",43
"pane","p8n",24
"panel","p@nel",372
"panels","p@nelz",73
"pang","p@N",81
"panic","p@n1k",1114
"panicked","p@n1kt",262
"panicking","p@nek1N",80
"panicky","p@neki",56
"pans","p@nz",109
"pansy","p@nzi",99
"pant","p@nt",49
"panther","p@nT3r",131
"panthers","p@nT3rz",71
"panties","p@ntiz",414
"panting","p@nt1N",207
"pantry","p@ntri",89
"pants","p@nts",2996
"panty","p@nti",53
"pantyhose","p@ntihoz",87
"panzer","p@nz3r",41
"paolo","pOlo",80
"pap","p@p",66
"papa","pape",2172
"paparazzi","paparatsi",50
"papaya","pep5e",56
"paper","p8p3r",5271
"paperback","p8p3rb@k",23
"paperboy","p8p3rb2",22
"paperclip","p8p3rkl1p",2
"papers","p8p3rz",2638
"paperweight","p8p3rw8t",21
"paperwork","p8p3rw3rk",531
"pappy","p@pi",150
"paprika","p@prike",41
"paprika","peprike",41
"par","par",253
"para","pEre",67
"parachute","pEreSut",162
"parade","p3r8d",657
"parades","p3r8dz",43
"paradigm","pEred5m",37
"parading","p3r8d1N",56
"paradise","pEred5s",676
"paradox","pEredaks",65
"paragraph","p@regr@f",144
"paragraph","pEregr@f",144
"parakeet","pErekit",55
"paralegal","pEreligel",50
"parallel","pErelEl",224
"paralysed","pErel5zd",46
"paralysis","p3r@les1s",100
"paralyzed","pErel5zd",190
"paramedic","pEremEd1k",107
"paramedics","pEremEd1ks",255
"parameters","p3r@met3rz",72
"parameters","per@met3rz",72
"paramount","pEremOnt",116
"paranoia","pEren2e",136
"paranoid","pEren2d",543
"paranormal","pErencrmel",67
"paraphernalia","pEref3rn8lie",31
"parasite","pEres5t",126
"parasites","pEres5ts",71
"parcel","parsel",71
"parched","parCt",58
"pardner","pardn3r",72
"pardon","parden",3297
"pardoned","pardend",41
"pare","pEr",6
"parent","pErent",670
"parental","p3rEntel",105
"parenthood","pErenthUd",40
"parenting","pErent1N",134
"parents","pErents",7177
"paris","p@r1s",3531
"paris","pEr1s",3531
"parish","p@reS",154
"parish","pEreS",154
"park","park",3678
"parked","parkt",533
"parker","park3r",1111
"parking","park1N",1379
"parks","parks",190
"parkway","parkw8",53
"parliament","parlement",114
"parlor","parl3r",303
"parlour","parl3r",90
"parmesan","parmezan",57
"parochial","perokiel",17
"parole","perol",533
"paroled","p3rold",47
"parquet","park8",4
"parrot","pEret",167
"parry","pEri",77
"parsley","parsli",43
"parson","parsen",78
"parsons","parsenz",92
"part","part",13337
"partake","part8k",49
"parted","parted",97
"partial","parSel",247
"partially","parSeli",109
"participate","part1sep8t",224
"participated","part1sep8ted",71
"participating","part1sep8t1N",72
"participation","part1sep8Sen",101
"particle","part1kel",91
"particles","part1kelz",154
"particular","p3rt1kjel3r",1423
"particular","part1kjel3r",1423
"particularly","p3rt1kjel3rli",946
"particularly","part1kjel3rli",946
"particulars","p3rt1kjel3rz",55
"partied","partid",40
"parties","partiz",1182
"parting","part1N",116
"partly","partli",175
"partner","partn3r",3836
"partners","partn3rz",1232
"partnership","partn3rS1p",270
"parton","parten",45
"partridge","partr1G",173
"partridge","partreG",173
"parts","parts",1501
"party","parti",11890
"partying","parti1N",140
"pasadena","p@sedine",69
"pascal","p@sk@l",55
"paso","p@so",131
"pass","p@s",5514
"passage","p@s1G",390
"passages","p@seGez",91
"passageway","p@seGw8",60
"passed","p@st",2631
"passenger","p@senG3r",549
"passengers","p@senG3rz",627
"passes","p@sez",643
"passing","p@s1N",1325
"passion","p@Sen",1008
"passionate","p@Senet",306
"passionately","p@Senetli",72
"passions","p@Senz",90
"passive","p@s1v",111
"passover","p@sov3r",48
"passport","p@spcrt",534
"passports","p@spcrts",120
"password","p@sw3rd",407
"passwords","p@sw3rdz",47
"past","p@st",6312
"pasta","paste",216
"paste","p8st",87
"pasteurize","p@sC3r5z",1
"pastime","p@st5m",41
"pastor","p@st3r",219
"pastrami","pestrami",49
"pastry","p8stri",98
"pasture","p@sC3r",78
"pastures","p@sC3rz",72
"pat","p@t",933
"patch","p@C",888
"patched","p@Ct",96
"patches","p@Cez",80
"patching","p@C1N",59
"pate","p8t",33
"patel","petEl",50
"patent","p@tent",126
"patented","p@tented",41
"paternal","pet3rnel",41
"paternity","pet3rneti",49
"path","p@T",1252
"pathetic","peTEt1k",1234
"pathological","p@TelaG1kel",75
"pathologist","peTaleG1st",41
"pathology","peTaleGi",73
"paths","p@Dz",181
"paths","p@Ts",181
"pathway","p@Tw8",58
"patience","p8Sens",784
"patient","p8Sent",3246
"patiently","p8Sentli",49
"patients","p8Sents",1511
"patio","p@tio",133
"patricia","petr1Se",186
"patrick","p@tr1k",739
"patriot","p8triet",133
"patriotic","p8triat1k",120
"patriotism","p8triet1zm",84
"patriots","p8triets",80
"patrol","petrol",792
"patrolling","petrol1N",50
"patrolman","petrolm@n",62
"patrols","petrolz",101
"patron","p8tren",158
"patronize","p8tren5z",80
"patronizing","p8tren5z1N",56
"patrons","p8trenz",49
"patsy","p@tsi",188
"pattern","p@t3rn",738
"patterns","p@t3rnz",253
"patty","p@ti",564
"paul","pal",4801
"paulie","pali",358
"pauline","palin",138
"paunch","panC",1
"pause","paz",275
"pave","p8v",20
"paved","p8vd",45
"pavement","p8vment",103
"pavilion","pev1ljen",49
"paw","pa",159
"pawn","pan",221
"pawnee","pani",41
"pawns","panz",41
"pawnshop","panSap",41
"pawpaw","papa",1
"paws","paz",127
"pax","p@ks",43
"pay","p8",12985
"payback","p8b@k",195
"paycheck","p8CEk",218
"paychecks","p8CEks",41
"payday","p8d8",128
"paying","p81N",2207
"payment","p8ment",538
"payments","p8ments",226
"payoff","p8af",113
"payoffs","p8afs",40
"payroll","p8rol",257
"pays","p8z",715
"pea","pi",199
"peabody","pibadi",120
"peace","pis",3550
"peaceful","pisfel",573
"peacefully","pisfeli",117
"peach","piC",324
"peaches","piCez",208
"peachy","piCi",105
"peacock","pikak",261
"peak","pik",303
"peaked","pikt",62
"peaks","piks",81
"peal","pil",7
"peanut","pin^t",630
"peanut","pinet",630
"peanuts","pin^ts",385
"peanuts","pinets",385
"pear","pEr",68
"pearce","p1rs",88
"pearl","p3rl",799
"pearls","p3rlz",269
"pearly","p3rli",51
"pears","pErz",50
"peas","piz",237
"peasant","pEzent",205
"peasants","pEzents",155
"peat","pit",13
"pebble","pEbel",65
"pecan","p1k@n",48
"pecan","pekan",48
"pecan","pikan",48
"peck","pEk",180
"pecker","pEk3r",92
"peculiar","p1kjulj3r",385
"peculiar","pekjulj3r",385
"pedagogue","pEdegag",5
"pedal","pEdel",104
"pedaled","pEdeld",6
"pedaler","pEdel3r",1
"pedals","pEdelz",38
"peddle","pEdel",54
"peddling","pEdl1N",67
"pedestal","pEdestel",67
"pedestrian","pedEstrien",71
"pediatric","pidi@tr1k",80
"pediatrician","pidietr1Sen",72
"pedicure","pEdekjUr",44
"pedophile","pEdof5l",69
"pedro","p8dro",341
"pee","pi",925
"peed","pid",134
"peeing","pi1N",117
"peek","pik",272
"peekaboo","pikebu",57
"peeking","pik1N",125
"peel","pil",273
"peeled","pild",138
"peeling","pil1N",56
"peelings","pil1Nz",5
"peep","pip",226
"peeper","pip3r",47
"peeping","pip1N",128
"peer","p1r",78
"peers","p1rz",86
"peewee","piwi",53
"peg","pEg",1857
"pegasus","pEgeses",96
"pegged","pEgd",182
"peggy","pEgi",867
"pejorative","peGcret1v",4
"peking","pik1N",58
"pelican","pEl1ken",89
"pellet","pElet",67
"pelt","pElt",48
"pelvic","pElv1k",78
"pelvis","pElv1s",103
"pen","pEn",1261
"penal","pinel",66
"penalties","pEneltiz",47
"penalty","pEnelti",464
"penance","pEnens",73
"pencil","pEnsel",503
"pencils","pEnselz",145
"pendant","pEndent",46
"pending","pEnd1N",174
"pendulum","pEnGelem",27
"penelope","penElepi",128
"penetrate","pEnetr8t",146
"penetrated","pEnetr8ted",73
"penetrating","pEnetr8t1N",59
"penetration","pEnetr8Sen",72
"penguin","pENgw1n",147
"penguins","pENgw1nz",83
"penicillin","pEnes1l1n",125
"peninsula","pen1nsele",70
"penis","pin1s",684
"penises","pin1sez",43
"penitentiary","pEnetEnC3ri",144
"pennies","pEniz",174
"penniless","pEniles",63
"pennsylvania","pEnselv8nie",239
"penny","pEni",1239
"pens","pEnz",129
"pension","pEnSen",247
"pensive","pEns1v",19
"pentagon","pEntegan",298
"pentagram","pEntegr@m",49
"penthouse","pEnthOs",231
"pentothal","pEnteTal",47
"people","pipel",56252
"peoples","pipelz",134
"pep","pEp",178
"pepper","pEp3r",449
"peppermint","pEp3rm1nt",71
"pepperoni","pEp3roni",131
"peppers","pEp3rz",107
"pepsi","pEpsi",94
"per","p3r",1141
"perceive","p3rsiv",74
"perceived","p3rsivd",75
"percent","p3rsEnt",1313
"percentage","p3rsEnt1G",192
"perception","p3rsEpSen",180
"perceptive","p3rsEpt1v",101
"perch","p3rC",50
"perdy","p3rdi",60
"perfect","p3rf1kt",8091
"perfect","p3rfEkt",8091
"perfected","p3rfEkted",67
"perfection","p3rfEkSen",275
"perfectionist","p3rfEkSen1st",40
"perfectly","p3rfektli",2206
"perform","p3rfcrm",821
"performance","p3rfcrmens",1113
"performances","p3rfcrmensez",65
"performed","p3rfcrmd",373
"performer","p3rfcrm3r",123
"performers","p3rfcrm3rz",62
"performing","p3rfcrm1N",325
"performs","p3rfcrmz",41
"perfume","p3rfjum",583
"perhaps","p3rh@ps",6939
"peril","pErel",98
"perilous","pEreles",40
"perimeter","p3r1met3r",461
"period","p1ried",1417
"periods","p1riedz",101
"peripheral","p3r1f3rel",49
"periscope","pEreskop",70
"perish","pEr1S",132
"perished","pEr1St",51
"perjury","p3rG3ri",115
"perk","p3rk",72
"perks","p3rks",90
"perky","p3rki",85
"perm","p3rm",51
"permanent","p3rmenent",619
"permanently","p3rmenentli",245
"permission","p3rm1Sen",1587
"permit","p3rm1t",617
"permits","p3rm1ts",142
"permitted","p3rm1t1d",222
"permitted","p3rm1ted",222
"peroxide","p3raks5d",55
"perp","p3rp",111
"perpetrator","p3rpetr8t3r",86
"perpetrators","p3rpetr8t3rz",42
"perpetual","p3rpECuel",79
"perry","pEri",391
"persecuted","p3rsekjuted",58
"persecution","p3rsekjuSen",60
"persevere","p3rsev1r",19
"persian","p3rZen",109
"persimmon","p3rs1men",4
"persist","p3rs1st",61
"persistence","p3rs1stens",42
"persistent","p3rs1stent",132
"person","p3rsen",10857
"persona","p3rsone",76
"personal","p3rsenel",4675
"personalities","p3rsen@letiz",151
"personality","p3rsen@l1ti",811
"personally","p3rseneli",1870
"personnel","p3rsenEl",835
"persons","p3rsenz",394
"perspective","p3rspEkt1v",419
"persuade","p3rsw8d",326
"persuaded","p3rsw8ded",137
"persuasion","p3rsw8Zen",100
"persuasive","p3rsw8s1v",111
"pert","p3rt",25
"pertaining","p3rt8n1N",41
"pertinent","p3rtenent",60
"peru","p3ru",147
"perv","p3rv",85
"perverse","p3rv3rs",66
"perversion","p3rv3rZen",40
"pervert","p3rv3rt",352
"perverted","p3rv3rted",90
"perverts","p3rv3rts",74
"pesky","pEski",52
"pesos","p8soz",95
"pest","pEst",146
"pester","pEst3r",27
"pestering","pEst3r1N",43
"pet","pEt",1029
"petal","pEtel",45
"petals","pEtelz",77
"pete","pit",1954
"peter","pit3r",4596
"peters","pit3rz",178
"petersburg","pit3rzb3rg",99
"petit","pEti",50
"petit","pEtit",50
"petite","petit",54
"petition","pet1Sen",215
"petrie","pEtri",77
"petrified","pEtref5d",88
"petrol","pEtrol",80
"petroleum","petroliem",64
"pets","pEts",290
"petticoat","pEtikot",40
"petting","pEt1N",73
"petty","pEti",438
"petunia","petunje",106
"pew","pju",53
"peyton","p8ten",342
"phage","f8G",1
"phalanx","f8l@Nks",7
"phantom","f@ntem",208
"pharaoh","fEro",112
"pharmaceutical","farmesut1kel",104
"pharmaceuticals","farmesut1kelz",62
"pharmacist","farmes1st",78
"pharmacy","farmesi",175
"phase","f8z",629
"phat","f@t",70
"pheasant","fEzent",41
"phenomena","fenamene",80
"phenomenal","fenamenel",118
"phenomenon","fenamenan",234
"pheromones","fEremonz",51
"phew","fju",107
"phi","f5",46
"phil","f1l",1830
"philadelphia","f1ledElfie",539
"philanthropist","f1l@nTrep1st",45
"philip","f1l1p",639
"philip","f1lep",639
"philippines","f1lepinz",111
"philistine","f1lestin",48
"philosopher","f1lasef3r",155
"philosophers","f1lasef3rz",43
"philosophical","f1lesaf1kel",81
"philosophy","f1lasefi",422
"phlegm","flEm",34
"phlox","flaks",25
"phobia","fobie",52
"phoebe","fibi",2150
"phoenix","fin1ks",555
"phone","fon",13756
"phoned","fond",329
"phones","fonz",664
"phoney","foni",159
"phoning","fon1N",64
"phonograph","fonegr@f",56
"phony","foni",421
"phooey","fui",59
"photo","foto",1165
"photograph","fotegr@f",579
"photographed","fotegr@ft",140
"photographer","fetagref3r",465
"photographers","fetagref3rz",120
"photographic","fotegr@f1k",97
"photographs","fotegr@fs",499
"photography","fetagrefi",198
"photos","fotoz",1016
"phrase","fr8z",464
"phrases","fr8zez",117
"phyllis","f1l1s",283
"physical","f1z1kel",1386
"physically","f1z1keli",471
"physician","f1z1Sen",313
"physicians","f1z1Senz",68
"physicist","f1z1s1st",69
"physics","f1z1ks",482
"physiology","f1zialeGi",49
"physique","fezik",33
"pi","p5",187
"pianist","pien1st",86
"piano","pi@no",1268
"picard","p1kard",78
"picasso","p1kaso",199
"piccolo","p1kelo",65
"pick","p1k",10118
"picked","p1kt",3534
"pickering","p1k3r1N",58
"picket","p1k1t",113
"pickin","p1k1n",110
"picking","p1k1N",1658
"pickings","p1k1Nz",45
"pickle","p1kel",235
"pickled","p1keld",76
"pickles","p1kelz",188
"picks","p1ks",468
"pickup","p1k^p",389
"pickups","p1k^ps",43
"picky","p1ki",111
"picnic","p1kn1k",596
"pico","piko",46
"picture","p1kC3r",7061
"pictured","p1kC3rd",134
"pictures","p1kC3rz",3477
"picturing","p1kC3r1N",57
"pie","p5",1466
"piece","pis",6349
"pieces","pisez",1783
"pier","p1r",334
"pierce","p1rs",1313
"pierced","p1rst",150
"piercing","p1rs1N",70
"pierre","piEr",394
"piers","p1rz",17
"pies","p5z",176
"pig","p1g",1996
"pigeon","p1Gen",301
"pigeons","p1Genz",179
"piggy","p1gi",225
"piggyback","p1gib@k",55
"piggybank","p1gib@Nk",2
"piglet","p1gl1t",108
"pigs","p1gz",678
"pigsty","p1gst5",43
"pigtailed","p1gt8ld",2
"pigtails","p1gt8lz",47
"pike","p5k",234
"pilar","pilar",88
"pile","p5l",672
"piled","p5ld",76
"piles","p5lz",91
"pilgrim","p1lgr1m",188
"pilgrim","p1lgrem",188
"pilgrimage","p1lgrem1G",58
"pilgrims","p1lgr1mz",95
"piling","p5l1N",72
"pill","p1l",603
"pillar","p1l3r",81
"pillars","p1l3rz",48
"pillow","p1lo",581
"pillows","p1loz",161
"pills","p1lz",1266
"pilot","p5let",1360
"pilots","p5lets",389
"pimento","p1mEnto",4
"pimp","p1mp",440
"pimping","p1mp1N",55
"pimple","p1mpel",85
"pimples","p1mpelz",62
"pimps","p1mps",61
"pin","p1n",835
"pinball","p1nbal",78
"pinch","p1nC",312
"pinched","p1nCt",138
"pinching","p1nC1N",57
"pine","p5n",316
"pineapple","p5n@pel",130
"pinecone","p5nkon",13
"pines","p5nz",61
"ping","p1N",168
"pinhead","p1nhEd",43
"pining","p5n1N",44
"pink","p1Nk",1452
"pinkie","p1Nki",85
"pinky","p1Nki",282
"pinnacle","p1nekel",22
"pinned","p1nd",231
"pinning","p1n1N",43
"pinocchio","p1nokio",120
"pinpoint","p1np2nt",92
"pins","p1nz",229
"pint","p5nt",167
"pinto","p1nto",43
"pints","p5nts",64
"pinwheel","p1nwil",7
"pioneer","p5en1r",106
"pioneers","p5en1rz",59
"pious","p5es",48
"pip","p1p",131
"pipe","p5p",989
"pipeline","p5pl5n",114
"piper","p5p3r",1554
"pipes","p5ps",378
"pipette","p5pEt",1
"pippin","p1p1n",68
"pips","p1ps",56
"pipsqueak","p1pskwik",22
"piracy","p5resi",41
"piranha","perane",60
"piranha","peranje",60
"pirate","p5ret",375
"pirates","p5rets",342
"pirouette","p1ruEt",15
"piss","p1s",1203
"pissant","p1s@nt",68
"pissed","p1st",1300
"pisses","p1sez",135
"pissing","p1s1N",254
"pistachio","p1st@Sio",77
"pistol","p1stel",513
"pistols","p1stelz",96
"piston","p1sten",60
"pistons","p1stenz",47
"pit","p1t",674
"pita","pite",57
"pitch","p1C",792
"pitched","p1Ct",104
"pitcher","p1C3r",165
"pitches","p1Cez",56
"pitchfork","p1Cfcrk",35
"pitching","p1C1N",192
"pith","p1T",10
"pitiful","p1tefel",196
"pits","p1ts",160
"pity","p1ti",1199
"pivotal","p1vetel",44
"pixie","p1ksi",42
"pizza","pitse",1709
"pizzas","pitsez",114
"place","pl8s",30736
"placebo","plesibo",37
"placed","pl8st",623
"placement","pl8sment",98
"places","pl8sez",2706
"placing","pl8s1N",147
"plague","pl8g",424
"plagued","pl8gd",95
"plagues","pl8gz",27
"plaid","pl@d",82
"plain","pl8n",1113
"plainly","pl8nli",95
"plains","pl8nz",105
"plaintiff","pl8ntef",187
"plan","pl@n",7432
"plane","pl8n",4872
"planes","pl8nz",894
"planet","pl@net",1975
"planetary","pl@netEri",55
"planets","pl@nets",219
"plank","pl@Nk",104
"plankton","pl@Nkten",80
"planned","pl@nd",1624
"planner","pl@n3r",83
"planning","pl@n1N",1902
"plans","pl@nz",2867
"plant","pl@nt",1408
"plantain","pl@nt8n",1
"plantation","pl@nt8Sen",170
"planted","pl@nt1d",456
"planted","pl@nted",456
"planter","pl@nt3r",32
"planting","pl@nt1N",108
"plants","pl@nts",488
"plaque","pl@k",106
"plasma","pl@zme",254
"plaster","pl@st3r",134
"plastered","pl@st3rd",93
"plastic","pl@st1k",957
"plastics","pl@st1ks",52
"plate","pl8t",1308
"plateau","pleto",29
"plates","pl8ts",638
"platform","pl@tfcrm",313
"platinum","pl@t1nem",123
"plato","pl8to",100
"platonic","pletan1k",62
"platoon","pletun",368
"platter","pl@t3r",149
"platypus","pl@tepUs",3
"plausible","plazebel",83
"play","pl8",18081
"playable","pl8ebel",3
"playback","pl8b@k",75
"playbook","pl8bUk",45
"playboy","pl8b2",216
"playboys","pl8b2z",52
"played","pl8d",2870
"player","pl83r",1926
"players","pl83rz",875
"playful","pl8fel",59
"playground","pl8grOnd",260
"playhouse","pl8hOs",33
"playing","pl81N",7515
"playmate","pl8m8t",63
"playoffs","pl8afs",83
"playpen","pl8pEn",35
"playroom","pl8rum",41
"plays","pl8z",1521
"playtime","pl8t5m",48
"playwright","pl8r5t",72
"plaza","plaze",301
"plea","pli",349
"plead","plEd",357
"plead","plid",357
"pleaded","plided",67
"pleading","plid1N",116
"pleasant","plEzent",1072
"pleasantly","plEzentli",52
"please","pliz",56149
"pleased","plizd",1455
"pleases","plizez",173
"pleasing","pliz1N",79
"pleasure","plEZ3r",4118
"pleasures","plEZ3rz",158
"pleat","plit",3
"plebe","plib",1
"pledge","plEG",351
"pledged","plEGd",81
"pledges","plEGez",42
"plenty","plEnti",3178
"pliers","pl53rz",59
"plight","pl5t",63
"plod","plad",5
"plop","plap",43
"plot","plat",591
"plots","plats",86
"plotted","plated",52
"plotting","plat1N",90
"plough","plO",54
"plow","plO",96
"ploy","pl2",78
"pluck","pl^k",118
"plucked","pl^kt",65
"plug","pl^g",531
"plugged","pl^gd",112
"plugging","pl^g1N",41
"plugs","pl^gz",103
"plum","pl^m",174
"plumb","pl^m",86
"plumber","pl^m3r",229
"plumbers","pl^m3rz",40
"plumbing","pl^m1N",247
"plume","plum",24
"plummer","pl^m3r",50
"plump","pl^mp",75
"plums","pl^mz",53
"plunder","pl^nd3r",43
"plunge","pl^nG",114
"plunged","pl^nGd",50
"plunger","pl^nG3r",48
"plural","pl3rel",49
"plus","pl^s",2399
"plush","pl^S",28
"pluto","pluto",155
"plutonium","plutoniem",100
"plymouth","pl1meT",81
"pneumatic","njum@t1k",22
"pneumonia","numonie",257
"po","po",133
"poach","poC",17
"poached","poCt",62
"poachers","poC3rz",78
"poaching","poC1N",47
"pocket","pak1t",1821
"pocketbook","pak1tbUk",76
"pocketful","pak1tfUl",21
"pockets","pak1ts",626
"pod","pad",408
"podium","podiem",65
"pods","padz",101
"poe","po",174
"poem","poem",696
"poem","pom",696
"poems","poemz",243
"poems","pomz",243
"poet","poet",470
"poetic","poEt1k",137
"poetry","poetri",682
"poets","poets",143
"pogo","pogo",31
"poinsettia","p2nsEtie",3
"point","p2nt",12063
"pointed","p2nt1d",387
"pointer","p2nt3r",55
"pointers","p2nt3rz",71
"pointing","p2nt1N",425
"pointless","p2ntles",183
"points","p2nts",1642
"pointy","p2nti",104
"poise","p2z",56
"poised","p2zd",64
"poison","p2zen",1252
"poisoned","p2zend",394
"poisoning","p2zen1N",302
"poisonous","p2zenes",170
"poisons","p2zenz",70
"poke","pok",298
"poked","pokt",67
"poker","pok3r",819
"pokey","poki",50
"poking","pok1N",191
"poland","polend",145
"polar","pol3r",135
"polaroid","pol3r2d",73
"pole","pol",642
"poles","polz",110
"police","pelis",12044
"policeman","pelismen",598
"policemen","pelism1n",197
"polices","pelisez",53
"policewoman","peliswUmen",23
"policies","palesiz",157
"policy","palesi",1378
"polio","polio",45
"polish","pal1S",493
"polish","pol1S",493
"polished","pal1St",102
"polishing","pal1S1N",68
"polite","pel5t",711
"politely","pel5tli",87
"politeness","pel5tnes",29
"political","pel1t1kel",1115
"political","pel1tekel",1115
"politically","pel1tekeli",150
"politician","palet1Sen",167
"politicians","palet1Senz",277
"politics","palet1ks",845
"polk","pok",108
"polka","poke",124
"polka","polke",124
"poll","pol",127
"pollack","palek",47
"pollen","palen",62
"polliwog","paliwag",1
"pollock","palek",101
"polls","polz",111
"pollute","pelut",23
"polluted","peluted",50
"pollution","peluSen",97
"polly","pali",337
"polo","polo",178
"polyester","paliEst3r",63
"polygraph","paligr@f",81
"pom","pam",42
"pomegranate","pamegr@net",13
"pomp","pamp",20
"pompous","pampes",122
"poncho","panCo",44
"pond","pand",323
"ponder","pand3r",56
"pong","paN",82
"pongo","paNgo",130
"ponies","poniz",142
"pons","panz",4
"pontiac","panti@k",44
"pony","poni",413
"ponytail","ponit8l",51
"poo","pu",102
"pooch","puC",66
"poodle","pudel",145
"poof","puf",110
"pooh","pu",243
"pool","pul",2396
"pools","pulz",118
"poop","pup",285
"pooped","pupt",64
"poor","pcr",6583
"poor","pUr",6583
"poorer","pcr3r",75
"poorer","pUr3r",75
"poorly","pcrli",133
"poorly","pUrli",133
"pop","pap",3441
"popcorn","papkcrn",465
"pope","pop",546
"popeye","pap5",80
"poppa","pape",45
"popped","papt",404
"poppin","pap1n",47
"popping","pap1N",275
"poppy","papi",202
"pops","paps",598
"popsicle","paps1kel",82
"popular","papjel3r",1177
"popularity","papjelEreti",149
"populated","papjel8ted",56
"population","papjel8Sen",464
"porcelain","pcrselen",80
"porch","pcrC",491
"porcupine","pcrkjup5n",33
"pore","pcr",24
"pores","pcrz",88
"pork","pcrk",537
"porn","pcrn",592
"porno","pcrno",230
"pornographic","pcrnegr@f1k",78
"pornography","pcrnagrefi",136
"porridge","pcreG",42
"port","pcrt",741
"portable","pcrtebel",204
"portal","pcrtel",222
"portals","pcrtelz",62
"porter","pcrt3r",795
"porters","pcrt3rz",42
"portfolio","pcrtfolio",104
"portia","pcrSe",77
"portion","pcrSen",221
"portions","pcrSenz",50
"portland","pcrtlend",181
"portman","pcrtmen",55
"portrait","pcrtr1t",277
"portraits","pcrtr1ts",68
"portray","pcrtr8",43
"ports","pcrts",95
"portugal","pcrCegel",68
"portuguese","pcrCegiz",124
"pose","poz",347
"posed","pozd",112
"poses","pozez",91
"posh","paS",65
"posing","poz1N",165
"position","pez1Sen",3676
"positioning","pez1Sen1N",43
"positions","pez1Senz",489
"positive","pazet1v",1613
"positively","pazet1vli",310
"posse","pasi",221
"possess","pezEs",280
"possessed","pezEst",340
"possesses","pezEsez",68
"possession","pezESen",680
"possessions","pezESenz",171
"possessive","pezEs1v",65
"possibilities","paseb1letiz",386
"possibility","paseb1leti",1035
"possible","pasebel",5816
"possibly","pasebli",2494
"possum","pasem",105
"post","post",1654
"postage","post1G",48
"postal","postel",96
"postcard","postkard",211
"postcards","postkardz",106
"posted","post1d",367
"poster","post3r",305
"posters","post3rz",154
"posting","post1N",53
"postman","postmen",128
"postmortem","postmcrtem",67
"postpone","postpon",199
"postponed","postpond",102
"posts","posts",141
"posture","pasC3r",88
"pot","pat",1149
"potassium","pet@siem",84
"potato","pet8to",576
"potatoes","pet8toz",566
"potent","potent",76
"potential","petEnSel",960
"potentially","petEnSeli",171
"potion","poSen",380
"potions","poSenz",58
"pots","pats",181
"potter","pat3r",1039
"pottery","pat3ri",94
"potty","pati",86
"pouch","pOC",87
"poultry","poltri",51
"pounce","pOns",56
"pound","pOnd",708
"pounded","pOnded",44
"pounding","pOnd1N",310
"pounds","pOndz",1595
"pounds","pOnz",1595
"pour","pcr",771
"poured","pcrd",222
"pouring","pcr1N",302
"pours","pcrz",76
"pout","pOt",55
"pouting","pOt1N",47
"pouty","pOti",29
"poverty","pav3rti",221
"pow","pO",169
"powder","pOd3r",818
"powdered","pOd3rd",107
"power","pO3r",7600
"powered","pO3rd",70
"powerful","pO3rfel",1791
"powering","pO3r1N",40
"powerless","pO3rles",192
"powers","pO3rz",1826
"pox","paks",75
"practical","pr@kt1kel",577
"practically","pr@kt1keli",1165
"practice","pr@kt1s",2330
"practiced","pr@kt1st",170
"practices","pr@kt1sez",116
"practicing","pr@kt1s1N",504
"practise","pr@kt1s",189
"practising","pr@kt1s1N",104
"practitioner","pr@kt1Sen3r",43
"prado","prado",46
"prague","prag",116
"prairie","prEri",143
"praise","pr8z",482
"praised","pr8zd",87
"praises","pr8zez",52
"pram","pr@m",11
"prancing","pr@ns1N",46
"prank","pr@Nk",204
"pranks","pr@Nks",53
"pray","pr8",1847
"prayed","pr8d",238
"prayer","pr83r",805
"prayer","prEr",805
"prayerful","pr83rfel",1
"prayerful","prErfel",1
"prayers","pr83rz",485
"prayers","prErz",485
"praying","pr81N",520
"prays","pr8z",51
"preach","priC",122
"preacher","priC3r",342
"preaching","priC1N",106
"precarious","pr1kEries",20
"precaution","pr1kaSen",174
"precautions","prikaSenz",127
"precedent","prEsedent",127
"precedes","presidz",44
"precinct","pris1Nkt",374
"precious","prESes",1191
"precise","pr1s5s",265
"precise","pris5s",265
"precisely","pr1s5sli",611
"precisely","pris5sli",611
"precision","pres1Zen",150
"predator","prEdet3r",134
"predators","prEdet3rz",95
"predecessor","prEdesEs3r",47
"predicament","pred1kement",100
"predict","pr1d1kt",203
"predictable","pr1d1ktebel",154
"predicted","pr1d1kted",143
"prediction","pr1d1kSen",66
"predictions","pr1d1kSenz",42
"preemptive","priEmpt1v",44
"prefect","prifEkt",41
"prefer","pr1f3r",1679
"preferable","prEf3rebel",47
"preferable","prEfrebel",47
"preferably","prEf3rebli",152
"preferably","prEfrebli",152
"preference","prEf3rens",119
"preference","prEfrens",119
"preferred","pr1f3rd",210
"prefers","pr1f3rz",134
"pregnancy","prEgnensi",334
"pregnant","prEgnent",2653
"prehistoric","prih1stcr1k",88
"prejudice","prEGed1s",163
"prejudiced","prEGed1st",95
"preliminary","pr1l1menEri",244
"premature","primeC3r",177
"premeditated","primEd1t8ted",56
"premier","prEm1r",127
"premiere","pr1m1r",189
"premise","prEm1s",61
"premises","prEm1sez",259
"premium","primiem",88
"premonition","prEmen1Sen",189
"premonitions","prEmen1Senz",41
"prentice","prEnt1s",42
"prenup","prin^p",52
"preoccupied","priakjep5d",102
"prep","prEp",385
"preparation","prEp3r8Sen",206
"preparations","prEp3r8Senz",125
"prepare","pr1pEr",1711
"prepared","pr1pErd",1825
"prepares","pr1pErz",45
"preparing","pr1pEr1N",457
"preposterous","pr1past3res",155
"prepped","prEpt",96
"preppie","prEpi",41
"prepping","prEp1N",56
"prerogative","pr1raget1v",67
"presbyterian","prEsb1t1rien",55
"preschool","priskul",61
"prescribe","pr1skr5b",74
"prescribed","pr1skr5bd",114
"prescription","preskr1pSen",376
"prescriptions","pr1skr1pSenz",77
"presence","prEzens",1064
"present","prEzent",4562
"present","prizEnt",4562
"presentable","pr1zEntebel",50
"presentation","prEzent8Sen",368
"presented","pr1zEnted",295
"presented","prizEnted",295
"presenting","prezEnt1N",167
"presently","prEzentli",115
"presents","prEzents",973
"presents","prizEnts",973
"preservation","prEz3rv8Sen",55
"preserve","pr1z3rv",287
"preserved","pr1z3rvd",97
"preserving","pr1z3rv1N",46
"presidency","prEz1densi",125
"president","prEz1dent",7174
"presidential","prEzedEnSel",285
"presidents","prEz1dEnts",138
"presiding","pr1z5d1N",77
"presley","prEsli",73
"press","prEs",3070
"pressed","prEst",297
"presser","prEs3r",2
"presses","prEsez",86
"pressing","prEs1N",289
"pressure","prES3r",2709
"pressured","prES3rd",45
"pressures","prES3rz",73
"pressuring","prES3r1N",64
"prestige","prEstiZ",70
"prestigious","prEst1Ges",90
"presto","prEsto",35
"presumably","pr1zumebli",85
"presume","pr1zum",415
"presumed","pr1zumd",61
"presumptuous","pr1z^mpCues",69
"pretence","pritEns",21
"pretend","pr1tEnd",2056
"pretended","pr1tEnd1d",243
"pretender","pr1tEnd3r",94
"pretending","pr1tEnd1N",795
"pretends","pr1tEndz",103
"pretense","pr1tEns",44
"pretense","pritEns",44
"pretenses","pr1tEnsez",42
"pretenses","pritEnsez",42
"pretentious","pr1tEnSes",97
"pretext","pritEkst",65
"prettier","pr1ti3r",239
"prettiest","pr1tiest",292
"pretty","pr1ti",20003
"pretzel","prEtsel",102
"pretzels","prEtselz",114
"prevail","pr1v8l",107
"prevent","pr1vEnt",666
"prevented","pr1vEnted",106
"preventing","pr1vEnt1N",56
"preventive","privEnt1v",12
"prevents","pr1vEnts",81
"preview","privju",73
"previous","privies",484
"previously","priviesli",923
"prey","pr8",281
"price","pr5s",2722
"priceless","pr5sles",212
"prices","pr5sez",376
"prick","pr1k",720
"prickly","pr1kli",29
"pricks","pr1ks",74
"pride","pr5d",1411
"pried","pr5d",17
"priest","prist",1336
"priestess","pristes",63
"priests","prists",247
"prim","pr1m",19
"prima","prime",93
"primal","pr5mel",58
"primarily","pr5mEreli",105
"primary","pr5mEri",444
"primate","pr5m8t",35
"prime","pr5m",933
"primitive","pr1m1t1v",263
"primitive","pr1met1v",263
"primo","primo",84
"prince","pr1ns",2299
"princes","pr1nsez",105
"princess","pr1nsEs",2019
"princesses","pr1nsEsez",66
"princeton","pr1nsten",244
"principal","pr1nsepel",701
"principals","pr1ns1pelz",41
"principle","pr1nsepel",395
"principles","pr1nsepelz",306
"print","pr1nt",1018
"printed","pr1nt1d",306
"printed","pr1nted",306
"printer","pr1nt3r",107
"printing","pr1nt1N",182
"prints","pr1nts",868
"prior","pr53r",422
"priorities","pr5cretiz",166
"priority","pr5creti",519
"priors","pr53rz",73
"priors","pr5rz",73
"prism","pr1zm",41
"prison","pr1zen",3368
"prisoner","pr1zen3r",1180
"prisoners","pr1zen3rz",821
"prisons","pr1zenz",109
"prissy","pr1si",46
"privacy","pr5vesi",774
"private","pr5vet",3874
"privately","pr5vetli",198
"privates","pr5vets",50
"privilege","pr1v1l1G",542
"privileged","pr1vel1Gd",172
"privileges","pr1v1l1Gez",177
"privy","pr1vi",76
"prize","pr5z",1142
"prizes","pr5zez",143
"pro","pro",722
"probability","prabeb1leti",114
"probable","prabebel",167
"probably","prabebli",14323
"probation","prob8Sen",299
"probe","prob",225
"probing","prob1N",40
"problem","prablem",16833
"problematic","prablem@t1k",48
"problems","prablemz",3931
"procedure","presiG3r",823
"procedure","prosiG3r",823
"procedures","presiG3rz",260
"procedures","prosiG3rz",260
"proceed","presid",1066
"proceed","prosid",1066
"proceeded","presided",64
"proceeded","prosided",64
"proceeding","presid1N",156
"proceeding","prosid1N",156
"proceedings","prosid1Nz",146
"proceeds","presidz",86
"proceeds","prosidz",86
"process","prasEs",1427
"processed","prasEst",128
"processes","prasEsez",55
"processing","prasEs1N",193
"procession","presESen",65
"processor","prasEs3r",46
"proclaim","prokl8m",47
"proclamation","praklem8Sen",55
"procrastinate","prekr@sten8t",13
"prod","prad",35
"prodigal","prad1gel",57
"prodigy","pradeGi",67
"produce","predus",564
"produce","produs",564
"produced","predust",268
"producer","predus3r",636
"producers","predus3rz",164
"produces","predusez",134
"producing","predus1N",142
"product","pradekt",752
"production","pred^kSen",645
"production","prod^kSen",645
"productions","pred^kSenz",69
"productive","pred^kt1v",123
"products","pradekts",312
"prof","praf",151
"profession","prefESen",461
"professional","prefESenel",1646
"professionally","prefESeneli",123
"professionals","prefESenelz",231
"professor","prefEs3r",3548
"professors","prefEs3rz",99
"profile","prof5l",657
"profiler","prof5l3r",50
"profiles","prof5lz",50
"profiling","prof5l1N",61
"profit","praf1t",559
"profit","prafet",559
"profitable","praf1tebel",125
"profits","praf1ts",282
"profound","profOnd",213
"profoundly","prefOndli",63
"progeny","praGeni",18
"prognosis","pragnos1s",54
"program","progr@m",2174
"programme","progr@m",235
"programmed","progr@md",243
"programmer","progr@m3r",56
"programming","progr@m1N",160
"programs","progr@mz",284
"progress","pragrEs",1084
"progress","pregrEs",1084
"progressed","pregrEst",43
"progressing","pregrEs1N",41
"progressive","pregrEs1v",95
"prohibited","preh1beted",67
"prohibition","pro1b1Sen",61
"prohibition","proh1b1Sen",61
"project","praGEkt",1907
"project","preGEkt",1907
"projected","preGEkted",64
"projectile","preGEkt5l",43
"projectile","preGEktel",43
"projecting","preGEkt1N",62
"projection","preGEkSen",107
"projections","preGEkSenz",56
"projector","preGEkt3r",62
"projects","praGEkts",285
"projects","preGEkts",285
"prolong","prelaN",51
"prolonged","prelaNd",55
"prom","pram",906
"promenade","pramen8d",45
"prominent","pramenent",130
"promiscuous","prem1skjues",52
"promise","pram1s",7809
"promised","pramest",3169
"promises","pramesez",580
"promising","prames1N",336
"promote","premot",225
"promoted","premoted",286
"promoter","premot3r",51
"promoting","premot1N",92
"promotion","premoSen",557
"promotions","premoSenz",56
"prompt","prampt",59
"prompted","prampted",46
"promptly","pramptli",104
"prone","pron",92
"pronounce","prenOns",331
"pronounced","prenOnst",152
"pronto","pranto",145
"proof","pruf",1754
"proofs","prufs",47
"prop","prap",188
"propaganda","prapeg@nde",159
"propeller","prepEl3r",78
"proper","prap3r",1289
"properly","prap3rli",658
"properties","prap3rtiz",162
"property","prap3rti",1698
"prophecies","prafesiz",74
"prophecy","prafesi",321
"prophet","praf1t",272
"prophets","praf1ts",61
"prophylactic","praf1l@kt1k",29
"proportion","prepcrSen",139
"proportions","prepcrSenz",81
"proposal","prepozel",448
"proposals","prepozelz",74
"propose","prepoz",663
"proposed","prepozd",343
"proposing","prepoz1N",159
"proposition","prapez1Sen",402
"proprietor","prepr5et3r",60
"props","praps",152
"propulsion","prep^lSen",59
"pros","proz",156
"prose","proz",48
"prosecute","prasekjut",144
"prosecuted","prasekjuted",83
"prosecuting","prasekjut1N",62
"prosecution","prasekjuSen",401
"prosecutor","prasekjut3r",366
"prosecutors","prasekjut3rz",64
"prospect","praspEkt",178
"prospective","prespEkt1v",68
"prospects","praspEkts",114
"prosper","prasp3r",56
"prosperity","praspEreti",107
"prosperous","prasp3res",64
"prostate","prast8t",85
"prostitute","prastetut",385
"prostitutes","prastetuts",146
"prostitution","prastetuSen",122
"protect","pretEkt",3583
"protected","pretEkt1d",554
"protecting","pretEkt1N",817
"protection","pretEkSen",1197
"protective","pretEkt1v",309
"protector","pretEkt3r",149
"protects","pretEkts",144
"protein","protin",230
"proteins","protinz",51
"protest","protEst",448
"protestant","pratestent",78
"protesters","protEst3rz",44
"protesting","protEst1N",100
"protests","protEsts",55
"proteus","proties",111
"protocol","protekal",382
"protocols","protekalz",135
"prototype","protet5p",169
"proud","prOd",4265
"proudest","prOdest",50
"proudly","prOdli",175
"prove","pruv",3590
"proved","pruvd",549
"proven","pruven",339
"proverb","prav3rb",55
"proverbial","prev3rbiel",53
"proves","pruvz",404
"provide","prev5d",888
"provided","prev5d1d",506
"provided","prev5ded",506
"providence","pravedens",135
"provider","prev5d3r",74
"provides","prev5dz",137
"providing","prev5d1N",205
"province","pravens",163
"provincial","prev1nSel",47
"proving","pruv1N",229
"provision","prev1Zen",40
"provisions","prev1Zenz",87
"provocation","pravek8Sen",53
"provocative","provaket1v",82
"provoke","prevok",127
"provoked","prevokt",85
"provoking","prevok1N",46
"provolone","provelon",80
"prow","prO",6
"prowess","prOEs",40
"prowl","prOl",66
"prowler","prOl3r",41
"proximity","praks1meti",84
"proxy","praksi",46
"prude","prud",70
"prudence","prudens",69
"prudent","prudent",82
"prune","prun",75
"pry","pr5",210
"prying","pr51N",75
"psalm","salm",26
"psalm","sam",26
"psalms","salmz",18
"psalms","samz",18
"psych","s5k",344
"psyche","s5ki",140
"psyched","s5kt",137
"psychedelic","s5kedEl1k",40
"psychiatric","s5ki@tr1k",242
"psychiatrist","s1k5etr1st",615
"psychiatrist","s5k5etr1st",615
"psychiatrists","s1k5etr1sts",80
"psychiatrists","s5k5etr1sts",80
"psychiatry","s5k5etri",107
"psychic","s5k1k",605
"psychics","s5k1ks",44
"psycho","s5ko",562
"psychological","s5kelaG1kel",343
"psychologically","s5kelaG1keli",76
"psychologist","s5kaleGest",183
"psychology","s5kaleGi",279
"psychopath","s5kop@T",142
"psychos","s5koz",47
"psychosis","s5kos1s",68
"psychotic","s5kat1k",326
"ptomaine","tom8n",7
"pub","p^b",190
"puberty","pjub3rti",112
"pubic","pjub1k",60
"public","p^bl1k",3625
"publication","p^blek8Sen",90
"publications","p^blek8Senz",47
"publicist","p^bles1st",97
"publicity","pebl1s1ti",534
"publicity","pebl1seti",534
"publicly","p^bl1kli",103
"publish","p^bl1S",260
"published","p^bl1St",367
"publisher","p^bl1S3r",230
"publishers","p^bl1S3rz",62
"publishing","p^bl1S1N",194
"puck","p^k",147
"pucker","p^k3r",45
"pudding","pUd1N",314
"puddle","p^del",99
"puerto","pwErto",211
"puff","p^f",227
"puffed","p^ft",42
"puffs","p^fs",128
"puffy","p^fi",86
"pug","p^g",52
"puggle","p^gel",1
"puke","pjuk",319
"puked","pjukt",43
"puking","pjuk1N",86
"puli","puli",105
"pulitzer","pUl1ts3r",95
"pull","pUl",7469
"pulled","pUld",2488
"pulling","pUl1N",1384
"pullman","pUlmen",42
"pulls","pUlz",404
"pulmonary","pUlmenEri",74
"pulp","p^lp",93
"pulse","p^ls",1200
"pulses","p^lsez",44
"pump","p^mp",645
"pumped","p^mpt",159
"pumpernickel","p^mp3rn1kel",49
"pumping","p^mp1N",240
"pumpkin","p^mpk1n",553
"pumps","p^mps",197
"pun","p^n",94
"punch","p^nC",1514
"punched","p^nCt",282
"puncher","p^nC3r",16
"punches","p^nCez",161
"punching","p^nC1N",207
"punchy","p^nCi",49
"punctual","p^NkCuel",57
"puncture","p^NkC3r",96
"punctured","p^NkC3rd",46
"pungent","p^nGent",20
"punish","p^n1S",493
"punishable","p^n1Sebel",42
"punished","p^n1St",526
"punishing","p^n1S1N",149
"punishment","p^n1Sment",685
"punitive","pjunet1v",44
"punk","p^Nk",1121
"punks","p^Nks",211
"punt","p^nt",37
"puny","pjuni",74
"pup","p^p",164
"pupil","pjupel",160
"pupils","pjupelz",184
"puppet","p^p1t",279
"puppeteer","p^pet1r",63
"puppets","p^p1ts",96
"puppies","p^piz",278
"puppy","p^pi",584
"pups","p^ps",46
"purchase","p3rCes",325
"purchased","p3rCest",190
"purchases","p3rCesez",54
"purchasing","p3rCes1N",51
"purdy","p3rdi",98
"pure","pjUr",1271
"purely","pjUrli",258
"purest","pjUrest",49
"purgatory","p3rgetcri",57
"purge","p3rG",82
"purified","pjUref5d",42
"purity","pjUreti",121
"purple","p3rpel",629
"purplish","p3rpl1S",1
"purpose","p3rpes",1789
"purposely","p3rpesli",55
"purposes","p3rpesez",262
"purr","p3r",39
"purse","p3rs",1008
"purser","p3rs3r",46
"purses","p3rsez",49
"pursue","p3rsu",327
"pursued","p3rsud",109
"pursuing","p3rsu1N",162
"pursuit","p3rsut",359
"pus","p^s",51
"push","pUS",3598
"pushed","pUSt",1045
"pusher","pUS3r",64
"pushes","pUSez",139
"pushing","pUS1N",978
"pushover","pUSov3r",63
"pushup","pUS^p",12
"pushups","pUS^ps",64
"pushy","pUSi",121
"pusillanimous","pjusel@nemes",2
"puss","pUs",149
"pussies","pUsiz",114
"pussy","pUsi",1309
"pussycat","pUsik@t",244
"put","pUt",42251
"puts","pUts",1224
"putt","p^t",58
"putter","p^t3r",70
"putting","p^t1N",3467
"putting","pUt1N",3467
"putty","p^ti",93
"putz","p^ts",120
"puzzle","p^zel",374
"puzzled","p^zeld",70
"puzzles","p^zelz",124
"pyjamas","p1Gamez",90
"pyongyang","pj^NjaN",41
"pyramid","p1rem1d",204
"pyramids","p1rem1dz",96
"pyre","p5r",15
"python","p5Tan",79
"quack","kw@k",236
"quad","kwad",79
"quadrant","kwadrent",143
"quagmire","kw@gm5r",124
"quahog","kwahag",79
"quail","kw8l",68
"quaint","kw8nt",111
"quake","kw8k",82
"quaker","kw8k3r",62
"qualifications","kwalefek8Senz",129
"qualified","kwalef5d",421
"qualifies","kwalef5z",61
"qualify","kwalef5",209
"qualities","kwaletiz",251
"quality","kwaleti",947
"qualms","kwalmz",15
"qualms","kwamz",15
"quandary","kwand3ri",21
"quantities","kwantetiz",46
"quantity","kwanteti",95
"quantum","kwantem",285
"quarantine","kwcrentin",227
"quarantined","kwcrentind",47
"quark","kwark",49
"quarrel","kwcrel",286
"quarry","kwcri",78
"quart","kwcrt",106
"quarter","kwcrt3r",1327
"quarterback","kwcrt3rb@k",243
"quarterly","kwcrt3rli",45
"quartermaster","kwcrt3rm@st3r",46
"quarters","kwcrt3rz",824
"quartet","kwcrtEt",80
"quarts","kwcrts",54
"quartz","kwcrts",27
"quasimodo","k@zimodo",55
"quasimodo","kwazimodo",55
"quay","ki",4
"que","kju",1
"queasy","kwizi",58
"queen","kwin",2789
"queens","kwinz",496
"queer","kw1r",296
"queers","kw1rz",47
"quell","kwEl",17
"quench","kwEnC",32
"query","kw1ri",29
"quest","kwEst",327
"question","kwEsCen",10116
"questionable","kwEsCenebel",117
"questioned","kwEsCend",293
"questioning","kwEsCen1N",519
"questions","kwEsCenz",6016
"queue","kju",60
"qui","ki",47
"qui","kwi",47
"quiche","kiS",43
"quick","kw1k",5542
"quicker","kw1k3r",366
"quickest","kw1kest",72
"quickie","kw1ki",53
"quickly","kw1kli",2881
"quicksand","kw1ks@nd",75
"quid","kw1d",161
"quiet","kw5et",5978
"quieter","kw5et3r",71
"quietly","kw5etli",629
"quill","kw1l",139
"quilt","kw1lt",39
"quince","kw1ns",47
"quincy","kw1nsi",203
"quirk","kw3rk",20
"quirks","kw3rks",47
"quirt","kw3rt",45
"quit","kw1t",4595
"quite","kw5t",10332
"quits","kw1ts",121
"quitter","kw1t3r",73
"quitters","kw1t3rz",43
"quitting","kw1t1N",450
"quiver","kw1v3r",23
"quiz","kw1z",252
"quo","kwo",96
"quota","kwote",95
"quote","kwot",488
"quoted","kwoted",74
"quotes","kwots",61
"quotient","kwoSent",17
"quoting","kwot1N",100
"rabbi","r@b5",342
"rabbit","r@b1t",1068
"rabbits","r@b1ts",328
"rabble","r@bel",54
"rabid","r@b1d",70
"rabies","r8biz",112
"raccoon","r@kun",73
"race","r8s",3157
"raced","r8st",67
"racehorse","r8shcrs",59
"racer","r8s3r",134
"racers","r8s3rz",102
"races","r8sez",348
"racetrack","r8str@k",92
"racial","r8Sel",159
"racing","r8s1N",606
"racism","r8s1zm",88
"racist","r8s1st",246
"rack","r@k",397
"racked","r@kt",50
"racket","r@k1t",379
"rackets","r@k1ts",49
"racks","r@ks",44
"racquetball","r@k1tbal",62
"racy","r8si",49
"rad","r@d",45
"radar","r8dar",1811
"radiant","r8dient",110
"radiation","r8di8Sen",419
"radiator","r8di8t3r",103
"radiators","r8di8t3rz",11
"radical","r@d1kel",218
"radio","r8dio",3936
"radioactive","r8dio@kt1v",163
"radioactivity","r8dio@kt1v1ti",41
"radiology","r8dialeGi",103
"radios","r8dioz",105
"radish","r@d1S",31
"radium","r8diem",56
"radius","r8dies",224
"raffle","r@fel",93
"raft","r@ft",240
"rafter","r@ft3r",3
"rag","r@g",244
"ragamuffin","r@gem^f1n",3
"rage","r8G",577
"ragged","r@ged",80
"raggedy","r@gedi",66
"raging","r8G1N",165
"rags","r@gz",161
"rah","ra",60
"raid","r8d",436
"raided","r8ded",80
"raiders","r8d3rz",58
"raiding","r8d1N",42
"raids","r8dz",61
"rail","r8l",233
"railing","r8l1N",75
"railroad","r8lrod",634
"railroads","r8lrodz",54
"rails","r8lz",53
"railway","r8lw8",80
"rain","r8n",2494
"rainbow","r8nbo",407
"rainbows","r8nboz",50
"raincoat","r8nkot",84
"raindrop","r8ndrap",12
"rained","r8nd",138
"raines","r8nz",258
"rainfall","r8nfal",17
"rainforest","r8nfcr1st",24
"rainforest","r8nfcrest",24
"raining","r8n1N",499
"rains","r8nz",266
"rainstorm","r8nstcrm",41
"rainwater","r8nwat3r",11
"rainy","r8ni",194
"raise","r8z",2815
"raised","r8zd",1312
"raises","r8zez",97
"raisin","r8z1n",83
"raising","r8z1N",574
"raisins","r8zenz",111
"rake","r8k",152
"rallies","r@liz",41
"rally","r@li",368
"ralph","r@lf",783
"ram","r@m",328
"ramble","r@mbel",31
"rambling","r@mbl1N",69
"rambunctious","r@mb^NkSes",14
"ramifications","r@mefek8Senz",44
"rammed","r@md",44
"ramon","remon",321
"ramp","r@mp",147
"rampage","r@mp8G",53
"rampant","r@mpent",49
"rams","r@mz",42
"ran","r@n",4296
"rance","r@ns",56
"ranch","r@nC",895
"rancher","r@nC3r",47
"ranchers","r@nC3rz",45
"rand","r@nd",120
"randall","r@ndel",301
"random","r@ndem",522
"randomly","r@ndemli",68
"randy","r@ndi",572
"rang","r@N",277
"range","r8nG",1161
"ranger","r8nG3r",379
"rangers","r8nG3rz",244
"rank","r@Nk",433
"ranked","r@Nkt",49
"ranking","r@Nk1N",71
"ranks","r@Nks",199
"ransom","r@nsem",498
"rant","r@nt",34
"ranting","r@nt1N",40
"rap","r@p",665
"rape","r8p",816
"raped","r8pt",593
"rapes","r8ps",44
"raphael","r@f5El",89
"raphael","r@fiel",89
"raphael","raf5El",89
"rapid","r@p1d",223
"rapid","r@ped",223
"rapidly","r@pedli",189
"rapids","r@p1dz",52
"raping","r8p1N",81
"rapist","r8p1st",162
"rapists","r8p1sts",49
"rapper","r@p3r",90
"rappers","r@p3rz",42
"rapping","r@p1N",48
"rapt","r@pt",12
"rapture","r@pC3r",44
"rare","rEr",1087
"rarely","rErli",342
"rascal","r@skel",201
"rascals","r@skelz",44
"rash","r@S",410
"rasp","r@sp",5
"raspberry","r@zbEri",96
"rat","r@t",1663
"rate","r8t",1271
"rated","r8ted",73
"rates","r8ts",209
"rather","r@D3r",5825
"rating","r8t1N",112
"ratings","r8t1Nz",204
"ratio","r8Sio",164
"ration","r@Sen",66
"rational","r@Senel",256
"rationally","r@Seneli",58
"rations","r@Senz",95
"rats","r@ts",848
"ratted","r@ted",57
"rattle","r@tel",172
"rattled","r@teld",59
"rattler","r@tl3r",25
"rattlesnake","r@telsn8k",86
"rattling","r@tl1N",144
"ravaged","r@v1Gd",44
"rave","r8v",129
"raven","r8ven",159
"ravens","r8venz",106
"ravine","revin",94
"raving","r8v1N",161
"ravioli","r@violi",35
"ravishing","r@v1S1N",79
"raw","ra",519
"rawhide","rah5d",56
"ray","r8",4966
"rays","r8z",221
"raze","r8z",8
"razor","r8z3r",351
"reach","riC",2903
"reached","riCt",1261
"reaches","riCez",267
"reaching","riC1N",412
"react","ri@kt",385
"reacted","ri@kted",88
"reacting","ri@kt1N",81
"reaction","ri@kSen",830
"reactions","ri@kSenz",117
"reactor","ri@kt3r",204
"reactors","ri@kt3rz",73
"reacts","ri@kts",45
"read","rEd",12302
"read","rid",12302
"reader","rid3r",278
"readers","rid3rz",171
"readily","rEdeli",57
"readiness","rEdines",60
"reading","rid1N",3133
"readings","rid1Nz",141
"reads","ridz",445
"ready","rEdi",19778
"reagan","r8gen",166
"real","riel",22583
"realise","riel5z",641
"realised","riel5zd",267
"realist","rielest",45
"realistic","riel1st1k",235
"realities","ri@letiz",98
"reality","ri@leti",1543
"realization","rielez8Sen",54
"realize","riel5z",4032
"realized","riel5zd",1834
"realizes","riel5zez",134
"realizing","riel5z1N",136
"really","r1li",76508
"realm","rElm",238
"realness","rielnes",1
"realtor","rielt3r",92
"realtor","rieltcr",92
"ream","rim",11
"reap","rip",132
"reaper","rip3r",158
"reapers","rip3rz",46
"rear","r1r",634
"rearrange","rier8nG",88
"reason","rizen",9858
"reasonable","rizenebel",946
"reasonably","rizenebli",118
"reasoning","rizen1N",93
"reasons","rizenz",1655
"reassigned","ries5nd",72
"reassure","rieSUr",45
"reassuring","rieSUr1N",72
"reb","rEb",81
"rebel","rEbel",273
"rebellion","rebEljen",130
"rebellious","rebEljes",47
"rebels","rEbelz",250
"rebirth","rib3rT",53
"reborn","ribcrn",133
"rebound","ribOnd",142
"rebuild","rib1ld",172
"rebuilding","rib1ld1N",67
"rebuilt","rib1lt",73
"rec","rEk",83
"recall","rikal",1003
"recalled","rikald",80
"recap","rik@p",44
"recapture","rik@pC3r",41
"receipt","r1sit",379
"receipts","r1sits",176
"receipts","risits",176
"receive","r1siv",992
"received","r1sivd",1436
"receiver","r1siv3r",151
"receives","r1sivz",79
"receiving","r1siv1N",392
"recent","risent",669
"recently","risentli",1328
"reception","r1sEpSen",568
"receptionist","r1sEpSen1st",97
"receptive","r1sEpt1v",60
"receptor","r1sEpt3r",52
"recess","risEs",178
"recharge","riCarG",60
"recipe","rEsepi",388
"recipes","rEsepiz",114
"recipient","r1s1pient",59
"recital","r1s5tel",150
"recite","r1s5t",153
"reckless","rEkles",251
"reckon","rEken",596
"reckoning","rEken1N",55
"reclaim","rikl8m",71
"recliner","r1kl5n3r",9
"recluse","r1klus",34
"recognised","rEkegn5zd",101
"recognition","rEkegn1Sen",233
"recognize","rEkegn5z",1750
"recognized","rEkegn5zd",458
"recognizes","rEkegn5zez",102
"recognizing","rEkegn5z1N",41
"recollect","rEkelEkt",54
"recollection","rEkelEkSen",80
"recommend","rEkemEnd",714
"recommendation","rEkemEnd8Sen",258
"recommendations","rEkemend8Senz",79
"recommended","rEkemEnd1d",272
"recommended","rEkemEnded",272
"recommending","rEkemEnd1N",81
"recon","rikan",149
"reconcile","rEkens5l",58
"reconciliation","rEkens1li8Sen",52
"reconnaissance","rikanesens",88
"reconnect","rikenEkt",53
"reconsider","rikens1d3r",256
"reconstruct","rikenstr^kt",58
"reconstruction","rikenstr^kSen",82
"record","r1kcrd",4365
"record","rEk3rd",4365
"recorded","r1kcrd1d",429
"recorder","r1kcrd3r",252
"recorder","rikcrd3r",252
"recording","r1kcrd1N",748
"recordings","r1kcrd1Nz",89
"records","r1kcrdz",2066
"records","rEk3rdz",2066
"recounts","r1kOnts",54
"recover","r1k^v3r",409
"recovered","r1kev3rd",448
"recovered","rekev3rd",448
"recovering","r1k^v3r1N",155
"recovery","r1kev3ri",464
"recovery","r1kevri",464
"recreate","rikri8t",53
"recreation","rEkri8Sen",95
"recreation","rikri8Sen",95
"recreational","rEkri8Senel",53
"recruit","r1krut",188
"recruit","rikrut",188
"recruited","r1kruted",139
"recruiting","r1krut1N",117
"recruitment","r1krutment",42
"recruits","r1kruts",82
"rectal","rEktel",46
"rectangle","rEkt@Ngel",11
"rectangular","rEkt@Ngjel3r",22
"rectify","rEktef5",42
"recurring","r1k3r1N",59
"recycle","ris5kel",44
"recycled","ris5keld",43
"recycling","ris5kl1N",80
"red","rEd",7551
"reddish","rEd1S",10
"redecorate","ridEk3r8t",52
"redeem","r1dim",83
"redemption","r1dEmpSen",112
"redeye","rEd5",10
"redhead","rEdhEd",186
"redheaded","rEdhEd1d",45
"redirect","rid3rEkt",48
"redneck","rEdnEk",90
"redness","rEdnes",10
"redo","ridu",81
"reds","rEdz",119
"reduce","r1dus",219
"reduced","r1dust",248
"reducing","r1dus1N",50
"reduction","r1d^kSen",88
"redundant","r1d^ndent",74
"reed","rid",464
"reef","rif",204
"reefer","rif3r",49
"reek","rik",46
"reeks","riks",66
"reel","ril",166
"reeling","ril1N",50
"reenactment","rien@ktment",46
"reese","ris",495
"reeves","rivz",93
"ref","rEf",129
"refer","r1f3r",374
"refer","ref3r",374
"referee","rEf3ri",183
"referee","rEferi",183
"refereeing","rEferi1N",5
"reference","rEf3rens",432
"reference","rEfrens",432
"references","rEf3rensez",209
"references","rEfrensez",209
"referred","r1f3rd",225
"referring","r1f3r1N",343
"refers","r1f3rz",99
"refill","rif1l",142
"refined","r1f5nd",103
"refinery","r1f5n3ri",49
"reflect","r1flEkt",213
"reflected","r1flEkted",85
"reflection","r1flEkSen",256
"reflects","r1flEkts",78
"reflex","riflEks",116
"reflexes","riflEksez",122
"reform","r1fcrm",184
"reform","refcrm",184
"reformed","r1fcrmd",58
"refrain","r1fr8n",104
"refresh","r1frES",127
"refreshing","r1frES1N",187
"refreshment","r1frESment",51
"refreshments","r1frESments",83
"refrigerate","r1fr1G3r8t",10
"refrigeration","r1fr1G3r8Sen",17
"refrigerator","r1fr1G3r8t3r",427
"refrigerator","refr1G3r8t3r",427
"refuel","rifjul",43
"refuge","rEfjuG",125
"refugee","rEfjuGi",98
"refugees","rEfjuGiz",112
"refund","rif^nd",141
"refusal","r1fjuzel",66
"refuse","r1fjuz",1070
"refuse","rEfjus",1070
"refused","r1fjuzd",660
"refuses","r1fjuzez",246
"refusing","r1fjuz1N",167
"reg","rEg",198
"regain","r1g8n",134
"regained","r1g8nd",63
"regal","rigel",58
"regard","r1gard",375
"regarded","r1garded",104
"regarding","r1gard1N",432
"regardless","r1gardles",262
"regards","r1gardz",258
"regent","riGent",85
"reggae","rEg8",49
"regime","r8Zim",118
"regime","reZim",118
"regimen","rEGemen",40
"regiment","rEGement",247
"regimental","rEGemEntel",58
"regina","r1G5ne",80
"regina","r1Gine",80
"region","riGen",256
"regional","riGenel",159
"regions","riGenz",75
"register","rEG1st3r",561
"registered","rEG1st3rd",517
"registering","rEGest3r1N",48
"registration","rEG1str8Sen",333
"registry","rEGestri",65
"regret","r1grEt",1384
"regrets","r1grEts",301
"regrettable","r1grEtebel",47
"regretted","r1grEted",71
"regroup","rigrup",72
"regular","r8gjel3r",1727
"regular","rEgjel3r",1727
"regularly","rEgjel3rli",172
"regulars","rEgjel3rz",61
"regulation","rEgjel8Sen",126
"regulations","rEgjel8Senz",325
"regulator","rEgjel8t3r",41
"regurgitate","r1g3rGet8t",12
"rehab","rih@b",331
"rehabilitation","riheb1let8Sen",82
"rehearsal","r1h3rsel",635
"rehearsals","reh3rselz",142
"rehearse","r1h3rs",230
"rehearsed","reh3rst",68
"rehearsing","r1h3rs1N",181
"reich","r5k",129
"reign","r8n",159
"rein","r8n",39
"reincarnation","rienkarn8Sen",66
"reindeer","r8nd1r",172
"reinforce","ri1nfcrs",48
"reinforced","ri1nfcrst",57
"reinforcement","ri1nfcrsment",44
"reinforcements","ri1nfcrsments",161
"reins","r8nz",74
"reinstate","ri1nst8t",49
"reinstated","ri1nst8ted",58
"reject","r1GEkt",216
"reject","riGEkt",216
"rejected","r1GEkt1d",337
"rejecting","r1GEkt1N",64
"rejection","r1GEkSen",168
"rejects","r1GEkts",79
"rejects","riGEkts",79
"rejoice","r1G2s",86
"rejoicing","r1G2s1N",45
"rejoin","riG2n",64
"relapse","r1l@ps",47
"relate","r1l8t",242
"relate","ril8t",242
"related","r1l8t1d",643
"related","ril8t1d",643
"related","ril8ted",643
"relating","r1l8t1N",58
"relation","r1l8Sen",210
"relations","ril8Senz",487
"relationship","ril8SenS1p",3452
"relationships","ril8SenS1ps",609
"relative","rElet1v",397
"relatively","rEletevli",166
"relatives","rElet1vz",513
"relax","r1l@ks",4936
"relaxation","ril@ks8Sen",80
"relaxed","r1l@kst",356
"relaxing","r1l@ks1N",184
"relay","ril8",152
"relays","ril8z",45
"release","r1lis",1851
"released","r1list",882
"releases","r1lisez",89
"releasing","r1lis1N",146
"relegate","rEl1g8t",2
"relentless","r1lEntles",79
"relevance","rElevens",82
"relevant","rElevent",286
"reliable","r1l5ebel",301
"relic","rEl1k",68
"relics","rEl1ks",49
"relied","r1l5d",48
"relief","r1lif",744
"relieve","r1liv",284
"relieved","r1livd",524
"relieving","r1liv1N",60
"religion","r1l1Gen",707
"religions","r1l1Genz",47
"religious","r1l1Ges",707
"relinquish","r1l1Nkw1S",46
"relish","rEl1S",96
"relive","ril1v",86
"reload","rilod",71
"relocate","rilok8t",65
"relocated","rilok8ted",41
"reluctance","r1l^ktens",46
"reluctant","r1l^ktent",128
"rely","r1l5",366
"relying","r1l51N",65
"rem","rEm",78
"remain","r1m8n",1694
"remainder","r1m8nd3r",77
"remained","r1m8nd",223
"remaining","r1m8n1N",344
"remains","r1m8nz",890
"remains","rem8nz",890
"remake","rim8k",52
"remanded","r1m@nded",40
"remark","r1mark",224
"remarkable","r1markebel",641
"remarkably","r1markebli",101
"remarks","r1marks",200
"remarried","rimErid",90
"remarry","rimEri",44
"rematch","rim@C",73
"rembrandt","rEmbr@nt",520
"remedy","rEmedi",118
"remember","r1mEmb3r",27666
"remembered","r1mEmb3rd",1146
"remembering","r1mEmb3r1N",295
"remembering","r1mEmbr1N",295
"remembers","r1mEmb3rz",393
"remind","r1m5nd",1883
"reminded","r1m5nded",423
"reminder","r1m5nd3r",192
"reminding","r1m5nd1N",154
"reminds","r1m5ndz",937
"reminisce","rEmen1s",37
"remission","r1m1Sen",45
"remorse","r1mcrs",154
"remote","r1mot",713
"remotely","r1motli",164
"removal","r1muvel",105
"remove","r1muv",1084
"removed","r1muvd",737
"remover","r1muv3r",33
"removes","r1muvz",56
"removing","r1muv1N",165
"ren","rEn",162
"renaissance","rEnesans",112
"renal","rinel",81
"rend","rEnd",16
"render","rEnd3r",103
"rendered","rEnd3rd",125
"rendering","rEnd3r1N",54
"rendezvous","rand8vu",312
"renegade","rEneg8d",68
"renew","r1nu",111
"renewal","r1nuel",49
"renewed","r1nud",78
"reno","rino",258
"renoir","rEnwar",51
"renounce","renOns",86
"renovate","rEnev8t",13
"renovation","rEnev8Sen",43
"renowned","renOnd",67
"rent","rEnt",1762
"rental","rEntel",246
"rented","rEnt1d",466
"rented","rEnted",466
"renting","rEnt1N",162
"rents","rEnts",65
"reopen","riopen",81
"reopened","riopend",45
"rep","rEp",263
"repaid","r1p8d",42
"repair","r1pEr",450
"repaired","r1pErd",140
"repairing","r1pEr1N",42
"repairman","r1pErm@n",54
"repairman","ripErm@n",54
"repairs","r1pErz",176
"repairs","ripErz",176
"repay","rip8",265
"repeat","r1pit",1684
"repeat","ripit",1684
"repeated","r1pited",143
"repeatedly","r1pitedli",116
"repeating","r1pit1N",270
"repeats","r1pits",79
"repeats","ripits",79
"repellent","r1pElent",40
"repent","r1pEnt",123
"repercussions","rip3rk^Senz",55
"repertoire","rEp3rtwar",23
"repetition","rEpet1Sen",35
"rephrase","rifr8z",84
"replace","r1pl8s",681
"replaceable","r1pl8sebel",11
"replaced","r1pl8st",421
"replacement","r1pl8sment",317
"replacements","r1pl8sments",94
"replacing","r1pl8s1N",132
"replay","ripl8",61
"replica","rEpl1ke",56
"replied","r1pl5d",59
"reply","r1pl5",245
"report","r1pcrt",5508
"reported","r1pcrted",771
"reporter","r1pcrt3r",1040
"reporters","r1pcrt3rz",436
"reporting","r1pcrt1N",589
"reports","r1pcrts",1296
"represent","rEpr1zEnt",773
"represent","rEprezEnt",773
"representation","rEprezEnt8Sen",127
"representative","rEpr1zEntet1v",270
"representative","rEprezEntet1v",270
"representatives","rEprezEntet1vz",109
"represented","rEpr1zEnt1d",213
"represented","rEprezEnted",213
"representing","rEpr1zEnt1N",233
"represents","rEpr1zEnts",313
"represents","rEprezEnts",313
"repressed","r1prEst",94
"repression","r1prESen",42
"reprieve","r1priv",51
"reproduce","ripredus",79
"reproduction","ripred^kSen",75
"reproductive","ripred^kt1v",54
"reps","rEps",46
"reptile","rEpt5l",72
"reptiles","rEpt5lz",43
"republic","rep^bl1k",286
"republican","rep^bl1ken",206
"republicans","rep^bl1kenz",61
"repulsed","r1p^lst",41
"repulsive","r1p^lsev",103
"reputable","rEpjetebel",43
"reputation","rEpjet8Sen",983
"request","r1kwEst",1304
"requested","r1kwEsted",440
"requesting","r1kwEst1N",222
"requests","r1kwEsts",273
"requiem","rEkwiem",19
"require","r1kw5r",542
"required","r1kw5rd",547
"requirement","r1kw5rment",73
"requirements","r1kw5rments",94
"requires","r1kw5rz",489
"requiring","r1kw5r1N",55
"requisition","rEkwez1Sen",57
"reroute","rirut",43
"rerun","rir^n",47
"reruns","rir^nz",43
"reschedule","riskEGuel",180
"reschedule","riskEGul",180
"rescue","rEskju",1296
"rescued","rEskjud",276
"rescuing","rEskju1N",111
"research","r1s3rC",1688
"research","ris3rC",1688
"researched","r1s3rCt",41
"researched","ris3rCt",41
"researchers","r1s3rC3rz",57
"researchers","ris3rC3rz",57
"researching","r1s3rC1N",74
"researching","ris3rC1N",74
"resemblance","r1zEmblens",180
"resemble","r1zEmbel",87
"resembles","r1zEmbelz",60
"resent","r1zEnt",293
"resent","risEnt",293
"resented","r1zEnted",53
"resentment","r1zEntment",76
"reservation","rEz3rv8Sen",526
"reservations","rEz3rv8Senz",327
"reserve","r1z3rv",366
"reserved","r1z3rvd",258
"reserves","r1z3rvz",84
"reservoir","rEz3rvwar",95
"reset","risEt",164
"reside","r1z5d",56
"residence","rEz1dens",421
"residency","rEzedensi",99
"resident","rEz1dent",374
"residential","rEzedEnSel",91
"residents","rEz1dents",265
"residual","rez1Guel",64
"residue","rEzedu",140
"resign","r1z5n",257
"resignation","rEz1gn8Sen",191
"resignation","rEzegn8Sen",191
"resigned","r1z5nd",142
"resigning","r1z5n1N",42
"resist","r1z1st",657
"resistance","r1z1stens",431
"resistant","r1z1stent",46
"resisted","r1z1sted",86
"resisting","r1z1st1N",152
"resolution","rEzeluSen",150
"resolve","r1zalv",247
"resolved","r1zalvd",175
"resort","r1zcrt",352
"resource","r1scrs",83
"resource","rizcrs",83
"resourceful","r1scrsfel",74
"resources","riscrsez",470
"resources","rizcrsez",470
"respect","r1spEkt",3644
"respectable","r1spEktebel",288
"respected","r1spEkt1d",336
"respectful","r1spEktfel",97
"respectfully","r1spEktfeli",98
"respecting","r1spEkt1N",54
"respective","r1spEkt1v",41
"respects","r1spEkts",340
"respiration","rEsp3r8Sen",63
"respiratory","rEsp3retcri",142
"respond","r1spand",719
"responded","r1spanded",138
"responding","r1spand1N",248
"responds","r1spandz",64
"response","r1spans",821
"responses","r1spansez",80
"responsibilities","r1spanseb1letiz",338
"responsibility","r1spanseb1leti",1806
"responsible","r1spansebel",2298
"responsive","r1spans1v",40
"rest","rEst",10861
"restart","ristart",30
"restaurant","rEst3rant",2373
"restaurants","rEst3rants",349
"rested","rEsted",113
"resting","rEst1N",357
"restless","rEstles",247
"restoration","rEst3r8Sen",48
"restore","r1stcr",253
"restored","r1stcrd",214
"restoring","r1stcr1N",50
"restrain","r1str8n",78
"restrained","r1str8nd",56
"restraining","r1str8n1N",171
"restraint","r1str8nt",131
"restraints","r1str8nts",77
"restricted","r1str1kted",209
"restrictions","r1str1kSenz",73
"restroom","rEstrum",125
"rests","rEsts",140
"result","r1z^lt",1008
"resulted","r1z^lted",60
"resulting","r1z^lt1N",80
"results","r1z^lts",1158
"resume","r1zum",290
"resume","rEzem8",290
"resumes","r1zumz",57
"resumes","rEzem8z",57
"resurrected","rEz3rEkted",50
"resurrection","rEz3rEkSen",172
"resuscitate","r1s^s1t8t",44
"retail","rit8l",118
"retain","r1t8n",121
"retained","r1t8nd",61
"retainer","r1t8n3r",108
"retaliate","r1t@li8t",64
"retaliation","r1t@li8Sen",48
"retard","r1tard",201
"retarded","r1tarded",318
"retards","r1tardz",48
"retch","rEC",15
"rethink","riT1Nk",90
"retie","rit5",1
"retire","r1t5r",499
"retire","rit5r",499
"retired","r1t5rd",615
"retiree","r1t5ri",3
"retirement","r1t5rment",431
"retiring","r1t5r1N",120
"retract","r1tr@kt",74
"retraction","r1tr@kSen",51
"retractor","r1tr@kt3r",48
"retreat","r1trit",484
"retreated","r1trited",51
"retreating","r1trit1N",48
"retribution","rEtrebjuSen",85
"retrieval","r1trivel",57
"retrieve","r1triv",210
"retrieved","r1trivd",42
"retro","rEtro",75
"return","r1t3rn",4676
"returned","r1t3rnd",1263
"returning","r1t3rn1N",590
"returns","r1t3rnz",447
"reuben","ruben",60
"reunion","riunjen",450
"reunited","riun5ted",91
"reusable","rijuzebel",1
"reuse","rijuz",6
"rev","rEv",207
"reveal","revil",476
"revealed","r1vild",298
"revealing","r1vil1N",135
"reveals","r1vilz",99
"revel","rEvel",41
"revelation","rEvel8Sen",140
"revelations","rEvel8Senz",53
"revenge","r1vEnG",971
"revenue","rEvenju",122
"reverberate","r1v3rb3r8t",2
"revere","r1v1r",57
"revered","r1v1rd",41
"reverence","rEv3rens",68
"reverend","rEv3rend",963
"reverend","rEvrend",963
"reversal","r1v3rsel",57
"reverse","r1v3rs",560
"reversed","r1v3rst",137
"revert","r1v3rt",35
"review","r1vju",755
"reviewed","r1vjud",133
"reviewing","r1vju1N",103
"reviews","r1vjuz",151
"revise","r1v5z",44
"revised","r1v5zd",63
"revisit","riv1zet",43
"revival","r1v5vel",60
"revive","r1v5v",94
"revoir","r1vwar",179
"revoked","r1vokt",63
"revolt","r1volt",79
"revolting","r1volt1N",98
"revolution","rEveluSen",629
"revolutionary","rEveluSenEri",224
"revolver","r1valv3r",141
"revolving","r1valv1N",51
"revving","rEv1N",39
"reward","r1wcrd",919
"rewarded","r1wcrded",150
"rewarding","r1wcrd1N",85
"rewards","r1wcrdz",104
"rewash","riwaS",1
"rewind","riw5nd",89
"rewrite","rir5t",140
"rewriting","rir5t1N",41
"rewritten","rir1ten",22
"rewrote","rirot",41
"rex","rEks",462
"rhapsody","r@psedi",27
"rhetoric","rEt3r1k",21
"rhetorical","r1tcr1kel",49
"rheum","rum",4
"rheumatoid","rumet2d",7
"rhino","r5no",106
"rhinoceros","r5nas3res",38
"rhodes","rodz",172
"rhubarb","rubarb",55
"rhyme","r5m",225
"rhymes","r5mz",151
"rhyming","r5m1N",42
"rhythm","r1Dm",556
"rhythmic","r1Dm1k",52
"rhythms","r1Dmz",47
"rib","r1b",301
"ribbon","r1ben",258
"ribbons","r1benz",149
"ribs","r1bz",426
"rice","r5s",769
"rich","r1C",4100
"richard","r1C3rd",3765
"richardson","r1C3rdsen",176
"richer","r1C3r",198
"riches","r1Cez",170
"richest","r1Cest",206
"richmond","r1Cmend",218
"richter","r1kt3r",64
"rick","r1k",1336
"ricochet","r1keS8",24
"rid","r1d",3052
"riddance","r1dens",88
"ridden","r1den",109
"riddle","r1del",231
"riddled","r1deld",49
"riddles","r1delz",93
"ride","r5d",6904
"rider","r5d3r",393
"riders","r5d3rz",158
"rides","r5dz",366
"ridge","r1G",361
"ridicule","r1d1kjul",100
"ridiculous","r1d1kjeles",2836
"ridiculously","r1d1kjelesli",46
"riding","r5d1N",1632
"ridley","r1dli",96
"riff","r1f",57
"riffraff","r1fr@f",52
"rifle","r5fel",743
"rifles","r5felz",261
"rift","r1ft",55
"rig","r1g",440
"rigged","r1gd",194
"rigging","r1g1N",55
"right","r5t",204428
"righteous","r5Ces",200
"righteousness","r5Cesnes",89
"rightful","r5tfel",119
"rightfully","r5tfeli",85
"rightly","r5tli",84
"rights","r5ts",1510
"righty","r5ti",170
"rigid","r1Ged",95
"rigor","r1g3r",44
"rigorous","r1g3res",43
"rile","r5l",17
"riled","r5ld",74
"riley","r5li",287
"rim","r1m",125
"rime","r5m",6
"rin","r1n",56
"rind","r5nd",14
"ring","r1N",4730
"ringer","r1N3r",85
"ringing","r1N1N",899
"rings","r1Nz",1524
"ringside","r1Ns5d",47
"rink","r1Nk",109
"rinse","r1ns",120
"rio","rio",349
"riot","r5et",331
"riots","r5ets",121
"rip","r1p",1028
"ripe","r5p",213
"ripen","r5pen",14
"ripped","r1pt",972
"ripper","r1p3r",127
"ripping","r1p1N",204
"ripple","r1pel",77
"ripples","r1pelz",45
"rippling","r1pl1N",30
"rips","r1ps",69
"rise","r5z",1399
"risen","r1zen",79
"rises","r5zez",205
"rising","r5z1N",429
"risk","r1sk",2501
"risked","r1skt",195
"risking","r1sk1N",206
"risks","r1sks",332
"risky","r1ski",393
"risotto","r1zato",43
"rita","rite",1063
"rite","r5t",74
"rites","r5ts",95
"ritual","r1Cuel",456
"rituals","r1Cuelz",133
"ritz","r1ts",134
"rival","r5vel",193
"rivalry","r5velri",54
"rivals","r5velz",62
"river","r1v3r",2829
"riverbank","r1v3rb@Nk",34
"rivers","r1v3rz",271
"riverside","r1v3rs5d",89
"riviera","r1viEre",102
"ro","ro",97
"roach","roC",135
"roaches","roCez",102
"road","rod",5709
"roadblock","rodblak",101
"roadblocks","rodblaks",66
"roadrunner","rodr^n3r",21
"roads","rodz",462
"roadside","rods5d",52
"roadway","rodw8",11
"roam","rom",173
"roaming","rom1N",79
"roar","rcr",205
"roaring","rcr1N",156
"roars","rcrz",84
"roast","rost",499
"roasted","rost1d",86
"roasted","rosted",86
"rob","rab",1188
"robbed","rabd",782
"robber","rab3r",239
"robberies","rab3riz",155
"robbers","rab3rz",231
"robbery","rab3ri",1175
"robbing","rab1N",331
"robbins","rab1nz",128
"robe","rob",433
"robert","rab3rt",3222
"roberts","rab3rts",544
"robes","robz",117
"robin","rab1n",1272
"robinson","rab1nsen",385
"robot","robat",621
"robots","robats",230
"robots","robets",230
"robs","rabz",46
"rochelle","reSEl",179
"rochelle","roSEl",179
"rock","rak",4394
"rocked","rakt",144
"rocker","rak3r",64
"rocket","rak1t",604
"rockets","rakets",207
"rockies","rakiz",41
"rocking","rak1N",223
"rocks","raks",1167
"rocky","raki",807
"rod","rad",547
"rode","rod",530
"rodent","rodent",92
"rodents","rodents",51
"rodeo","rodio",283
"rodney","radni",324
"rodriguez","radrigEz",154
"rods","radz",92
"roe","ro",52
"roebuck","rob^k",56
"rog","rag",127
"roger","raG3r",2540
"rogers","raG3rz",385
"rogue","rog",190
"rogues","rogz",17
"roland","rolend",277
"role","rol",929
"roles","rolz",148
"roll","rol",3227
"rolled","rold",432
"roller","rol3r",293
"rollercoaster","rol3rkost3r",159
"rollers","rol3rz",82
"rolling","rol1N",1099
"rolls","rolz",448
"roman","romen",534
"romance","rom@ns",792
"romances","rom@nsez",48
"romanian","rom8nien",42
"romano","romano",182
"romans","romenz",152
"romantic","rom@nt1k",1794
"romantically","rom@nt1keli",54
"rome","rom",968
"romeo","romio",504
"romero","romEro",93
"romp","ramp",27
"romulus","ramjeles",52
"ronald","raneld",215
"roo","ru",85
"roof","ruf",1818
"roofs","rufs",62
"rooftop","ruftap",81
"rooftops","ruftaps",45
"rook","rUk",71
"rookie","rUki",252
"rookies","rUkiz",60
"rooks","rUks",41
"room","rum",22415
"roomie","rumi",44
"roommate","rum8t",581
"roommates","rum8ts",181
"rooms","rumz",1326
"roomy","rumi",20
"roosevelt","rozevElt",251
"roosevelt","ruzevElt",251
"roost","rust",45
"rooster","rust3r",197
"root","rut",534
"rooted","ruted",51
"rooting","rut1N",106
"roots","ruts",325
"rope","rop",1158
"roped","ropt",48
"roper","rop3r",93
"ropes","rops",303
"rory","rcri",2809
"rosa","roze",258
"rosary","roz3ri",61
"roscoe","rasko",94
"rose","roz",2704
"rosebud","rozb^d",72
"rosebush","rozbUS",5
"rosemary","rozmEri",252
"roses","rozez",723
"ross","ras",1486
"roster","rast3r",110
"rosy","rozi",169
"rot","rat",394
"rotate","rot8t",98
"rotating","rot8t1N",57
"rotation","rot8Sen",149
"rotisserie","ret1s3ri",9
"rots","rats",44
"rotten","raten",891
"rotting","rat1N",166
"rouge","ruZ",165
"rough","r^f",1907
"roughly","r^fli",160
"roulette","rulEt",126
"round","rOnd",3393
"rounded","rOnded",83
"rounding","rOnd1N",90
"roundness","rOndnes",2
"rounds","rOndz",555
"roundup","rOnd^p",58
"rouse","rOz",47
"rousseau","ruso",51
"rout","rOt",18
"route","rOt",1089
"route","rut",1089
"routes","ruts",107
"routine","rutin",1012
"routines","rutinz",57
"rove","rov",58
"rover","rov3r",170
"row","rO",1343
"rowan","roen",86
"rowboat","robot",54
"rowdy","rOdi",52
"rowing","ro1N",65
"rows","roz",92
"roxy","raksi",129
"royal","r2el",1185
"royalty","r2elti",200
"rub","r^b",788
"rubbed","r^bd",138
"rubber","r^b3r",714
"rubbers","r^b3rz",67
"rubbery","r^b3ri",9
"rubbing","r^b1N",241
"rubbish","r^b1S",285
"rubble","r^bel",89
"rube","rub",214
"rubies","rubiz",54
"rubric","rubr1k",2
"rubs","r^bz",67
"ruby","rubi",607
"ruckus","r^kes",75
"rudder","r^d3r",198
"rude","rud",1125
"rudeness","rudnes",43
"rue","ru",90
"ruff","r^f",27
"ruffle","r^fel",29
"rufus","rufes",186
"rug","r^g",531
"rugby","r^gbi",44
"rugged","r^ged",102
"rugs","r^gz",63
"ruin","ru1n",1455
"ruined","ru1nd",1302
"ruined","ruend",1302
"ruining","ru1n1N",378
"ruins","ru1nz",225
"ruins","ruenz",225
"rule","rul",2455
"ruled","ruld",281
"ruler","rul3r",162
"rules","rulz",3438
"ruling","rul1N",209
"rum","r^m",382
"rumba","r^mbe",61
"rumble","r^mbel",139
"rumbling","r^mbl1N",129
"rummy","r^mi",74
"rumor","rum3r",531
"rumored","rum3rd",59
"rumors","rum3rz",468
"rumour","rum3r",149
"rumours","rum3rz",134
"rump","r^mp",72
"run","r^n",17878
"runaway","r^new8",207
"runaways","r^new8z",41
"rundown","r^ndOn",74
"rune","run",50
"rung","r^N",71
"runner","r^n3r",253
"runners","r^n3rz",106
"running","r^n1N",8054
"runny","r^ni",65
"runs","r^nz",1637
"runt","r^nt",125
"runway","r^nw8",279
"rupture","r^pC3r",66
"ruptured","r^pC3rd",95
"rural","rUrel",59
"ruse","ruz",85
"rush","r^S",1602
"rushed","r^St",268
"rushes","r^Sez",63
"rushing","r^S1N",307
"russ","r^s",457
"russell","r^sel",926
"russia","r^Se",630
"russian","r^Sen",1501
"russians","r^Senz",510
"rust","r^st",127
"rusted","r^st1d",36
"rusted","r^sted",36
"rustic","r^st1k",40
"rustle","r^sel",58
"rustling","r^sl1N",102
"rusty","r^sti",657
"rut","r^t",78
"rutabaga","ruteb8ge",18
"ruth","ruT",1054
"ruthless","ruTles",211
"ryder","r5d3r",67
"rye","r5",212
"sabbath","s@beT",86
"sabbatical","seb@t1kel",48
"saber","s8b3r",41
"sable","s8bel",42
"sabotage","s@betaZ",197
"sabotaged","s@betaZd",51
"saboteur","s@bet3r",28
"saboteurs","s@bet3rz",15
"sac","s@k",66
"sack","s@k",659
"sacked","s@kt",63
"sacks","s@ks",108
"sacramento","s@kremEnto",73
"sacred","s8kr1d",715
"sacred","s8kred",715
"sacrifice","s@kref5s",913
"sacrificed","s@kref5st",224
"sacrifices","s@kref5sez",196
"sacrificing","s@kr1f5s1N",75
"sad","s@d",3232
"sadder","s@d3r",54
"saddest","s@dest",86
"saddle","s@del",399
"saddled","s@deld",63
"sade","s8d",53
"sadist","s8d1st",55
"sadistic","sed1st1k",87
"sadly","s@dli",240
"sadness","s@dnes",244
"safari","sefari",106
"safe","s8f",7303
"safeguard","s8fgard",48
"safekeeping","s8fkip1N",46
"safely","s8fli",566
"safer","s8f3r",580
"safest","s8fest",129
"safety","s8fti",1649
"sag","s@g",41
"saga","sage",40
"sage","s8G",89
"sahara","sehEre",72
"said","sEd",56531
"saigon","s5gan",212
"sail","s8l",701
"sailboat","s8lbot",82
"sailed","s8ld",186
"sailing","s8l1N",480
"sailor","s8l3r",632
"sailors","s8l3rz",223
"sails","s8lz",164
"saint","s8nt",914
"saints","s8nts",181
"sake","s8k",3272
"sake","saki",3272
"sakes","s8ks",607
"sal","s@l",400
"salacious","sel8Ses",10
"salad","s@led",868
"salads","s@ledz",218
"salamander","s@lem@nd3r",8
"salami","selami",114
"salaries","s@l3riz",52
"salary","s@l3ri",548
"sale","s8l",1295
"salem","s8lem",62
"sales","s8lz",648
"salesman","s8lzmen",532
"salesmen","s8lzmen",98
"saline","s8lin",175
"saliva","sel5ve",135
"sally","s@li",1352
"salmon","s@men",334
"salon","selan",234
"saloon","selun",262
"salsa","salse",109
"salt","salt",995
"saltine","saltin",10
"salts","salts",73
"salty","salti",127
"salud","selud",58
"salute","selut",370
"salvador","s@lvedcr",103
"salvage","s@lv1G",210
"salvation","s@lv8Sen",256
"salve","s@v",29
"sam","s@m",6281
"samaritan","semEreten",58
"same","s8m",21276
"sammy","s@mi",704
"sample","s@mpel",744
"samples","s@mpelz",442
"samson","s@msen",371
"samuel","s@mjul",344
"samurai","s@mer5",160
"san","s@n",2543
"sancho","sanCo",48
"sanctimonious","s@Nktemonies",42
"sanction","s@NkSen",43
"sanctioned","s@NkSend",57
"sanctity","s@Nkteti",84
"sanctuary","s@NkCuEri",220
"sand","s@nd",1035
"sandal","s@ndel",11
"sandals","s@ndelz",88
"sandbox","s@ndbaks",54
"sanders","s@nd3rz",220
"sandman","s@ndm@n",124
"sandpaper","s@ndp8p3r",22
"sandra","s@ndre",371
"sands","s@ndz",108
"sandstorm","s@ndstcrm",42
"sandwich","s@ndw1C",1118
"sandwiches","s@ndw1Cez",490
"sandy","s@ndi",1186
"sane","s8n",281
"sang","s@N",419
"sanguine","s@Ngw1n",7
"sanguineous","s@Ngw1nies",1
"sanitarium","s@netEriem",115
"sanitary","s@netEri",44
"sanitation","s@net8Sen",60
"sanity","s@neti",139
"sank","s@Nk",110
"sanka","s@Nke",56
"santa","s@nte",2381
"santiago","s@ntiago",166
"santos","s@ntos",197
"sap","s@p",178
"sapphire","s@f5r",61
"sappy","s@pi",43
"sarah","sEre",2200
"saratoga","sEretoge",41
"sarcasm","sark@zm",146
"sarcastic","sark@st1k",133
"sardine","sardin",46
"sardines","sardinz",162
"sarge","sarG",683
"sash","s@S",58
"sass","s@s",47
"sassy","s@si",164
"sat","s@t",1459
"satan","s8ten",409
"satanic","set@n1k",69
"satchel","s@Cel",75
"satellite","s@tel5t",798
"satellites","s@tel5ts",163
"satin","s@ten",133
"satire","s@t5r",33
"satisfaction","s@t1sf@kSen",355
"satisfaction","s@tesf@kSen",355
"satisfactory","s@t1sf@kt3ri",153
"satisfied","s@t1sf5d",791
"satisfied","s@tesf5d",791
"satisfy","s@t1sf5",286
"satisfy","s@tesf5",286
"satisfying","s@t1sf51N",129
"saturated","s@C3r8ted",43
"saturday","s@t3rd8",2423
"saturdays","s@t3rd8z",79
"saturn","s@t3rn",77
"sauce","sas",795
"saucepan","sasp@n",8
"saucer","sas3r",140
"saucers","sas3rz",58
"saucy","sasi",62
"saudi","sadi",41
"saudi","sOdi",41
"sauerkraut","sO3rkrOt",51
"saul","sal",104
"sauna","sane",69
"saunders","sand3rz",411
"sausage","sas1G",397
"sausages","sas1Gez",130
"savage","s@v1G",365
"savages","s@v1Gez",199
"savannah","sev@ne",77
"save","s8v",8278
"saved","s8vd",3558
"saves","s8vz",263
"saving","s8v1N",1536
"savings","s8v1Nz",384
"savior","s8vj3r",173
"saviour","s8vj3r",59
"savor","s8v3r",48
"savvy","s@vi",54
"saw","sa",20527
"sawdust","sad^st",30
"sawyer","s23r",334
"sawyer","saj3r",334
"sax","s@ks",64
"saxon","s@ksen",130
"saxons","s@ksenz",65
"saxophone","s@ksefon",86
"say","s8",83629
"sayid","sajid",189
"saying","s81N",14874
"sayonara","s5jenare",84
"says","sEz",16356
"scab","sk@b",32
"scald","skald",14
"scale","sk8l",485
"scales","sk8lz",103
"scallions","sk@ljens",5
"scalp","sk@lp",188
"scalpel","sk@lpel",161
"scam","sk@m",313
"scamp","sk@mp",90
"scan","sk@n",480
"scandal","sk@ndel",414
"scandalous","sk@ndeles",46
"scanned","sk@nd",79
"scanner","sk@n3r",150
"scanners","sk@n3rz",113
"scanning","sk@n1N",119
"scans","sk@nz",85
"scant","sk@nt",12
"scapegoat","sk8pgot",56
"scar","skar",432
"scarce","skErs",87
"scarcely","skErsli",70
"scare","skEr",1712
"scarecrow","skErkro",89
"scared","skErd",6803
"scares","skErz",435
"scarf","skarf",239
"scarface","skarf8s",52
"scarfs","skarfs",3
"scarier","skEri3r",68
"scariest","skEriest",42
"scariness","skErines",1
"scaring","skEr1N",406
"scarlet","skarlet",167
"scarred","skard",67
"scarring","skar1N",47
"scars","skarz",224
"scarves","skarvz",31
"scary","skEri",1336
"scat","sk@t",65
"scatter","sk@t3r",124
"scattered","sk@t3rd",190
"scavenger","sk@v1nG3r",44
"scenario","senErio",319
"scenarios","senErioz",81
"scene","sin",3807
"scenery","sin3ri",193
"scenes","sinz",428
"scenic","sin1k",53
"scent","sEnt",304
"scented","sEnt1d",46
"scepter","sEpt3r",45
"schedule","skEGuel",1518
"schedule","skEGul",1518
"scheduled","skEGUeld",483
"scheduled","skEGUld",483
"schedules","skEGUelz",116
"schedules","skEGUlz",116
"scheduling","skEGUl1N",64
"schematic","skem@t1k",58
"schematics","skem@t1ks",69
"scheme","skim",370
"schemes","skimz",90
"scheming","skim1N",50
"schizophrenia","sk1tsefrinie",69
"schizophrenic","sk1tsefrEn1k",117
"schlep","SlEp",25
"schlepp","SlEp",4
"schmuck","Sm^k",234
"schneider","Sn5d3r",83
"schnitzel","Sn1tsel",45
"schnook","SnUk",17
"scholar","skal3r",186
"scholars","skal3rz",47
"scholarship","skal3rS1p",507
"scholarships","skal3rS1ps",55
"school","skul",16989
"schoolbook","skulbUk",4
"schoolboy","skulb2",67
"schoolchild","skulC5ld",2
"schoolgirl","skulg3rl",96
"schoolhouse","skulhOs",57
"schooling","skul1N",73
"schoolmaster","skulm@st3r",46
"schoolmate","skulm8t",6
"schools","skulz",714
"schoolteacher","skultiC3r",176
"schoolwork","skulw3rk",49
"schoolyard","skUljard",44
"schubert","Sub3rt",41
"schultz","SUlts",193
"schwa","Swa",1
"science","s5ens",1900
"scientific","s5ent1f1k",580
"scientifically","s5ent1f1keli",54
"scientist","s5ent1st",621
"scientists","s5ent1sts",494
"scientists","s5nt1sts",494
"scintillate","s1ntel8t",2
"scissor","s1z3r",18
"scissors","s1z3rz",341
"scoffs","skafs",78
"scold","skold",67
"scolded","skolded",42
"scone","skon",25
"scoop","skup",289
"scooped","skupt",45
"scooper","skup3r",12
"scoops","skups",52
"scoot","skut",152
"scooter","skut3r",139
"scope","skop",286
"score","skcr",1552
"scoreboard","skcrbcrd",31
"scored","skcrd",293
"scores","skcrz",422
"scoring","skcr1N",89
"scorn","skcrn",59
"scorpion","skcrpien",136
"scorpions","skcrpienz",67
"scotch","skaC",752
"scotland","skatlend",378
"scott","skat",1821
"scottie","skati",90
"scottish","skat1S",138
"scoundrel","skOndrel",152
"scour","skO3r",31
"scour","skOr",31
"scourge","sk3rG",67
"scout","skOt",657
"scouting","skOt1N",75
"scouts","skOts",279
"scowl","skOl",26
"scrabble","skr@bel",96
"scram","skr@m",179
"scramble","skr@mbel",123
"scrambled","skr@mbeld",367
"scrambling","skr@mbl1N",49
"scrap","skr@p",223
"scrapbook","skr@pbUk",61
"scrape","skr8p",210
"scraped","skr8pt",66
"scrapes","skr8ps",47
"scraping","skr8p1N",118
"scraps","skr@ps",104
"scratch","skr@C",961
"scratched","skr@Ct",228
"scratcher","skr@C3r",8
"scratches","skr@Cez",123
"scratching","skr@C1N",189
"scratchy","skr@Ci",49
"scrawny","skrani",80
"scream","skrim",1347
"screamed","skrimd",247
"screamer","skrim3r",52
"screaming","skrim1N",1945
"screams","skrimz",862
"screech","skriC",318
"screeching","skriC1N",130
"screen","skrin",1193
"screened","skrind",41
"screening","skrin1N",173
"screenplay","skrinpl8",133
"screens","skrinz",93
"screw","skru",1912
"screwball","skrubal",57
"screwdriver","skrudr5v3r",128
"screwed","skrud",1519
"screwing","skru1N",504
"screws","skruz",178
"screwy","skrui",90
"scribble","skr1bel",32
"scribe","skr5b",13
"scrim","skr1m",9
"script","skr1pt",1000
"scripts","skr1pts",119
"scripture","skr1pC3r",69
"scroll","skrol",116
"scrolls","skrolz",118
"scrooge","skruG",197
"scrounge","skrOnG",45
"scrub","skr^b",318
"scrubbed","skr^bd",78
"scrubbing","skr^b1N",97
"scruff","skr^f",12
"scrunch","skr^nC",11
"scruples","skrupelz",48
"scrutiny","skruteni",58
"scuba","skube",78
"scuff","sk^f",23
"sculpt","sk^lpt",19
"sculptor","sk^lpt3r",46
"sculpture","sk^lpC3r",159
"scum","sk^m",505
"scumbag","sk^mb@g",281
"scumbags","sk^mb@gz",85
"scurvy","sk3rvi",55
"scuttle","sk^tel",41
"sea","si",3052
"seaboard","sibcrd",61
"seafood","sifud",103
"seagull","sig^l",62
"seagulls","sig^lz",56
"seahorse","sihcrs",7
"seal","sil",752
"sealed","sild",497
"sealing","sil1N",46
"seals","silz",139
"seam","sim",33
"seaman","simen",86
"seams","simz",68
"sear","s1r",11
"search","s3rC",2467
"searched","s3rCt",406
"searches","s3rCez",67
"searching","s3rC1N",856
"sears","s1rz",135
"seas","siz",223
"seashell","siSEl",16
"seashore","siScr",24
"seasick","sis1k",70
"seaside","sis5d",33
"season","sizen",1605
"seasonal","sizenel",50
"seasoned","sizend",50
"seasoning","sizen1N",27
"seasons","sizenz",210
"seat","sit",4018
"seatbelt","sitbElt",47
"seated","sit1d",436
"seated","sited",436
"seating","sit1N",109
"seats","sits",1110
"seattle","si@tel",637
"seawater","siwat3r",23
"seaweed","siwid",88
"sec","sEk",877
"secluded","sekluded",52
"second","sEkend",14513
"secondary","sEkendEri",209
"secondhand","sEkendh@nd",54
"secondly","sEkendli",152
"seconds","sEkendz",3603
"secrecy","sikresi",177
"secret","sikr1t",5585
"secret","sikret",5585
"secretaries","sEkretEriz",74
"secretary","sEkretEri",1694
"secretive","sikret1v",68
"secretly","sikr1tli",260
"secrets","sikr1ts",1217
"sect","sEkt",37
"section","sEkSen",1394
"sections","sEkSenz",127
"sector","sEkt3r",360
"secure","s1kjUr",1241
"secured","s1kjUrd",262
"securing","sekjUr1N",61
"securities","sekjUretiz",70
"security","s1kjUreti",4810
"sedan","sed@n",90
"sedate","sed8t",64
"sedated","sed8ted",85
"sedation","sed8Sen",58
"sedative","sEdet1v",130
"seder","s8d3r",82
"seduce","s1dus",176
"seduced","sedust",95
"seducing","sedus1N",49
"seduction","sed^kSen",50
"see","si",130393
"seed","sid",386
"seedless","sidles",10
"seedling","sidl1N",5
"seeds","sidz",228
"seeing","si1N",5591
"seek","sik",934
"seeker","sik3r",47
"seeking","sik1N",288
"seeks","siks",146
"seem","sim",7131
"seemed","simd",2767
"seeming","sim1N",51
"seemingly","sim1Nli",108
"seems","simz",8545
"seen","sin",19633
"seep","sip",9
"seer","s1r",75
"sees","siz",1899
"seesaw","sisa",22
"segment","sEgment",101
"segregation","sEgreg8Sen",43
"seize","siz",246
"seized","sizd",129
"seizing","siz1N",48
"seizure","siZ3r",190
"seizures","siZ3rz",93
"selden","sElden",56
"seldom","sEldem",167
"select","selEkt",180
"selected","selEkt1d",249
"selected","selEkted",249
"selection","selEkSen",232
"selective","selEkt1v",60
"self","sElf",722
"selfish","sElf1S",811
"selfishness","sElf1Snes",40
"selfless","sElfles",93
"sell","sEl",4705
"seller","sEl3r",112
"sellers","sEl3rz",86
"selling","sEl1N",1919
"sells","sElz",363
"seltzer","sElts3r",42
"selves","sElvz",62
"semen","simen",201
"semester","semEst3r",354
"semi","sEm5",119
"semicolon","sEmikolen",8
"seminar","sEmenar",217
"seminary","sEmenEri",53
"semper","sEmp3r",56
"sen","sEn",72
"senate","sEn1t",331
"senate","sEnet",331
"senator","sEnet3r",1691
"senators","sEnet3rz",120
"send","sEnd",9169
"sender","sEnd3r",38
"sending","sEnd1N",1790
"sends","sEndz",585
"senile","sin5l",88
"senior","sinj3r",1339
"seniority","sinjcreti",55
"seniors","sinj3rz",122
"senor","sinjcr",295
"senora","sinjcre",65
"sensation","sEns8Sen",249
"sensational","sEns8Senel",205
"sense","sEns",6722
"sensed","sEnst",145
"senseless","sEnsles",131
"senses","sEnsez",432
"sensible","sEnsebel",347
"sensing","sEns1N",97
"sensitive","sEns1t1v",1149
"sensitive","sEnset1v",1149
"sensitivity","sEnset1veti",148
"sensor","sEns3r",115
"sensors","sEns3rz",262
"sensory","sEns3ri",55
"sensual","sEnSuel",77
"sent","sEnt",7038
"sentence","sEntens",1047
"sentenced","sEntenst",213
"sentences","sEntensez",168
"sentencing","sEntens1N",70
"sentiment","sEntement",162
"sentimental","sEntemEntel",359
"sentiments","sEntements",81
"sentries","sEntriz",43
"sentry","sEntri",70
"seoul","sol",252
"separate","sEp3r1t",1107
"separate","sEp3r8t",1107
"separated","sEp3r8t1d",540
"separated","sEp3r8ted",540
"separately","sEp3retli",109
"separates","sEp3r8ts",78
"separates","sEp3rets",78
"separating","sEp3r8t1N",66
"separation","sEp3r8Sen",248
"september","sEptEmb3r",561
"septic","sEpt1k",72
"sequel","sikwel",90
"sequence","sikwens",428
"sequester","s1kwEst3r",4
"sequoia","s1kw2e",7
"serena","serine",140
"serenade","sEren8d",58
"serene","s3rin",63
"serene","serin",63
"serenity","s3rEneti",91
"serenity","serEneti",91
"serf","s3rf",9
"serge","s3rG",83
"sergeant","sarGent",3210
"sergeants","sarGents",43
"serial","s1riel",577
"serialize","s1riel5z",41
"series","s1riz",1028
"serious","s1ries",7566
"seriously","s1riesli",3270
"seriousness","s1riesnes",64
"sermon","s3rmen",139
"serpent","s3rpent",99
"serum","s1rem",191
"servant","s3rvent",619
"servants","s3rvents",352
"serve","s3rv",1935
"served","s3rvd",1007
"server","s3rv3r",200
"servers","s3rv3rz",87
"serves","s3rvz",319
"service","s3rv1s",4076
"service","s3rves",4076
"services","s3rv1sez",1053
"serving","s3rv1N",596
"sesame","sEsemi",78
"session","sESen",678
"sessions","sESenz",235
"set","sEt",11805
"setback","sEtb@k",78
"seth","sET",1007
"sets","sEts",761
"setting","sEt1N",1099
"settings","sEt1Nz",49
"settle","sEtel",2143
"settled","sEteld",991
"settlement","sEtelment",322
"settlers","sEtl3rz",58
"settles","sEtelz",156
"settling","sEtl1N",210
"setup","sEt^p",440
"seven","sEven",5327
"sevens","sEvenz",53
"seventeen","sEventin",296
"seventh","sEvenT",497
"seventy","sEventi",105
"sever","sEv3r",80
"several","sEv3rel",1978
"severance","sEv3rens",56
"severance","sEvrens",56
"severe","s1v1r",480
"severed","sEv3rd",154
"severely","sev1rli",154
"sew","so",280
"sewage","su1G",60
"sewed","sod",87
"sewer","su3r",240
"sewers","su3rz",66
"sewing","so1N",198
"sewn","son",66
"sex","sEks",7761
"sexier","sEksi3r",54
"sexiest","sEksiest",73
"sexist","sEks1st",89
"sexual","sEkSuel",1693
"sexuality","sEkSu@leti",158
"sexually","sEkSueli",442
"sexy","sEksi",1529
"sha","Sa",85
"shabby","S@bi",87
"shack","S@k",288
"shackles","S@kelz",47
"shade","S8d",304
"shaded","S8d1d",8
"shades","S8dz",145
"shadow","S@dU",1080
"shadows","S@doz",583
"shadowy","S@doi",86
"shady","S8di",120
"shaft","S@ft",393
"shafts","S@fts",44
"shag","S@g",97
"shagging","S@g1N",54
"shaggy","S@gi",78
"shah","Sa",43
"shake","S8k",2021
"shakedown","S8kdOn",46
"shaken","S8ken",169
"shaker","S8k3r",81
"shakes","S8ks",252
"shakespeare","S8ksp1r",577
"shaking","S8k1N",657
"shaky","S8ki",151
"shall","S@l",9441
"shallow","S@lo",301
"shalom","Selom",74
"shalt","S@lt",169
"sham","S@m",77
"shaman","S8men",128
"shambles","S@mbelz",47
"shame","S8m",2120
"shamed","S8md",44
"shameful","S8mfel",98
"shameless","S8mles",97
"shampoo","S@mpu",215
"shanghai","S@Nh5",252
"shank","S@Nk",69
"shape","S8p",1542
"shaped","S8pt",181
"shapes","S8ps",97
"shaping","S8p1N",53
"shard","Sard",37
"share","SEr",3545
"shared","SErd",534
"shareholders","SErhold3rz",48
"shares","SErz",324
"sharing","SEr1N",623
"shark","Sark",764
"sharks","Sarks",375
"sharon","S@ren",524
"sharon","SEren",524
"sharon","Seron",524
"sharp","Sarp",1213
"sharpen","Sarpen",57
"sharpened","Sarpend",51
"sharpener","Sarpen3r",17
"sharpener","Sarpn3r",17
"sharper","Sarp3r",65
"shatter","S@t3r",72
"shattered","S@t3rd",214
"shave","S8v",702
"shaved","S8vd",227
"shaving","S8v1N",298
"shaw","Sa",512
"shawl","Sal",70
"shawn","San",558
"shay","S8",52
"she","Si",190377
"shea","S8",83
"sheaf","Sif",2
"shear","S1r",21
"shears","S1rz",48
"sheath","SiT",25
"shed","SEd",560
"sheen","Sin",48
"sheep","Sip",685
"sheer","S1r",233
"sheet","Sit",592
"sheets","Sits",636
"sheik","Sik",77
"sheila","Sile",422
"shelf","SElf",355
"shell","SEl",674
"shelley","SEli",204
"shellfish","SElf1S",50
"shelling","SEl1N",74
"shells","SElz",284
"shelly","SEli",419
"shelter","SElt3r",595
"sheltered","SElt3rd",53
"shelters","SElt3rz",67
"shelve","SElv",10
"shelves","SElvz",140
"shenanigans","Sen@n1genz",60
"shepherd","SEp3rd",379
"shepherding","SEp3rd1N",2
"sheraton","SEreten",44
"sherbet","S3rbet",29
"sheriff","SEref",3115
"sheriffs","SEr1fs",59
"sherlock","S3rlak",269
"sherry","SEri",705
"shh","S",2810
"shi","Si",50
"shield","Sild",418
"shielding","Sild1N",42
"shields","Sildz",262
"shift","S1ft",1164
"shifted","S1fted",76
"shifting","S1ft1N",89
"shifts","S1fts",264
"shill","S1l",14
"shilling","S1l1N",75
"shillings","S1l1Nz",78
"shim","S1m",8
"shimmy","S1mi",59
"shin","S1n",157
"shindig","S1nd1g",69
"shine","S5n",1053
"shined","S5nd",50
"shines","S5nz",184
"shining","S5n1N",501
"shiny","S5ni",398
"ship","S1p",5043
"shipment","S1pment",322
"shipments","S1pments",42
"shipped","S1pt",214
"shipping","S1p1N",322
"ships","S1ps",1002
"shipwrecked","S1prEkt",33
"shipyard","S1pjard",43
"shire","S5r",44
"shirley","S3rli",844
"shirt","S3rt",2365
"shirtless","S3rtles",14
"shirts","S3rts",444
"shirtsleeve","S3rtsliv",1
"shit","S1t",24207
"shite","S5t",62
"shithead","S1thEd",171
"shitload","S1tlod",80
"shits","S1ts",113
"shitting","S1t1N",181
"shitty","S1ti",371
"shiver","S1v3r",78
"shivering","S1v3r1N",82
"shivering","S1vr1N",82
"shlep","SlEp",1
"shlepp","SlEp",1
"sho","So",49
"shoal","Sol",10
"shock","Sak",1468
"shocked","Sakt",598
"shocker","Sak3r",48
"shocking","Sak1N",315
"shocks","Saks",55
"shod","Sad",6
"shoe","Su",1550
"shoelace","Sul8s",38
"shoelaces","Sul8sez",54
"shoes","Suz",3782
"shoeshine","SuS5n",36
"shoestring","Sustr1N",13
"shone","Son",30
"shoo","Su",267
"shook","SUk",303
"shoot","Sut",8412
"shooter","Sut3r",499
"shooters","Sut3rz",102
"shooting","Sut1N",2871
"shootings","Sut1Nz",42
"shootout","SutOt",53
"shoots","Suts",356
"shop","Sap",2731
"shoplifting","Sapl1ft1N",78
"shopper","Sap3r",33
"shoppers","Sap3rz",62
"shopping","Sap1N",1530
"shops","Saps",229
"shore","Scr",1013
"shoreline","Scrl5n",28
"shores","Scrz",102
"short","Scrt",4367
"shortage","Scrt1G",134
"shortcake","Scrtk8k",26
"shortcut","Scrtk^t",201
"shorted","Scrted",40
"shorten","Scrten",52
"shorter","Scrt3r",300
"shortest","Scrtest",80
"shorthand","Scrth@nd",51
"shortly","Scrtli",513
"shortness","Scrtnes",43
"shorts","Scrts",480
"shortstop","Scrtstap",41
"shorty","Scrti",349
"shot","Sat",11599
"shotgun","Satg^n",512
"shotguns","Satg^nz",50
"shots","Sats",1447
"should","SUd",54159
"shoulder","Sold3r",1336
"shoulders","Sold3rz",600
"shout","SOt",839
"shouted","SOted",115
"shouter","SOt3r",2
"shouting","SOt1N",744
"shouts","SOts",214
"shove","S^v",674
"shoved","S^vd",193
"shovel","S^vel",349
"shoveling","S^vel1N",40
"shoveling","S^vl1N",40
"shovels","S^velz",66
"shoving","S^v1N",132
"show","So",24906
"showdown","SodOn",64
"showed","Sod",2425
"shower","SO3r",2097
"showered","SO3rd",60
"showering","SO3r1N",50
"showers","SO3rz",244
"showgirl","Sog3rl",46
"showing","So1N",1587
"shown","Son",723
"shows","Soz",2117
"showtime","Sot5m",190
"shrank","Sr@Nk",19
"shrapnel","Sr@pnel",113
"shred","SrEd",150
"shredded","SrEded",61
"shreds","SrEdz",89
"shrew","Sru",42
"shrewd","Srud",72
"shriek","Srik",32
"shrieking","Srik1N",41
"shrieks","Sriks",55
"shrill","Sr1l",24
"shrimp","Sr1mp",444
"shrine","Sr5n",151
"shrink","Sr1Nk",577
"shrinking","Sr1Nk1N",81
"shrinks","Sr1Nks",77
"shrivel","Sr1vel",20
"shroud","SrOd",52
"shrub","Sr^b",14
"shrug","Sr^g",20
"shrunk","Sr^Nk",79
"shuck","S^k",13
"shucks","S^ks",87
"shudder","S^d3r",57
"shuffle","S^fel",150
"shuffling","S^fl1N",29
"shun","S^n",26
"shunt","S^nt",48
"shush","SUS",135
"shut","S^t",13455
"shutdown","S^tdOn",75
"shuts","S^ts",132
"shutter","S^t3r",74
"shutters","S^t3rz",78
"shutting","S^t1N",220
"shuttle","S^tel",282
"shy","S5",937
"shylock","S5lak",50
"shyness","S5nes",29
"siam","s5@m",126
"siamese","s5emiz",76
"siberia","s5b1rie",73
"sibling","s1bl1N",49
"siblings","s1bl1Nz",100
"sic","s1k",67
"sicilian","s1s1lien",80
"sicily","s1seli",145
"sick","s1k",8437
"sicken","s1ken",19
"sickening","s1ken1N",46
"sickening","s1kn1N",46
"sicker","s1k3r",62
"sickly","s1kli",39
"sickness","s1knes",405
"sicko","s1ko",58
"side","s5d",10247
"sidebar","s5dbar",47
"sideburns","s5db3rnz",59
"sidekick","s5dk1k",137
"sidelines","s5dl5nz",57
"sides","s5dz",827
"sideshow","s5dSo",56
"sidewalk","s5dwak",279
"sideway","s5dw8",1
"sideways","s5dw8z",140
"sidewinder","s5dw5nd3r",41
"siding","s5d1N",68
"sidle","s5del",54
"sidney","s1dni",531
"siege","siG",118
"sierra","siEre",112
"sieve","s1v",27
"sift","s1ft",38
"sigh","s5",173
"sighing","s51N",106
"sighs","s5z",795
"sight","s5t",2311
"sighted","s5ted",108
"sighting","s5t1N",79
"sightings","s5t1Nz",71
"sights","s5ts",238
"sightsee","s5tsi",6
"sightseeing","s5tsi1N",75
"sign","s5n",6797
"signal","s1gnel",1926
"signaling","s1gnel1N",50
"signals","s1gnelz",486
"signature","s1gneC3r",622
"signatures","s1gneC3rz",146
"signed","s5nd",1839
"signer","s5n3r",5
"significance","s1gn1f1kens",178
"significant","s1gn1f1kent",331
"significantly","s1gn1fekentli",43
"signing","s5n1N",507
"signior","sinjcr",45
"signor","sinjcr",204
"signora","sinjcre",100
"signore","sinjcr8",56
"signs","s5nz",1123
"silence","s5lens",1294
"silenced","s5lenst",43
"silencer","s5lens3r",47
"silent","s5lent",1173
"silently","s5lentli",77
"silhouette","s1lewEt",29
"silicon","s1leken",87
"silicone","s1lekon",40
"silk","s1lk",499
"silky","s1lki",40
"sill","s1l",23
"silliness","s1lines",21
"silly","s1li",2912
"silo","s5lo",48
"silt","s1lt",17
"silva","s1lve",60
"silver","s1lv3r",1619
"silverware","s1lv3rwEr",109
"sim","s1m",56
"simba","s1mbe",102
"similar","s1mel3r",695
"similarities","s1melEretiz",57
"simile","s1meli",13
"simmer","s1m3r",87
"simmons","s1menz",290
"simon","s5men",1268
"simple","s1mpel",4555
"simpler","s1mpl3r",194
"simplest","s1mplest",74
"simplicity","s1mpl1seti",69
"simplify","s1mplef5",46
"simply","s1mpli",2362
"simpson","s1mpsen",356
"sims","s1mz",125
"simulate","s1mjel8t",59
"simulated","s1mjel8ted",48
"simulation","s1mjel8Sen",115
"simultaneously","s5melt8niesli",119
"sin","s1n",813
"sinatra","s1natre",139
"since","s1ns",16064
"sincere","s1ns1r",305
"sincerely","s1ns1rli",249
"sincerity","s1nsEreti",102
"sine","s5n",9
"sinful","s1nfel",87
"sing","s1N",4977
"singapore","s1Nepcr",176
"singer","s1N3r",800
"singers","s1N3rz",160
"singh","s1N",76
"singing","s1N1N",2281
"single","s1Ngel",3676
"singles","s1Ngelz",142
"sings","s1Nz",381
"singular","s1Ngjel3r",65
"singularity","s1NgjelEreti",65
"sinister","s1nest3r",111
"sink","s1Nk",863
"sinker","s1Nk3r",28
"sinking","s1Nk1N",252
"sinks","s1Nks",87
"sinned","s1nd",122
"sinner","s1n3r",126
"sinners","s1n3rz",137
"sins","s1nz",455
"sinus","s5nes",89
"sinuses","s5nesez",42
"sioux","su",110
"sip","s1p",260
"sipping","s1p1N",71
"sir","s3r",49188
"sire","s5r",671
"siren","s5ren",334
"sirens","s5renz",241
"sirree","s1ri",65
"sirs","s3rz",194
"sis","s1s",400
"sissy","s1si",372
"sister","s1st3r",9207
"sisters","s1st3rz",1395
"sit","s1t",15879
"sitcom","s1tkam",78
"site","s5t",980
"sites","s5ts",183
"sits","s1ts",508
"sitter","s1t3r",80
"sitting","s1t1N",4814
"situated","s1Cu8ted",42
"situation","s1Cu8Cen",4207
"situations","s1Cu8Senz",362
"six","s1ks",10176
"sixes","s1ksez",62
"sixteen","s1kstin",418
"sixth","s1ksT",551
"sixties","s1kstiz",49
"sixty","s1ksti",277
"size","s5z",2353
"sizes","s5zez",154
"sizzle","s1zel",32
"sizzling","s1zl1N",44
"skate","sk8t",301
"skateboard","sk8tbcrd",85
"skater","sk8t3r",97
"skaters","sk8t3rz",64
"skates","sk8ts",215
"skating","sk8t1N",251
"skeet","skit",26
"skeleton","skEleten",261
"skeletons","skEletenz",89
"skeptical","skEpt1kel",75
"sketch","skEC",252
"sketches","skECez",154
"sketchy","skECi",63
"ski","ski",413
"skid","sk1d",111
"skidoo","sk1du",4
"skies","sk5z",382
"skiff","sk1f",37
"skiing","ski1N",212
"skill","sk1l",404
"skilled","sk1ld",121
"skillet","sk1l1t",62
"skilling","sk1l1N",65
"skills","sk1lz",743
"skim","sk1m",43
"skimming","sk1m1N",48
"skin","sk1n",2246
"skinned","sk1nd",69
"skinner","sk1n3r",334
"skinny","sk1ni",713
"skins","sk1nz",136
"skip","sk1p",1076
"skipped","sk1pt",258
"skipper","sk1p3r",523
"skipping","sk1p1N",165
"skippy","sk1pi",62
"skips","sk1ps",42
"skirt","sk3rt",508
"skirts","sk3rts",151
"skis","skiz",69
"skit","sk1t",42
"skittle","sk1tel",1
"skivvies","sk1viz",21
"skulk","sk^lk",15
"skull","sk^l",750
"skulls","sk^ls",124
"skunk","sk^Nk",166
"sky","sk5",2285
"skydiving","sk5d5v1N",43
"skylight","sk5l5t",43
"skyscraper","sk5skr8p3r",40
"slab","sl@b",94
"slack","sl@k",302
"slacks","sl@ks",56
"slade","sl8d",97
"slain","sl8n",92
"slam","sl@m",296
"slammed","sl@md",166
"slammer","sl@m3r",63
"slamming","sl@m1N",84
"slams","sl@mz",114
"slander","sl@nd3r",64
"slang","sl@N",71
"slant","sl@nt",58
"slap","sl@p",636
"slapped","sl@pt",253
"slapping","sl@p1N",88
"slaps","sl@ps",44
"slash","sl@S",122
"slashed","sl@St",77
"slat","sl@t",4
"slate","sl8t",165
"slater","sl8t3r",222
"slaughter","slat3r",278
"slaughtered","slat3rd",167
"slaughterhouse","slat3rhOs",64
"slave","sl8v",940
"slavers","sl8v3rz",46
"slavery","sl8v3ri",207
"slaves","sl8vz",414
"slaw","sla",17
"slay","sl8",109
"slayer","sl83r",144
"slaying","sl81N",47
"sleazy","slizi",111
"sled","slEd",149
"sledgehammer","slEGh@m3r",45
"sleek","slik",43
"sleep","slip",11625
"sleeper","slip3r",105
"sleepiness","slipines",3
"sleeping","slip1N",3027
"sleepless","sliples",69
"sleepover","slipov3r",74
"sleeps","slips",413
"sleepwalk","slipwak",13
"sleepwear","slipwEr",1
"sleepy","slipi",437
"sleet","slit",33
"sleeve","sliv",286
"sleeveless","slivl1s",5
"sleeves","slivz",157
"sleigh","sl8",167
"sleight","sl5t",25
"slender","slEnd3r",38
"slept","slEpt",1810
"sleuth","sluT",10
"slew","slu",67
"slice","sl5s",435
"sliced","sl5st",109
"slices","sl5sez",97
"slicing","sl5s1N",51
"slick","sl1k",350
"slicker","sl1k3r",42
"slid","sl1d",94
"slide","sl5d",909
"slides","sl5dz",155
"sliding","sl5d1N",191
"slight","sl5t",519
"slightest","sl5test",346
"slightly","sl5tli",576
"slim","sl1m",605
"slime","sl5m",141
"slimy","sl5mi",159
"sling","sl1N",117
"slinging","sl1N1N",40
"slingshot","sl1NSat",71
"slinky","sl1Nki",49
"slip","sl1p",1320
"slipped","sl1pt",848
"slipper","sl1p3r",113
"slippers","sl1p3rz",263
"slippery","sl1p3ri",225
"slippery","sl1pri",225
"slipping","sl1p1N",303
"slips","sl1ps",198
"slipstream","sl1pstrim",144
"slit","sl1t",194
"slither","sl1D3r",11
"sliver","sl1v3r",23
"sloan","slon",331
"slob","slab",182
"slobber","slab3r",22
"slobs","slabz",46
"sloe","slo",3
"slogan","slogen",127
"sloop","slup",10
"slop","slap",94
"slope","slop",150
"slopes","slops",56
"sloppiness","slapines",7
"sloppy","slapi",300
"slot","slat",280
"sloth","slaT",74
"sloth","sloT",74
"slots","slats",82
"slouch","slOC",32
"slough","sl^f",34
"slow","slo",3877
"slowdown","slodOn",15
"slowed","slod",116
"slower","slo3r",264
"slowing","slo1N",156
"slowly","sloli",1279
"slowpoke","slopok",18
"slows","sloz",60
"sludge","sl^G",24
"slug","sl^g",253
"slugged","sl^gd",60
"slugger","sl^g3r",56
"sluggish","sl^g1S",40
"slugs","sl^gz",92
"sluice","slus",14
"slum","sl^m",65
"slumber","sl^mb3r",140
"slumming","sl^m1N",53
"slump","sl^mp",61
"slums","sl^mz",50
"slung","sl^N",16
"slurp","sl3rp",22
"slush","sl^S",28
"slushy","sl^Si",3
"slut","sl^t",579
"sluts","sl^ts",65
"slutty","sl^ti",109
"sly","sl5",136
"smack","sm@k",485
"smacked","sm@kt",86
"smacking","sm@k1N",44
"smacks","sm@ks",42
"small","smal",6373
"smaller","smal3r",680
"smallest","smalest",166
"smallness","smalnes",2
"smallpox","smalpaks",75
"smalls","smalz",60
"smart","smart",4909
"smarter","smart3r",553
"smartest","smartest",228
"smartness","smartnes",5
"smarts","smarts",76
"smarty","smarti",30
"smash","sm@S",421
"smashed","sm@St",358
"smashes","sm@Sez",42
"smashing","sm@S1N",169
"smear","sm1r",111
"smeared","sm1rd",58
"smee","smi",54
"smell","smEl",4240
"smelled","smEld",404
"smelling","smEl1N",253
"smells","smElz",1391
"smelly","smEli",211
"smelt","smElt",52
"smile","sm5l",2958
"smiled","sm5ld",251
"smiles","sm5lz",316
"smiley","sm5li",109
"smiling","sm5l1N",877
"smirk","sm3rk",41
"smith","sm1T",1856
"smithereens","sm1Derinz",28
"smithy","sm1Ti",63
"smitten","sm1ten",62
"smock","smak",25
"smog","smag",55
"smoke","smok",3337
"smoked","smokt",357
"smoker","smok3r",116
"smokers","smok3rz",64
"smokes","smoks",262
"smokey","smoki",106
"smoking","smok1N",1334
"smoky","smoki",34
"smooch","smuC",24
"smooches","smuCez",1
"smoochy","smuCi",61
"smooth","smuD",932
"smoother","smuD3r",49
"smoothly","smuDli",139
"smoothness","smuDnes",6
"smorgasbord","smcrgesbcrd",35
"smother","sm^D3r",60
"smothered","sm^D3rd",67
"smudge","sm^G",51
"smug","sm^g",122
"smuggle","sm^gel",102
"smuggled","sm^geld",80
"smuggler","sm^gl3r",62
"smugglers","sm^gl3rz",48
"smuggling","sm^gl1N",154
"smut","sm^t",70
"snack","sn@k",466
"snacks","sn@ks",173
"snag","sn@g",97
"snagged","sn@gd",56
"snail","sn8l",90
"snails","sn8lz",113
"snake","sn8k",1140
"snakebite","sn8kb5t",16
"snakes","sn8ks",518
"snap","sn@p",887
"snapped","sn@pt",251
"snapping","sn@p1N",86
"snappy","sn@pi",150
"snaps","sn@ps",144
"snapshot","sn@pSat",53
"snapshots","sn@pSats",47
"snare","snEr",39
"snarling","snarl1N",46
"snatch","sn@C",199
"snatched","sn@Ct",153
"snatching","sn@C1N",46
"sneak","snik",861
"sneaked","snikt",78
"sneaker","snik3r",35
"sneakers","snik3rz",233
"sneaking","snik1N",404
"sneaks","sniks",66
"sneaky","sniki",216
"sneer","sn1r",38
"sneeze","sniz",150
"sneezed","snizd",64
"sneezer","sniz3r",2
"sneezes","snizez",44
"sneezing","sniz1N",56
"snickers","sn1k3rz",45
"snidely","sn5dli",41
"sniff","sn1f",181
"sniffing","sn1f1N",174
"sniffle","sn1fel",13
"sniffs","sn1fs",63
"snip","sn1p",108
"sniper","sn5p3r",222
"snipers","sn5p3rz",113
"snippy","sn1pi",47
"snitch","sn1C",161
"sniveling","sn1vel1N",53
"sniveling","sn1vl1N",53
"snob","snab",111
"snoop","snup",127
"snooping","snup1N",156
"snoopy","snupi",52
"snoot","snut",10
"snooze","snuz",46
"snore","sncr",82
"snores","sncrz",46
"snoring","sncr1N",147
"snorkel","sncrkel",31
"snorkle","sncrkel",1
"snort","sncrt",59
"snorting","sncrt1N",47
"snorts","sncrts",43
"snot","snat",108
"snotty","snati",65
"snout","snOt",43
"snow","sno",1599
"snowball","snobal",71
"snowboarding","snobcrd1N",107
"snowed","snod",62
"snowfall","snofal",20
"snowflake","snofl8k",60
"snowing","sno1N",152
"snowman","snom@n",97
"snows","snoz",65
"snowstorm","snostcrm",44
"snowy","snoi",54
"snub","sn^b",20
"snuck","sn^k",236
"snuff","sn^f",102
"snug","sn^g",73
"snuggle","sn^gel",66
"so","so",216452
"soak","sok",176
"soaked","sokt",159
"soaking","sok1N",140
"soap","sop",775
"soaps","sops",52
"soapy","sopi",25
"soar","scr",78
"soaring","scr1N",53
"sob","sab",77
"sobbing","sab1N",262
"sober","sob3r",515
"sobs","sabz",132
"soccer","sak3r",640
"sociable","soSebel",51
"social","soSel",1703
"socialist","soSel1st",65
"socialize","soSel5z",49
"socially","soSeli",148
"societies","ses5etiz",57
"society","ses5eti",1679
"sociopath","sosiep@T",51
"sock","sak",458
"socket","sak1t",82
"sockets","sak1ts",40
"sockless","sakles",1
"socks","saks",932
"socrates","sakretiz",107
"sod","sad",94
"soda","sode",1012
"sodas","sodez",54
"sodium","sodiem",126
"sofa","sofe",299
"sofia","sofie",163
"soft","saft",1633
"softball","saftbal",115
"soften","safen",76
"softer","saft3r",87
"softly","saftli",241
"softness","saftnes",24
"software","saftwEr",430
"soggy","sagi",50
"soho","soho",79
"soil","s2l",397
"soiled","s2ld",46
"soils","s2lz",8
"sol","sal",281
"solace","sal1s",78
"solar","sol3r",236
"sold","sold",2655
"soldier","solG3r",1985
"soldiers","solG3rz",1409
"sole","sol",268
"solely","solli",89
"solemn","salem",112
"solemnly","salemli",89
"soles","solz",47
"solicitation","sel1set8Sen",45
"soliciting","sel1set1N",53
"solicitor","sel1set3r",45
"solid","saled",998
"soliloquy","sel1lekwi",15
"solitaire","saletEr",59
"solitary","saletEri",174
"solitude","saletud",102
"solo","solo",436
"solomon","salemen",155
"solstice","salst1s",16
"soluble","saljubel",8
"solution","seluSen",807
"solutions","seluSenz",76
"solve","salv",994
"solved","salvd",506
"solves","salvz",69
"solving","salv1N",112
"some","s^m",88089
"somebody","s^mbedi",17571
"someday","s^md8",1726
"somehow","s^mhO",2310
"someone","s^mw^n",22752
"someplace","s^mpl8s",1611
"somersault","s^m3rsalt",25
"somerset","s^m3rsEt",43
"something","s^mT1N",76508
"sometime","s^mt5m",1699
"sometimes","s^mt5mz",9129
"someway","s^mw8",4
"somewhat","s^mw^t",464
"somewhere","s^mwEr",5688
"somewheres","s^mwErz",55
"son","s^n",20949
"sonar","sonar",211
"song","saN",4778
"songbook","saNbUk",3
"songs","saNz",1132
"songwriter","saNr5t3r",50
"sonic","san1k",99
"sonny","s^ni",882
"sons","s^nz",921
"soon","sun",13140
"sooner","sun3r",1888
"soot","sUt",55
"sooth","suT",11
"soothe","suD",66
"soothing","suD1N",115
"sop","sap",14
"sophia","sofie",289
"sophisticated","sef1st1k8ted",346
"sophisticated","sef1stek8t1d",346
"sophistication","sef1stek8Sen",49
"sophomore","safemcr",146
"soprano","sepr@no",135
"sorbet","scrb8",14
"sorcerer","scrs3r3r",87
"sordid","scrd1d",127
"sore","scr",765
"sorely","scrli",44
"sores","scrz",60
"sorority","s3rcreti",96
"sorority","sercreti",96
"sorrel","screl",21
"sorrow","saro",350
"sorrows","saroz",74
"sorry","sari",59566
"sort","scrt",7584
"sorta","scrte",149
"sorted","scrted",107
"sorting","scrt1N",74
"sorts","scrts",488
"sought","sat",240
"soul","sol",3925
"souls","solz",754
"sound","sOnd",7313
"sounded","sOnd1d",962
"sounding","sOnd1N",193
"soundproof","sOndpruf",41
"sounds","sOndz",7970
"soundtrack","sOndtr@k",48
"soup","sup",1285
"soupy","supi",12
"sour","sO3r",297
"sour","sOr",297
"source","scrs",1437
"sources","scrsez",419
"sous","su",1
"souse","sOs",16
"south","sOT",3288
"southeast","sOTist",167
"southern","s^D3rn",592
"southwest","sOTwEst",175
"souvenir","suven1r",240
"souvenirs","suven1rz",118
"sovereign","savren",128
"soviet","soviet",360
"soviets","soviEts",90
"sow","sO",98
"sown","son",17
"sox","saks",178
"soy","s2",118
"spa","spa",239
"space","sp8s",3369
"spacecraft","sp8skr@ft",115
"spaced","sp8st",43
"spaceman","sp8sm@n",51
"spaces","sp8sez",137
"spaceship","sp8sS1p",188
"spacesuit","sp8ssut",6
"spacious","sp8Ses",58
"spade","sp8d",118
"spades","sp8dz",133
"spaghetti","spegEti",302
"spain","sp8n",561
"spam","sp@m",59
"span","sp@n",101
"spaniel","sp@njel",43
"spanish","sp@n1S",1130
"spank","sp@Nk",173
"spanked","sp@Nkt",76
"spanking","sp@Nk1N",93
"spanky","sp@Nki",62
"spare","spEr",1573
"spared","spErd",169
"spark","spark",320
"sparkle","sparkel",85
"sparkler","sparkl3r",3
"sparkles","sparkelz",41
"sparkling","sparkl1N",102
"sparkly","sparkli",34
"sparks","sparks",256
"sparky","sparki",173
"sparring","spar1N",46
"sparrow","spEro",133
"sparse","spars",11
"sparta","sparte",92
"spartan","sparten",82
"spartans","spartenz",47
"spasm","sp@zm",56
"spat","sp@t",79
"spate","sp8t",10
"spatter","sp@t3r",60
"spatula","sp@CUle",56
"spawn","span",93
"speak","spik",9546
"speaker","spik3r",352
"speakerphone","spik3rfon",45
"speakers","spik3rz",100
"speaking","spik1N",3565
"speaks","spiks",1068
"spear","sp1r",232
"spearmint","sp1rm1nt",6
"spears","sp1rz",127
"spec","spEk",44
"special","spESel",7577
"specialist","spESel1st",264
"specialists","spESel1sts",87
"speciality","spESi@leti",44
"specialize","spESel5z",68
"specialized","spESel5zd",53
"specializes","spESel5zez",55
"specially","spESeli",171
"specials","spESelz",104
"specialty","spESelti",272
"species","spiSiz",696
"specific","spes1f1k",908
"specifically","spes1f1keli",524
"specifications","spEsefek8Senz",42
"specifics","spes1f1ks",96
"specify","spEsef5",46
"specimen","spEsem1n",242
"specimens","spEsem1nz",91
"speck","spEk",95
"specs","spEks",106
"spectacle","spEktekel",131
"spectacles","spEktekelz",42
"spectacular","spEkt@kjul3r",289
"spectator","spEkt8t3r",46
"spectators","spEkt8t3rz",52
"spectre","spEkt3r",49
"spectrum","spEktrem",110
"speculate","spEkjel8t",62
"speculation","spEkjel8Sen",118
"sped","spEd",32
"speech","spiC",1940
"speeches","spiCez",285
"speechless","spiCles",89
"speed","spid",2104
"speedboat","spidbot",27
"speeding","spid1N",254
"speeds","spidz",75
"speedy","spidi",100
"spell","spEl",1869
"spelled","spEld",178
"speller","spEl3r",17
"spelling","spEl1N",256
"spells","spElz",295
"spence","spEns",149
"spencer","spEns3r",372
"spend","spEnd",4757
"spender","spEnd3r",68
"spending","spEnd1N",1264
"spends","spEndz",298
"spent","spEnt",3574
"sperm","sp3rm",318
"sphere","sf1r",126
"spheres","sf1rz",23
"sphincter","sf1Nkt3r",57
"sphinx","sf1Nks",52
"spice","sp5s",270
"spices","sp5sez",114
"spicy","sp5si",169
"spider","sp5d3r",515
"spiders","sp5d3rz",227
"spiel","spil",22
"spiel","Spil",22
"spies","sp5z",233
"spig","sp1g",76
"spike","sp5k",625
"spiked","sp5kt",69
"spikes","sp5ks",72
"spiky","sp5ki",11
"spill","sp1l",432
"spilled","sp1ld",324
"spiller","sp1l3r",47
"spilling","sp1l1N",109
"spills","sp1lz",41
"spilt","sp1lt",42
"spin","sp1n",746
"spinach","sp1neC",130
"spinal","sp5nel",218
"spine","sp5n",293
"spineless","sp5nles",44
"spinner","sp1n3r",45
"spinning","sp1n1N",374
"spins","sp1nz",98
"spinster","sp1nst3r",49
"spiral","sp5rel",91
"spire","sp5r",5
"spirit","sp1ret",2517
"spirited","sp1reted",62
"spirits","sp1rets",823
"spiritual","sp1reCuel",453
"spirituality","sp1reCu@leti",46
"spiritually","sp1reCueli",55
"spit","sp1t",987
"spite","sp5t",388
"spits","sp1ts",61
"spitting","sp1t1N",202
"splash","spl@S",215
"splashing","spl@S1N",56
"splashy","spl@Si",8
"splat","spl@t",43
"splatter","spl@t3r",44
"splattered","spl@t3rd",49
"spleen","splin",131
"splendid","splEnd1d",595
"splendor","splEnd3r",60
"splice","spl5s",20
"splint","spl1nt",44
"splinter","spl1nt3r",75
"splinters","spl1nt3rz",45
"split","spl1t",1954
"splits","spl1ts",79
"splitting","spl1t1N",203
"splurge","spl3rG",19
"spoil","sp2l",593
"spoiled","sp2ld",432
"spoiling","sp2l1N",80
"spoils","sp2lz",105
"spoke","spok",1970
"spoken","spoken",1012
"spokesman","spoksmen",60
"spokesperson","spoksp3rsen",46
"sponge","sp^nG",342
"sponges","sp^nGez",58
"sponsor","spans3r",273
"sponsored","spans3rd",98
"sponsoring","spans3r1N",40
"sponsors","spans3rz",97
"spontaneity","spanten8eti",42
"spontaneous","spant8nies",213
"spontaneously","spant8niesli",41
"spoof","spuf",12
"spook","spuk",140
"spooked","spukt",104
"spooks","spuks",69
"spooky","spuki",241
"spool","spul",26
"spoon","spun",388
"spooner","spun3r",70
"spoonful","spunfUl",30
"spoons","spunz",102
"sport","spcrt",1015
"sporting","spcrt1N",159
"sports","spcrts",1407
"sporty","spcrti",38
"spot","spat",3140
"spotless","spatles",60
"spotlight","spatl5t",148
"spots","spats",527
"spotted","spat1d",522
"spotted","spated",522
"spotter","spat3r",48
"spotty","spati",32
"spouse","spOs",97
"spout","spOt",52
"sprain","spr8n",43
"sprained","spr8nd",80
"sprang","spr@N",39
"sprawl","spral",7
"spray","spr8",492
"sprayed","spr8d",90
"spraying","spr81N",61
"spread","sprEd",1596
"spreading","sprEd1N",344
"spreads","sprEdz",115
"spree","spri",109
"sprig","spr1g",12
"spring","spr1N",1597
"springer","spr1N3r",91
"springfield","spr1Nfild",69
"springing","spr1N1N",44
"springs","spr1Nz",370
"springtime","spr1Nt5m",75
"sprinkle","spr1Nkel",74
"sprinkler","spr1Nkl3r",47
"sprinklers","spr1Nkl3rz",48
"sprinkles","spr1Nkelz",48
"sprint","spr1nt",36
"sprite","spr5t",33
"sprout","sprOt",46
"sprouts","sprOts",87
"spruce","sprus",56
"sprung","spr^N",131
"spud","sp^d",47
"spun","sp^n",86
"spunk","sp^Nk",68
"spur","sp3r",73
"spurs","sp3rz",93
"spurt","sp3rt",19
"spy","sp5",1023
"spying","sp51N",279
"squad","skwad",1096
"squadron","skwadren",224
"squads","skwadz",104
"squall","skwal",20
"square","skwEr",1620
"squared","skwErd",120
"squares","skwErz",138
"squash","skwaS",223
"squashed","skwaSt",48
"squat","skwat",160
"squaw","skwa",67
"squawk","skwak",87
"squawking","skwak1N",78
"squeak","skwik",121
"squeaking","skwik1N",89
"squeaks","skwiks",54
"squeaky","skwiki",101
"squeal","skwil",136
"squealing","skwil1N",123
"squeals","skwilz",69
"squeamish","skwim1S",45
"squeeze","skwiz",769
"squeezed","skwizd",118
"squeezing","skwiz1N",103
"squid","skw1d",141
"squiggle","skw1gel",2
"squiggly","skw1gli",16
"squint","skw1nt",51
"squire","skw5r",157
"squirm","skw3rm",42
"squirmy","skw3rmi",3
"squirrel","skw3rel",279
"squirrels","skw3relz",105
"squirt","skw3rt",140
"squish","skw1S",53
"squishier","skw1Si3r",1
"squishy","skw1Si",38
"sri","Sri",42
"stab","st@b",447
"stabbed","st@bd",482
"stabbing","st@b1N",115
"stability","steb1leti",90
"stabilize","st8bel5z",76
"stabilized","st8bel5zd",71
"stable","st8bel",673
"stables","st8belz",151
"stack","st@k",311
"stacked","st@kt",103
"stacking","st@k1N",46
"stacks","st@ks",99
"stadium","st8diem",312
"staff","st@f",1632
"stafford","st@f3rd",81
"stag","st@g",81
"stage","st8G",2324
"stagecoach","st8GkoC",51
"staged","st8Gd",115
"stages","st8Gez",147
"staggering","st@g3r1N",81
"staging","st8G1N",99
"staid","st8d",3
"stain","st8n",316
"stained","st8nd",72
"stains","st8nz",198
"stair","stEr",69
"staircase","stErk8s",89
"stairs","stErz",1212
"stairway","stErw8",81
"stairwell","stErwEl",108
"stake","st8k",847
"staked","st8kt",74
"stakeout","st8kOt",100
"stakes","st8ks",249
"staking","st8k1N",42
"stalagmite","stel@gm5t",1
"stale","st8l",149
"stalin","stalen",78
"stalk","stak",86
"stalked","stakt",79
"stalker","stak3r",189
"stalking","stak1N",269
"stalks","staks",55
"stall","stal",457
"stalled","stald",78
"stalling","stal1N",194
"stallion","st@ljen",163
"stalls","stalz",49
"stamina","st@mene",81
"stamp","st@mp",302
"stamped","st@mpt",76
"stampede","st@mpid",68
"stamps","st@mps",267
"stance","st@ns",96
"stanch","st@nC",1
"stand","st@nd",11536
"standard","st@nd3rd",940
"standards","st@nd3rdz",368
"standby","st@ndb5",151
"standing","st@nd1N",3994
"standpoint","st@ndp2nt",68
"stands","st@ndz",1093
"standup","st@nd^p",40
"stanford","st@nf3rd",284
"stank","st@Nk",39
"stanley","st@nli",949
"staple","st8pel",57
"stapler","st8pl3r",44
"star","star",4149
"starboard","starbcrd",334
"starch","starC",69
"stare","stEr",508
"stared","stErd",123
"stares","stErz",67
"starfish","starf1S",38
"staring","stEr1N",1196
"stark","stark",331
"starlight","starl5t",81
"starling","starl1N",104
"starr","star",107
"starring","star1N",143
"starry","stari",37
"stars","starz",2353
"starship","starS1p",145
"start","start",17345
"started","started",9566
"starter","start3r",139
"starters","start3rz",182
"starting","start1N",3558
"startle","startel",60
"startled","starteld",125
"startling","startl1N",70
"starts","starts",2335
"starvation","starv8Sen",75
"starve","starv",314
"starved","starvd",236
"starving","starv1N",865
"stash","st@S",257
"stashed","st@St",141
"stat","st@t",143
"state","st8t",5500
"stated","st8t1d",184
"statement","st8tment",1491
"statements","st8tments",279
"stateroom","st8trum",41
"states","st8ts",2759
"stateside","st8ts5d",60
"static","st@t1k",254
"stating","st8t1N",92
"station","st8Sen",4033
"stationary","st8SenEri",49
"stationed","st8Send",167
"stationery","st8SenEri",70
"stations","st8Senz",645
"statistical","stet1st1kel",46
"statistically","stet1st1keli",70
"statistics","stet1st1ks",167
"stats","st@ts",68
"statue","st@Cu",540
"statues","st@Cuz",99
"stature","st@C3r",85
"status","st@tes",750
"status","st8tes",750
"statute","st@Cut",97
"statutory","st@Cetcri",47
"staunch","stanC",18
"stave","st8v",17
"stay","st8",26298
"stayed","st8d",1668
"staying","st81N",3040
"stays","st8z",977
"stead","stEd",54
"steadily","stEdeli",60
"steadman","stEdmen",63
"steady","stEdi",1158
"steak","st8k",828
"steaks","st8ks",204
"steal","stil",2720
"stealing","stil1N",1265
"steals","stilz",223
"stealth","stElT",142
"steam","stim",686
"steamed","stimd",100
"steamer","stim3r",53
"steaming","stim1N",101
"steamship","stimS1p",24
"steamy","stimi",46
"steed","stid",130
"steel","stil",941
"steele","stil",228
"steep","stip",125
"steeple","stipel",21
"steer","st1r",305
"steering","st1r1N",207
"steers","st1rz",46
"stein","st5n",155
"stella","stEle",476
"stellar","stEl3r",41
"stem","stEm",114
"stems","stEmz",51
"stench","stEnC",113
"stencil","stEnsel",9
"stenographer","stenagref3r",41
"step","stEp",6052
"stepfather","stEpfaD3r",151
"stephen","stiven",678
"stepmother","stEpm^D3r",216
"stepped","stEpt",656
"stepping","stEp1N",355
"steps","stEps",1259
"stereo","stErio",304
"sterile","stErel",111
"sterling","st3rl1N",113
"stern","st3rn",327
"sternum","st3rnem",41
"steroids","stEr2dz",130
"stethoscope","stETeskop",48
"steve","stiv",3540
"steven","stiven",793
"stew","stu",328
"steward","stu3rd",140
"stewardess","stu3rdes",161
"stewart","stu3rt",331
"stick","st1k",4953
"sticker","st1k3r",142
"stickers","st1k3rz",93
"stickiness","st1kines",3
"sticking","st1k1N",741
"stickler","st1kl3r",46
"stickman","st1km@n",2
"sticks","st1ks",694
"stickup","st1k^p",61
"sticky","st1ki",292
"stiff","st1f",523
"stiffed","st1ft",47
"stiffs","st1fs",48
"stifler","st5fl3r",128
"stigma","st1gme",27
"stiles","st5lz",143
"stiletto","stelEto",17
"still","st1l",40225
"stilt","st1lt",2
"stimulate","st1mjel8t",70
"stimulating","st1mjel8t1N",120
"stimulation","st1mjel8Sen",70
"sting","st1N",358
"stinger","st1N3r",45
"stingers","st1N3rz",43
"stinging","st1N1N",46
"stings","st1Nz",88
"stingy","st1nGi",63
"stink","st1Nk",673
"stinker","st1Nk3r",105
"stinking","st1Nk1N",473
"stinks","st1Nks",627
"stinky","st1Nki",182
"stint","st1nt",38
"stir","st3r",301
"stirred","st3rd",123
"stirring","st3r1N",133
"stitch","st1C",381
"stitched","st1Ct",50
"stitches","st1Cez",255
"stock","stak",1300
"stockade","stak8d",74
"stockbroker","stakbrok3r",54
"stocked","stakt",64
"stockholder","stakhold3r",45
"stockholders","stakhold3rz",117
"stockholm","stakholm",60
"stocking","stak1N",134
"stockings","stak1Nz",190
"stocks","staks",208
"stoke","stok",60
"stoker","stok3r",87
"stokes","stoks",146
"stole","stol",2711
"stolen","stolen",1750
"stomach","st^mek",1725
"stomachache","st^mek8k",54
"stomachs","st^meks",57
"stomp","stamp",136
"stomped","stampt",50
"stomping","stamp1N",56
"stone","ston",2072
"stoned","stond",254
"stoner","ston3r",103
"stones","stonz",581
"stoney","stoni",46
"stood","stUd",1315
"stooge","stuG",56
"stooges","stuGez",56
"stool","stul",179
"stoop","stup",125
"stop","stap",36071
"stoplight","stapl5t",16
"stopped","stapt",3844
"stopper","stap3r",26
"stopping","stap1N",1066
"stops","staps",1112
"storage","stcr1G",452
"store","stcr",4178
"stored","stcrd",169
"storeroom","stcrrum",83
"storeroom","stcrrUm",83
"stores","stcrz",485
"stories","stcriz",2215
"storing","stcr1N",42
"stork","stcrk",83
"storm","stcrm",1574
"stormed","stcrmd",58
"storming","stcrm1N",41
"storms","stcrmz",110
"stormy","stcrmi",74
"story","stcri",11260
"storybook","stcribUk",27
"storyteller","stcritEl3r",27
"storytelling","stcritEl1N",24
"stout","stOt",53
"stove","stov",387
"stow","sto",64
"strafe","str8f",5
"straight","str8t",6244
"straightaway","str8tew8",51
"straighten","str8ten",571
"straightened","str8tend",190
"straightening","str8ten1N",49
"straightforward","str8tfcrw3rd",102
"strain","str8n",361
"strained","str8nd",70
"straining","str8n1N",45
"strains","str8nz",58
"strait","str8t",9
"straitjacket","str8tG@k1t",42
"straits","str8ts",53
"strand","str@nd",94
"stranded","str@nded",153
"strange","str8nG",4408
"strangely","str8nGli",228
"stranger","str8nG3r",1377
"strangers","str8nG3rz",788
"strangest","str8nGest",169
"strangle","str@Ngel",223
"strangled","str@Ngeld",250
"strangler","str@Ngl3r",109
"strangling","str@Ngl1N",68
"strangulation","str@Ngjel8Sen",49
"strap","str@p",263
"strapped","str@pt",164
"strapping","str@p1N",51
"straps","str@ps",67
"strategic","stretiG1k",132
"strategies","str@teGiz",54
"strategy","str@teGi",482
"strauss","strOs",84
"straw","stra",318
"strawberries","strabEriz",200
"strawberry","strabEri",282
"straws","straz",107
"stray","str8",272
"strayed","str8d",48
"strays","str8z",63
"streak","strik",295
"streaks","striks",48
"stream","strim",410
"streamer","strim3r",2
"streaming","strim1N",48
"streams","strimz",80
"streep","strip",45
"street","strit",7557
"streetcar","stritkar",65
"streets","strits",1611
"strength","strENT",1883
"strengthen","strENTen",82
"strengths","strENTs",57
"stress","strEs",796
"stressed","strEst",283
"stressful","strEsfel",128
"stressing","strEs1N",43
"stretch","strEC",748
"stretched","strECt",137
"stretcher","strEC3r",113
"stretches","strECez",46
"stretching","strEC1N",113
"stretchy","strECi",19
"strewn","strun",19
"stricken","str1ken",75
"strict","str1kt",358
"strictly","str1ktli",548
"stride","str5d",107
"strife","str5f",85
"strike","str5k",2324
"strikeout","str5kOt",20
"striker","str5k3r",108
"strikes","str5ks",485
"striking","str5k1N",224
"string","str1N",646
"strings","str1Nz",418
"stringy","str1Ni",21
"strip","str1p",800
"stripe","str5p",74
"striped","str5pt",87
"stripes","str5ps",322
"stripped","str1pt",183
"stripper","str1p3r",267
"strippers","str1p3rz",172
"stripping","str1p1N",76
"strips","str1ps",83
"strive","str5v",67
"strobe","strob",17
"strode","strod",34
"stroke","strok",667
"strokes","stroks",126
"stroll","strol",211
"stroller","strol3r",45
"strolling","strol1N",63
"strong","straN",4430
"stronger","straNg3r",974
"strongest","straNgest",242
"stronghold","straNhold",60
"strongly","straNli",342
"stroud","strOd",54
"strove","strov",7
"struck","str^k",826
"structural","str^kC3rel",93
"structure","str^kC3r",519
"structures","str^kC3rz",58
"strudel","strudel",47
"struggle","str^gel",682
"struggled","str^geld",111
"struggles","str^gelz",54
"struggling","str^gl1N",316
"strum","str^m",12
"strung","str^N",114
"strut","str^t",80
"stuart","stu3rt",651
"stub","st^b",49
"stubborn","st^b3rn",554
"stubs","st^bz",43
"stuck","st^k",3399
"stud","st^d",354
"student","student",2195
"students","students",1564
"studied","st^did",577
"studies","st^diz",477
"studio","studio",1190
"studios","studioz",126
"studs","st^dz",50
"study","st^di",2501
"studying","st^di1N",987
"stuff","st^f",15653
"stuffed","st^ft",441
"stuffing","st^f1N",165
"stuffy","st^fi",185
"stumble","st^mbel",100
"stumbled","st^mbeld",203
"stumbling","st^mbl1N",57
"stump","st^mp",125
"stumped","st^mpt",61
"stumpy","st^mpi",67
"stun","st^n",96
"stung","st^N",78
"stunk","st^Nk",46
"stunned","st^nd",189
"stunning","st^n1N",209
"stunt","st^nt",469
"stunts","st^nts",98
"stupid","stup1d",9405
"stupidest","stup1dest",121
"stupidity","stup1d1ti",163
"sturdy","st3rdi",86
"sturgeon","st3rGen",19
"stutter","st^t3r",96
"stuttering","st^t3r1N",49
"style","st5l",1534
"styles","st5lz",136
"styling","st5l1N",43
"stylish","st5l1S",110
"stylist","st5l1st",44
"suave","swav",47
"sub","s^b",390
"subatomic","s^betam1k",46
"subcommittee","s^bkem1ti",43
"subconscious","s^bkanSes",134
"subdue","sebdu",41
"subject","s^bGEkt",1885
"subject","sebGEkt",1885
"subjected","s^bGEkted",77
"subjective","s^bGEkt1v",57
"subjects","s^bG1kts",355
"subjects","s^bGEkts",355
"sublime","sebl5m",74
"submarine","s^bmerin",362
"submarines","s^bmerinz",88
"submerged","sebm3rGd",43
"submission","sebm1Sen",55
"submissive","sebm1s1v",45
"submit","s^bm1t",282
"submitted","sebm1ted",103
"subpoena","sepine",113
"subpoenaed","sepined",54
"subs","s^bz",153
"subscribe","sebskr5b",44
"subscription","sebskr1pSen",68
"subsequent","s^bs1kwent",64
"subsequently","s^bs1kwentli",58
"substance","s^bstens",364
"substances","s^bstensez",72
"substantial","sebst@nSel",182
"substitute","s^bst1tjut",238
"subtitle","s^bt5tel",52
"subtitles","s^bt5telz",1435
"subtle","s^tel",354
"subtlety","s^telti",40
"subtract","sebtr@kt",28
"subtraction","sebtr@kSen",10
"suburban","seb3rben",117
"suburbs","s^b3rbz",120
"subversive","sebv3rs1v",54
"subway","s^bw8",546
"succeed","s^ksid",482
"succeeded","seksid1d",186
"succeeded","seksided",186
"succeeds","seksidz",49
"success","seksEs",1390
"successes","seksEsez",44
"successful","seksEsfel",1037
"successfully","seksEsfeli",194
"succession","seksESen",48
"successor","seksEs3r",85
"succinct","seks1Nkt",12
"succumb","sek^m",19
"such","s^C",14852
"suck","s^k",1779
"sucked","s^kt",516
"sucker","s^k3r",834
"suckers","s^k3rz",251
"sucking","s^k1N",376
"sucks","s^ks",1248
"suction","s^kSen",287
"sudan","sud@n",42
"sudden","s^den",1707
"suddenly","s^denli",2854
"suds","s^dz",24
"sue","su",1498
"sued","sud",248
"suede","sw8d",92
"suffer","s^f3r",1148
"suffered","s^f3rd",656
"suffering","s^f3r1N",991
"suffering","s^fr1N",991
"suffers","s^f3rz",177
"suffice","sef5s",84
"sufficient","sef1Sent",243
"sufficiently","sef1Sentli",71
"suffocate","s^fek8t",77
"suffocated","s^fek8ted",58
"suffocating","s^fek8t1N",75
"suffrage","s^fr1G",5
"sugar","SUg3r",1926
"sugared","SUg3rd",9
"sugars","SUg3rz",48
"sugary","SUg3ri",15
"suggest","seGEst",2001
"suggested","s^GEst1d",525
"suggested","s^GEsted",525
"suggesting","s^GEst1N",551
"suggestion","s^GEsCen",622
"suggestions","s^GEsCenz",276
"suggests","seGEsts",256
"suicidal","sues5del",148
"suicide","su1s5d",1747
"suicide","sues5d",1747
"suicides","sues5dz",91
"suing","su1N",293
"suit","sut",3499
"suitable","sutebel",247
"suitcase","sutk8s",683
"suitcases","sutk8sez",93
"suite","swit",849
"suited","suted",152
"suites","swits",84
"suitor","sut3r",69
"suits","suts",895
"sulfur","s^lf3r",60
"sulk","s^lk",38
"sulking","s^lk1N",60
"sully","s^li",192
"sulphur","s^lf3r",43
"sultan","s^lten",164
"sum","s^m",523
"summary","s^m3ri",85
"summer","s^m3r",4012
"summers","s^m3rz",134
"summertime","s^m3rt5m",61
"summit","s^m1t",170
"summon","s^men",197
"summoned","s^mend",151
"summons","s^menz",81
"sumner","s^mn3r",108
"sumo","sumo",42
"sums","s^mz",88
"sun","s^n",3553
"sunbeam","s^nbim",18
"sunburn","s^nb3rn",33
"sundae","s^nd8",81
"sundaes","s^nd8z",27
"sunday","s^nd8",2206
"sundays","s^nd8z",135
"sundown","s^ndOn",174
"sunflower","s^nflO3r",34
"sung","s^N",178
"sunglass","s^ngl@s",7
"sunglasses","s^ngl@sez",201
"sunk","s^Nk",237
"sunken","s^Nken",46
"sunlight","s^nl5t",236
"sunny","s^ni",391
"sunrise","s^nr5z",309
"suns","s^nz",48
"sunscreen","s^nskrin",51
"sunset","s^nsEt",526
"sunsets","s^nsEts",47
"sunshine","s^nS5n",604
"sunshiny","s^nS5ni",11
"suntan","s^nt@n",50
"sunup","s^n^p",59
"sup","s^p",47
"super","sup3r",1336
"superb","sup3rb",147
"superficial","sup3rf1Sel",148
"superhero","sup3rh1ro",170
"superheroes","sup3rh1roz",58
"superhuman","sup3rhjumen",41
"superintendent","sup3r1ntEndent",219
"superior","sep1ri3r",663
"superiority","sep1ricreti",67
"superiors","sep1ri3rz",143
"supermarket","sup3rmark1t",255
"supermodel","sup3rmadel",47
"supernatural","sup3rn@C3rel",225
"superstar","sup3rstar",175
"superstition","sup3rst1Sen",105
"superstitious","sup3rst1Ses",175
"supervise","sup3rv5z",98
"supervised","sup3rv5zd",71
"supervising","sup3rv5z1N",44
"supervision","sup3rv1Zen",126
"supervisor","sup3rv5z3r",304
"supper","s^p3r",988
"suppertime","s^p3rt5m",31
"supplement","s^plement",58
"supplied","sepl5d",122
"supplier","sepl53r",99
"supplies","sepl5z",717
"supply","sepl5",952
"supplying","sepl51N",42
"support","sepcrt",2587
"supported","sepcrt1d",186
"supported","sepcrted",186
"supporters","sepcrt3rz",53
"supporting","sepcrt1N",234
"supportive","sepcrt1v",237
"supports","sepcrts",105
"suppose","sepoz",6416
"supposed","sepozd",12865
"supposedly","sepozedli",262
"supposing","sepoz1N",178
"suppress","seprEs",76
"supreme","suprim",447
"sure","SUr",56091
"surely","SUrli",1407
"surf","s3rf",324
"surface","s3rfes",930
"surfaced","s3rfest",43
"surfboard","s3rfbcrd",47
"surfer","s3rf3r",83
"surfers","s3rf3rz",62
"surfing","s3rf1N",230
"surge","s3rG",94
"surgeon","s3rGen",838
"surgeons","s3rGenz",195
"surgeries","s3rG3riz",42
"surgery","s3rG3ri",1651
"surgical","s3rG1kel",409
"surgically","s3rG1keli",55
"surname","s3rn8m",48
"surpassed","s3rp@st",66
"surplus","s3rpl^s",104
"surprise","s3rpr5z",4534
"surprised","s3rpr5zd",2808
"surprises","s3rpr5zez",497
"surprising","s3rpr5z1N",307
"surprisingly","s3rpr5z1Nli",162
"surreal","s3riel",57
"surreal","seriel",57
"surrender","s3rEnd3r",789
"surrender","serEnd3r",789
"surrendered","s3rEnd3rd",118
"surrendered","serEnd3rd",118
"surrendering","s3rEnd3r1N",50
"surrendering","serEnd3r1N",50
"surrogate","s3reget",95
"surround","serOnd",156
"surrounded","serOnd1d",677
"surrounded","serOnded",677
"surrounding","serOnd1N",192
"surroundings","serOnd1Nz",107
"surrounds","s3rOndz",45
"surveillance","s3rv8lens",952
"survey","s3rv8",227
"survival","s3rv5vel",515
"survive","s3rv5v",1537
"survived","s3rv5vd",660
"survives","s3rv5vz",89
"surviving","s3rv5v1N",185
"survivor","s3rv5v3r",221
"survivors","s3rv5v3rz",333
"susan","suzen",1835
"susceptible","sesEptebel",65
"sushi","suSi",222
"suspect","s^spEkt",2254
"suspect","sespEkt",2254
"suspected","sespEkt1d",497
"suspected","sespEkted",497
"suspecting","sespEkt1N",49
"suspects","s^spEkts",635
"suspects","sespEkts",635
"suspend","sespEnd",141
"suspended","sespEnd1d",373
"suspended","sespEnded",373
"suspender","sespEnd3r",2
"suspenders","sespEnd3rz",43
"suspense","sespEns",114
"suspension","sespEnSen",222
"suspicion","sesp1Sen",373
"suspicions","sesp1Senz",166
"suspicious","sesp1Ses",815
"sustain","sest8n",136
"sustained","sest8nd",397
"sutra","sutre",58
"sutter","s^t3r",90
"suture","suC3r",126
"sutures","suC3rz",84
"suzanne","suz@n",228
"suzette","suzEt",55
"suzuki","sezuki",47
"svelte","svElt",5
"swab","swab",121
"swabs","swabz",43
"swallow","swalo",649
"swallowed","swalod",342
"swallowing","swalo1N",74
"swallows","swaloz",85
"swam","sw@m",123
"swamp","swamp",458
"swamped","swampt",81
"swamps","swamps",45
"swan","swan",348
"swank","sw@Nk",24
"swans","swanz",65
"swap","swap",185
"swarm","swcrm",68
"swarming","swcrm1N",53
"swat","swat",196
"swatch","swaC",18
"swath","swaT",11
"sway","sw8",129
"swaying","sw81N",45
"swear","swEr",4496
"swearing","swEr1N",124
"swears","swErz",118
"sweat","swEt",1115
"sweater","swEt3r",704
"sweaters","swEt3rz",105
"sweating","swEt1N",419
"sweatpants","swEtp@nts",9
"sweats","swEts",82
"sweatshirt","swEtS3rt",120
"sweaty","swEti",226
"swede","swid",71
"sweden","swiden",132
"swedish","swid1S",200
"sweep","swip",485
"sweeping","swip1N",170
"sweeps","swips",108
"sweepstakes","swipst8ks",41
"sweet","swit",7405
"sweeten","switen",40
"sweeter","swit3r",133
"sweetest","switest",295
"sweetheart","swithart",3272
"sweethearts","switharts",118
"sweetie","switi",2731
"sweetly","switli",52
"sweetness","switnes",167
"sweets","swits",122
"sweetwater","switwat3r",72
"swell","swEl",1061
"swelling","swEl1N",161
"swells","swElz",61
"swept","swEpt",243
"swerve","sw3rv",34
"swift","sw1ft",197
"swiftly","sw1ftli",83
"swifty","sw1fti",82
"swig","sw1g",48
"swill","sw1l",49
"swim","sw1m",1622
"swimmer","sw1m3r",190
"swimmers","sw1m3rz",76
"swimming","sw1m1N",1019
"swims","sw1mz",73
"swimsuit","sw1msut",101
"swimwear","sw1mwEr",9
"swine","sw5n",226
"swing","sw1N",1325
"swingers","sw1N3rz",44
"swinging","sw1N1N",313
"swings","sw1Nz",180
"swipe","sw5p",82
"swiped","sw5pt",84
"swirl","sw3rl",46
"swirling","sw3rl1N",46
"swish","sw1S",82
"swiss","sw1s",321
"switch","sw1C",1434
"switchboard","sw1Cbcrd",58
"switched","sw1Ct",391
"switches","sw1Cez",134
"switching","sw1C1N",194
"switzerland","sw1ts3rlend",293
"swollen","swolen",165
"swoon","swun",31
"swoop","swup",78
"swoosh","swuS",12
"sword","scrd",1335
"swordfish","scrdf1S",52
"swords","scrdz",220
"swordsman","scrdzmen",64
"swore","swcr",446
"sworn","swcrn",494
"swum","sw^m",20
"swung","sw^N",117
"sycamore","s1kemcr",48
"sydney","s1dni",1619
"sykes","s5ks",133
"syllable","s1lebel",42
"syllables","s1lebelz",41
"sylvester","s1lvEst3r",86
"sylvia","s1lvie",370
"symbol","s1mbel",438
"symbolic","s1mbal1k",79
"symbols","s1mbelz",128
"symmetry","s1metri",41
"sympathetic","s1mpeTEt1k",194
"sympathies","s1mpeTiz",67
"sympathize","s1mpeT5z",79
"sympathy","s1mpeTi",426
"symphony","s1mfeni",181
"symptom","s1mptem",96
"symptoms","s1mptemz",407
"synagogue","s1negag",49
"sync","s1Nk",168
"syncopate","s1Nkep8t",1
"syndicate","s1ndek8t",102
"syndicate","s1ndeket",102
"syndrome","s1ndrom",320
"synthetic","s1nTEt1k",128
"syphilis","s1fel1s",98
"syracuse","s1rekjuz",70
"syringe","s3r1nG",99
"syrup","s3rep",260
"syrupy","s1repi",2
"syrupy","s3repi",2
"system","s1stem",4667
"systems","s1stemz",848
"systolic","s1stal1k",49
"tab","t@b",294
"table","t8bel",5387
"tablecloth","t8belklaT",48
"tables","t8belz",599
"tablespoon","t8belspun",9
"tablet","t@blet",76
"tabletop","t8beltap",5
"tablets","t@blets",72
"tabloid","t@bl2d",56
"tabloids","t@bl2dz",49
"taboo","t@bu",62
"tabs","t@bz",108
"tack","t@k",108
"tackle","t@kel",219
"tacky","t@ki",134
"taco","tako",158
"tacos","takoz",110
"tact","t@kt",56
"tactic","t@kt1k",79
"tactical","t@kt1kel",281
"tactics","t@kt1ks",241
"tad","t@d",238
"tadpole","t@dpol",30
"taffy","t@fi",122
"taft","t@ft",103
"tag","t@g",708
"tagged","t@gd",96
"tagging","t@g1N",46
"tags","t@gz",181
"tahiti","tehiti",156
"tai","t5",151
"tail","t8l",1219
"tailed","t8ld",69
"tailing","t8l1N",81
"taillight","t8ll5t",42
"tailor","t8l3r",213
"tails","t8lz",290
"taint","t8nt",40
"tainted","t8nted",92
"taipei","t5p8",56
"tait","t8t",46
"taiwan","t5wan",175
"taj","taZ",65
"take","t8k",96443
"taken","t8ken",7071
"takeoff","t8kaf",125
"takeout","t8kOt",82
"takeover","t8kov3r",80
"taker","t8k3r",46
"takers","t8k3rz",55
"takes","t8ks",5986
"taking","t8k1N",12263
"talbot","t@lbet",167
"talc","t@lk",12
"tale","t8l",612
"talent","t@lent",1332
"talented","t@lent1d",581
"talented","t@lented",581
"talents","t@lents",233
"tales","t8lz",359
"talisman","t@l1zmen",74
"talk","tak",43605
"talkative","taket1v",46
"talked","takt",5226
"talker","tak3r",91
"talking","tak1N",25385
"talks","taks",1216
"tall","tal",1649
"taller","tal3r",284
"tallest","talest",50
"tallness","talnes",1
"tally","t@li",178
"talmud","talmUd",47
"talon","t@len",56
"tam","t@m",139
"tambourine","t@mb3rin",45
"tame","t8m",139
"tamed","t8md",41
"tammy","t@mi",262
"tamp","t@mp",3
"tampa","t@mpe",64
"tampered","t@mp3rd",74
"tampering","t@mp3r1N",67
"tan","t@n",439
"tang","t@N",114
"tangent","t@nGent",19
"tangerine","t@nG3rin",38
"tangible","t@nGebel",56
"tangle","t@Ngel",53
"tangled","t@Ngeld",130
"tango","t@Ngo",274
"tank","t@Nk",1306
"tanked","t@Nkt",48
"tanker","t@Nk3r",100
"tanks","t@Nks",506
"tanner","t@n3r",188
"tanning","t@n1N",64
"tantrum","t@ntrem",45
"tao","tO",65
"tap","t@p",752
"tape","t8p",3511
"taped","t8pt",218
"tapes","t8ps",664
"taping","t8p1N",105
"tapped","t@pt",228
"tapping","t@p1N",164
"taps","t@ps",130
"tar","tar",160
"tara","tare",257
"tara","tEre",257
"tarantula","ter@nCele",46
"tardy","tardi",58
"target","target",1936
"targeted","targeted",110
"targeting","target1N",114
"targets","targets",340
"tariff","tEref",7
"tarn","tarn",47
"tarot","t@ro",61
"tarot","tEro",61
"tarp","tarp",50
"tart","tart",122
"tartar","tart3r",76
"tarts","tarts",57
"tarzan","tarz@n",496
"task","t@sk",649
"tasks","t@sks",85
"taste","t8st",2617
"tasted","t8st1d",293
"tasted","t8sted",293
"tasteful","t8stfel",69
"tasteless","t8stles",45
"taster","t8st3r",12
"tastes","t8sts",611
"tasting","t8st1N",94
"tasty","t8sti",322
"tat","t@t",55
"tate","t8t",130
"tattle","t@tel",8
"tattler","t@tl3r",24
"tattoo","t@tu",610
"tattooed","t@tud",132
"tattoos","t@tuz",188
"taught","tat",2236
"taunt","tant",32
"taunting","tant1N",52
"taupe","top",1
"taut","tat",35
"tavern","t@v3rn",158
"tax","t@ks",742
"taxes","t@ksez",497
"taxi","t@ksi",1318
"taxicab","t@ksik@b",44
"taxis","t@ksiz",52
"taxpayers","t@ksp83rz",84
"tea","ti",2990
"teach","tiC",3715
"teacher","tiC3r",2842
"teachers","tiC3rz",581
"teaches","tiCez",265
"teaching","tiC1N",1010
"teachings","tiC1Nz",73
"teacup","tik^p",33
"teahouse","tihOs",42
"teak","tik",20
"team","tim",7528
"teammate","tim8t",46
"teammates","timm8ts",76
"teams","timz",790
"teamwork","timw3rk",102
"teapot","tipat",44
"tear","t1r",1377
"tear","tEr",1377
"teardrop","t1rdrap",14
"tearful","t1rfel",22
"tearing","t1r1N",327
"tearing","tEr1N",327
"tears","t1rz",1140
"tears","tErz",1140
"teary","t1ri",4
"tease","tiz",290
"teased","tizd",48
"teasing","tiz1N",215
"teaspoon","tispun",24
"teatime","tit5m",23
"tech","tEk",326
"technical","tEkn1kel",420
"technicality","tEknek@leti",61
"technically","tEkn1keli",739
"technician","tEkn1Sen",132
"technicians","tEkn1Senz",71
"technique","tEknik",456
"techniques","tEkniks",177
"technological","tEknelaG1kel",40
"technologies","tEknaleGiz",71
"technology","tEknaleGi",762
"ted","tEd",2228
"teddy","tEdi",811
"tedious","tidies",73
"tee","ti",110
"teen","tin",209
"teenage","tin8G",350
"teenaged","tin8Gd",8
"teenager","tin8G3r",351
"teenagers","tin8G3rz",215
"teens","tinz",99
"teensy","tinsi",24
"teeny","tini",128
"teepee","tipi",6
"teeter","tit3r",5
"teeth","tiT",2440
"teethe","tiD",1
"telegram","tElegr@m",471
"telegrams","tElegr@mz",63
"telegraph","tElegr@f",167
"telepathy","telEpeTi",47
"telephone","tElefon",1651
"telephoned","tElefond",109
"telephones","tElefonz",67
"telescope","tEleskop",150
"telethon","tEleTan",53
"televised","tElev5zd",42
"television","tElev1Zen",1729
"tell","tEl",87949
"teller","tEl3r",131
"telling","tEl1N",9730
"tells","tElz",2665
"telly","tEli",162
"temp","tEmp",154
"temper","tEmp3r",582
"temperament","tEmp3rement",59
"temperament","tEmprement",59
"temperamental","tEmp3remEntel",41
"temperamental","tEmpremEntel",41
"temperance","tEmp3rens",40
"temperance","tEmprens",40
"temperature","tEmp3reC3r",702
"temperature","tEmpreC3r",702
"temperatures","tEmp3reC3rz",100
"temperatures","tEmpreC3rz",100
"tempest","tEmpest",36
"temple","tEmpel",895
"temples","tEmpelz",80
"tempo","tEmpo",86
"temporal","tEmp3rel",69
"temporarily","tEmp3rEreli",232
"temporary","tEmp3rEri",665
"tempt","tEmpt",129
"temptation","tEmpt8Sen",216
"tempted","tEmpt1d",203
"tempted","tEmpted",203
"tempting","tEmpt1N",154
"ten","tEn",7395
"tenant","tEnent",155
"tenants","tEnents",131
"tend","tEnd",626
"tended","tEnded",51
"tendencies","tEndensiz",80
"tendency","tEndensi",138
"tender","tEnd3r",453
"tenderly","tEnd3rli",42
"tenderness","tEnd3rnes",129
"tending","tEnd1N",55
"tends","tEndz",135
"tennessee","tEnesi",204
"tennis","tEn1s",695
"tenor","tEn3r",79
"tens","tEnz",114
"tense","tEns",522
"tension","tEnSen",436
"tensions","tEnSenz",45
"tent","tEnt",892
"tentacle","tEntekel",13
"tentacles","tEntekelz",56
"tenth","tEnT",212
"tents","tEnts",98
"tenure","tEnj3r",90
"tepee","tipi",27
"tequila","tekile",299
"term","t3rm",890
"terminal","t3rmenel",390
"terminate","t3rmen8t",140
"terminated","t3rmen8ted",147
"termination","t3rmen8Sen",68
"terminator","t3rmen8t3r",67
"termite","t3rm5t",38
"termites","t3rm5ts",74
"terms","t3rmz",1138
"terra","tEra",46
"terrace","tEres",173
"terrain","t3r8n",115
"terrain","ter8n",115
"terrible","tErebel",4795
"terribly","tErebli",1205
"terrier","tEri3r",49
"terrific","ter1f1k",2138
"terrified","tEref5d",488
"terrify","tEref5",25
"terrifying","tEref51N",217
"territorial","tEretcriel",85
"territories","tEretcriz",61
"territory","tEr1tcri",748
"terror","tEr3r",459
"terrorism","tEr3r1zm",209
"terrorist","tEr3r1st",617
"terrorists","tEr3r1sts",601
"terrors","tEr3rz",63
"terry","tEri",1123
"terse","t3rs",8
"tertiary","t3rSiEri",12
"tesla","tEsle",43
"test","tEst",4288
"testament","tEstement",120
"tested","tEst1d",537
"testicle","tEst1kel",58
"testicles","tEst1kelz",125
"testified","tEst1f5d",196
"testify","tEst1f5",724
"testifying","tEstef51N",105
"testimony","tEst1moni",752
"testing","tEst1N",771
"testosterone","tEstast3ron",83
"tests","tEsts",1197
"testy","tEsti",49
"tetanus","tEtenes",71
"tex","tEks",183
"texas","tEkses",1429
"text","tEkst",267
"textbook","tEkstbUk",112
"textbooks","tEkstbUks",44
"texture","tEksC3r",84
"thaddeus","T@dies",53
"thai","t5",167
"thailand","t5l@nd",151
"than","D@n",37679
"thank","T@Nk",56877
"thanked","T@Nkt",194
"thankful","T@Nkfel",274
"thanking","T@Nk1N",154
"thanks","T@Nks",31789
"thanksgiving","T@Nksg1v1N",949
"thankyou","T@Nkju",99
"that","D@t",719677
"thatch","T@C",1
"thatcher","T@C3r",104
"thaw","Ta",81
"the","De",1501908
"the","Di",1501908
"theater","Tiet3r",1226
"theater","Tit3r",1226
"theaters","Tiet3rz",92
"theatre","Tiet3r",582
"theatre","Tit3r",582
"theatrical","Ti@tr1kel",128
"thee","Di",1327
"theft","TEft",344
"thefts","TEfts",28
"their","DEr",33413
"theirs","DErz",395
"them","DEm",90720
"theme","Tim",710
"themed","Timd",8
"themes","Timz",57
"themselves","DEmsElvz",2343
"then","DEn",75966
"thence","DEns",14
"theodore","Tiedcr",134
"theology","TialeGi",36
"theoretical","Ti3rEtekel",95
"theoretical","TierEtekel",95
"theoretically","Ti3rEtekeli",115
"theoretically","TierEtekeli",115
"theories","T1riz",276
"theory","T1ri",1459
"therapeutic","TErepjut1k",72
"therapist","TErep1st",485
"therapists","TErep1sts",42
"therapy","TErepi",944
"there","DEr",221754
"thereafter","DEr@ft3r",62
"thereby","DErb5",79
"therefore","DErfcr",1058
"therein","DEr1n",47
"thereof","DEr^v",50
"theres","DErz",56
"therm","T3rm",1
"thermal","T3rmel",112
"thermometer","T3rmamet3r",112
"thermos","T3rmes",57
"thermostat","T3rmest@t",58
"thesaurus","T1scres",20
"these","Diz",46104
"thesis","Tis1s",174
"thespian","Tespien",36
"theta","T8te",81
"they","D8",209250
"thick","T1k",713
"thicker","T1k3r",106
"thicket","T1k1t",24
"thickness","T1knes",26
"thief","Tif",1238
"thieve","Tiv",6
"thieves","Tivz",464
"thieving","Tiv1N",85
"thigh","T5",191
"thighs","T5z",196
"thimble","T1mbel",14
"thin","T1n",1029
"thine","D5n",147
"thing","T1N",55522
"thingamabob","T1Nemebab",10
"thingamajig","T1NemeG1g",11
"thingies","T1Niz",44
"things","T1Nz",35337
"thingy","T1Ni",146
"think","T1Nk",137261
"thinker","T1Nk3r",60
"thinkers","T1Nk3rz",48
"thinking","T1Nk1N",14353
"thinks","T1Nks",5235
"thinner","T1n3r",115
"third","T3rd",3801
"thirst","T3rst",190
"thirsty","T3rsti",627
"thirteen","T3rtin",268
"thirty","T3rti",876
"this","D1s",406915
"thistle","T1sel",23
"thomas","tames",1636
"thompson","tampsen",475
"thong","TaN",107
"thor","Tcr",113
"thoracic","Tcr@s1k",40
"thoracotomy","Tcrekatemi",46
"thorn","Tcrn",260
"thorns","Tcrnz",79
"thorny","Tcrni",36
"thorough","T3ro",240
"thoroughbred","T3robrEd",45
"thoroughfare","T3rofEr",47
"thoroughly","T3roli",243
"thorpe","Tcrp",108
"those","Doz",38404
"thou","DO",1144
"though","Do",9279
"thought","Tat",41232
"thoughtful","Tatfel",398
"thoughtless","Tatles",71
"thoughts","Tats",1703
"thousand","TOzend",3534
"thousands","TOzendz",1410
"thrash","Tr@S",27
"thread","TrEd",263
"threads","TrEdz",85
"threat","TrEt",1059
"threaten","TrEten",435
"threatened","TrEtend",845
"threatening","TrEten1N",599
"threatens","TrEtenz",107
"threats","TrEts",339
"three","Tri",27654
"threes","Triz",75
"threesome","Trisem",108
"thresh","TrES",2
"threshold","TrEShold",141
"threw","Tru",2082
"thrice","Tr5s",26
"thrift","Tr1ft",22
"thrill","Tr1l",429
"thrilled","Tr1ld",564
"thriller","Tr1l3r",69
"thrilling","Tr1l1N",170
"thrills","Tr1lz",73
"thrive","Tr5v",89
"thriving","Tr5v1N",62
"throat","Trot",1837
"throats","Trots",181
"throb","Trab",12
"throbbing","Trab1N",60
"throes","Troz",27
"throne","Tron",441
"throng","TraN",16
"throning","Tron1N",1
"throttle","Tratel",119
"through","Tru",28026
"throughout","TruOt",548
"throw","Tro",6570
"throwaway","Troew8",9
"throwing","Tro1N",1488
"thrown","Tron",1047
"throws","Troz",384
"thru","Tru",31
"thrush","Tr^S",19
"thrust","Tr^st",197
"thrusters","Tr^st3rz",90
"thud","T^d",99
"thug","T^g",178
"thugs","T^gz",173
"thumb","T^m",603
"thumbs","T^mz",238
"thumbtack","T^mt@k",9
"thump","T^mp",99
"thumper","T^mp3r",70
"thumping","T^mp1N",73
"thunder","T^nd3r",679
"thunderbolt","T^nd3rbolt",86
"thundering","T^nd3r1N",47
"thunderstorm","T^nd3rstcrm",32
"thursday","T3rzd8",1232
"thursdays","T3rzd8z",81
"thus","D^s",628
"thwack","Tw@k",2
"thwart","Twcrt",17
"thy","D5",1243
"thyme","t5m",10
"thyroid","T5r2d",28
"thyself","D5sElf",42
"tiara","tiare",91
"tibet","t1bEt",146
"tibetan","t1bEten",59
"tic","t1k",77
"tick","t1k",370
"ticked","t1kt",55
"ticker","t1k3r",55
"ticket","t1k1t",2324
"tickets","t1k1ts",2211
"ticking","t1k1N",223
"tickle","t1kel",245
"tickled","t1keld",101
"tickler","t1kl3r",11
"tickles","t1kelz",110
"tickling","t1kl1N",51
"ticklish","t1kl1S",58
"tickly","t1kli",2
"ticks","t1ks",59
"tidal","t5del",53
"tide","t5d",375
"tides","t5dz",80
"tidings","t5d1Nz",57
"tidy","t5di",189
"tie","t5",2266
"tied","t5d",1364
"tier","t1r",54
"ties","t5z",502
"tiff","t1f",44
"tiffany","t1feni",329
"tiger","t5g3r",945
"tigers","t5g3rz",217
"tigger","t1g3r",89
"tight","t5t",2597
"tighten","t5ten",146
"tighter","t5t3r",208
"tightly","t5tli",85
"tights","t5ts",135
"tiki","tiki",131
"til","t1l",433
"tile","t5l",108
"tiles","t5lz",85
"till","t1l",8503
"tilly","t1li",51
"tilt","t1lt",113
"tim","t1m",1867
"timber","t1mb3r",127
"time","t5m",99890
"timed","t5md",82
"timeless","t5mles",44
"timely","t5mli",55
"timeout","t5mOt",26
"timer","t5m3r",319
"times","t5mz",11221
"timetable","t5mt8bel",82
"timid","t1med",77
"timing","t5m1N",764
"timothy","t1meTi",176
"tin","t1n",441
"ting","t1N",66
"tingle","t1Ngel",56
"tingling","t1Ngl1N",56
"tiniest","t5niest",68
"tink","t1Nk",61
"tinker","t1Nk3r",113
"tinkle","t1Nkel",47
"tinkles","t1Nklez",55
"tinsel","t1nsel",24
"tint","t1nt",15
"tiny","t5ni",1643
"tip","t1p",1409
"tipped","t1pt",244
"tipping","t1p1N",82
"tips","t1ps",467
"tiptoe","t1pto",45
"tire","t5r",631
"tired","t5rd",5745
"tiredness","t5rdnes",2
"tires","t5rz",491
"tiresome","t5rsem",74
"tiring","t5r1N",60
"tis","t1z",354
"tissue","t1Sju",547
"tissues","t1sjuz",101
"tissues","t1Suz",101
"tit","t1t",171
"titan","t5ten",74
"titanic","t5t@n1k",128
"titanium","t5t8niem",80
"titans","t5tenz",81
"title","t5tel",947
"titles","t5telz",120
"tits","t1ts",627
"titties","t1tiz",175
"titty","t1ti",107
"to","tu",1156570
"toad","tod",290
"toast","tost",1707
"toasted","tosted",67
"toaster","tost3r",198
"toasting","tost1N",42
"toasty","tosti",34
"tobacco","teb@ko",356
"toby","tobi",353
"tock","tak",47
"tod","tad",139
"today","ted8",22124
"toddler","tadl3r",40
"toddy","tadi",127
"toe","to",647
"toed","tod",5
"toenail","ton8l",44
"toenails","ton8lz",89
"toes","toz",638
"toffee","tafi",22
"tofu","tofu",137
"tog","tag",1
"toga","toge",47
"together","tegED3r",19553
"togetherness","tegED3rnes",29
"toil","t2l",51
"toilet","t2let",1474
"toilets","t2lets",170
"toke","tok",41
"token","token",205
"tokens","tokenz",56
"tokyo","tokio",690
"told","told",35679
"toledo","telido",182
"tolerance","tal3rens",130
"tolerant","tal3rent",65
"tolerate","tal3r8t",354
"tolerated","tal3r8ted",73
"toll","tol",171
"tolstoy","tolst2",63
"tom","tam",5588
"tomato","tem8to",301
"tomatoes","tem8toz",220
"tomatoes","tematoz",220
"tomb","tum",287
"tomboy","tamb2",15
"tombs","tumz",56
"tombstone","tumston",109
"tomcat","tamk@t",34
"tome","tom",39
"tommy","tami",2459
"tomorrow","temaro",17134
"ton","t^n",382
"tone","ton",860
"toner","ton3r",44
"tones","tonz",100
"tong","taN",116
"tongs","taNz",40
"tongue","t^N",1589
"tongues","t^Nz",157
"tonic","tan1k",195
"tonight","ten5t",21047
"tons","t^nz",480
"tonsils","tanselz",76
"tony","toni",3503
"too","tu",69950
"took","tUk",17454
"tool","tul",548
"toolbox","tulbaks",64
"toolkit","tUlk1t",7
"tools","tulz",567
"toot","tut",80
"tooth","tuT",692
"toothache","tuT8k",58
"toothbrush","tuTbr^S",255
"toothless","tuTles",28
"toothpaste","tuTp8st",160
"toothpick","tuTp1k",52
"toots","tuts",168
"tootsie","tUtsi",70
"top","tap",6805
"topaz","top@z",51
"topic","tap1k",271
"topics","tap1ks",47
"topless","taples",100
"topped","tapt",48
"topper","tap3r",85
"topping","tap1N",45
"topple","tapel",32
"tops","taps",375
"topside","taps5d",66
"tor","tcr",127
"torah","tcre",55
"torch","tcrC",254
"torched","tcrCt",44
"torches","tcrCez",60
"tore","tcr",423
"tori","tcri",82
"torment","tcrmEnt",139
"tormented","tcrmEnted",53
"torn","tcrn",553
"tornado","tcrn8do",130
"toro","tcro",135
"toronto","t3ranto",123
"toronto","teranto",123
"toros","tcroz",57
"torpedo","tcrpido",326
"torpedoes","tcrpidoz",151
"torque","tcrk",37
"torso","tcrso",94
"tortilla","tcrtije",16
"tortoise","tcrtes",57
"torture","tcrC3r",812
"tortured","tcrC3rd",381
"tortures","tcrC3rz",54
"torturing","tcrC3r1N",171
"toss","tas",632
"tossed","tast",421
"tossing","tas1N",139
"tot","tat",54
"total","totel",1920
"totaled","toteld",58
"totally","toteli",4377
"tote","tot",55
"totem","totem",44
"toto","toto",143
"tots","tats",46
"totter","tat3r",2
"touch","t^C",7534
"touchdown","t^CdOn",253
"touchdowns","t^CdOnz",50
"touche","tuS8",20
"touched","t^Ct",1505
"touches","t^Cez",346
"touching","t^C1N",888
"touchy","t^Ci",160
"tough","t^f",4616
"tougher","t^f3r",276
"toughest","t^fest",206
"toupee","tup8",64
"tour","tUr",1571
"toured","tUrd",46
"tourette","t3rEt",49
"touring","tUr1N",77
"tourist","tUr1st",237
"tourist","tUrest",237
"tourists","tUr1sts",276
"tourists","tUrests",276
"tournament","tUrnement",464
"tourniquet","t3rn1k1t",50
"tours","tUrz",132
"tout","tOt",55
"tov","tav",119
"tow","to",295
"toward","tewcrd",1169
"towards","tewcrdz",1399
"towed","tod",65
"towel","tOel",722
"towels","tOelz",484
"towels","tOlz",484
"tower","tO3r",1165
"towers","tO3rz",275
"towing","to1N",48
"town","tOn",12644
"towns","tOnz",291
"townspeople","tOnzpipel",55
"tox","taks",144
"toxic","taks1k",250
"toxicology","taks1kaleGi",53
"toxin","taks1n",46
"toxins","taks1nz",52
"toy","t2",859
"toying","t21N",57
"toymaker","t2m8k3r",45
"toyota","tojote",75
"toys","t2z",674
"trace","tr8s",989
"traced","tr8st",220
"tracer","tr8s3r",86
"traces","tr8sez",257
"tracing","tr8s1N",86
"track","tr@k",2843
"tracked","tr@kt",250
"tracker","tr@k3r",83
"tracking","tr@k1N",672
"tracks","tr@ks",854
"tract","tr@kt",73
"traction","tr@kSen",96
"tractor","tr@kt3r",190
"trade","tr8d",1795
"traded","tr8d1d",222
"trademark","tr8dmark",75
"trader","tr8d3r",80
"trades","tr8dz",64
"trading","tr8d1N",305
"tradition","tred1Sen",697
"traditional","tred1Senel",415
"traditionally","tred1Seneli",47
"traditions","tred1Senz",105
"traffic","tr@f1k",1454
"trafficking","tr@f1k1N",53
"tragedies","tr@Gediz",50
"tragedy","tr@Gedi",723
"tragic","tr@G1k",624
"tragically","tr@G1keli",68
"trail","tr8l",979
"trailer","tr8l3r",579
"trailing","tr8l1N",80
"trails","tr8lz",108
"train","tr8n",4848
"trained","tr8nd",962
"trainee","tr8ni",68
"trainer","tr8n3r",284
"training","tr8n1N",1792
"trains","tr8nz",416
"trait","tr8t",55
"traitor","tr8t3r",540
"traitors","tr8t3rz",115
"traits","tr8ts",58
"trajectory","treGEkt3ri",94
"tram","tr@m",70
"tramp","tr@mp",423
"trample","tr@mpel",41
"trampled","tr@mpeld",64
"trampoline","tr@mpelin",34
"tramps","tr@mpz",75
"trance","tr@ns",268
"tranquil","tr@Nkwel",42
"tranquilizer","tr@Nkwel5z3r",92
"tranquilizers","tr@Nkwel5z3rz",45
"trans","tr@nz",60
"transaction","tr@nz@kSen",150
"transactions","tr@nz@kSenz",56
"transceiver","tr@nsiv3r",49
"transcript","tr@nskr1pt",705
"transcripts","tr@nskr1pts",78
"transfer","tr@nsf3r",1048
"transference","tr@nsf3rens",44
"transferred","tr@nsf3rd",599
"transferring","tr@nsf3r1N",120
"transfers","tr@nsf3rz",64
"transform","tr@nsfcrm",112
"transformation","tr@nsf3rm8Sen",101
"transformed","tr@nsfcrmd",101
"transfusion","tr@nsfjuZen",78
"transient","tr@nzient",52
"transit","tr@nz1t",162
"transition","tr@nz1Sen",159
"translate","tr@nsl8t",246
"translate","tr@nzl8t",246
"translated","tr@nsl8ted",127
"translated","tr@nzl8ted",127
"translates","tr@nsl8ts",74
"translates","tr@nzl8ts",74
"translating","tr@nsl8t1N",67
"translating","tr@nzl8t1N",67
"translation","tr@nsl8Sen",239
"translation","tr@nzl8Sen",239
"translator","tr@nsl8t3r",115
"translator","tr@nzl8t3r",115
"transmission","tr@nsm1Sen",435
"transmission","tr@nzm1Sen",435
"transmissions","tr@nsm1Senz",83
"transmit","tr@nsm1t",146
"transmitted","tr@nsm1ted",102
"transmitter","tr@nsm1t3r",205
"transmitting","tr@nsm1t1N",99
"transparent","tr@nspErent",92
"transplant","tr@nspl@nt",260
"transplants","tr@nspl@nts",46
"transponder","tr@nspand3r",71
"transport","tr@nspcrt",571
"transportation","tr@nsp3rt8Sen",283
"transported","tr@nspcrted",105
"transporter","tr@nspcrt3r",82
"transporting","tr@nspcrt1N",75
"transports","tr@nspcrts",43
"transvestite","tr@nzvEst5t",83
"trap","tr@p",1216
"trapeze","tr@piz",69
"trapped","tr@pt",1030
"trapper","tr@p3r",84
"traps","tr@ps",238
"trash","tr@S",1146
"trashed","tr@St",134
"trashy","tr@Si",54
"trauma","trame",869
"traumatic","tram@t1k",138
"traumatized","tramet5zd",59
"travel","tr@vel",1702
"traveled","tr@veld",343
"traveler","tr@vel3r",154
"traveler","tr@vl3r",154
"travelers","tr@vel3rz",94
"travelers","tr@vl3rz",94
"traveling","tr@vel1N",724
"traveling","tr@vl1N",724
"travelled","tr@veld",97
"traveller","tr@vel3r",40
"traveller","tr@vl3r",40
"travelling","tr@vel1N",198
"travelling","tr@vl1N",198
"travels","tr@velz",288
"travesty","tr@vesti",46
"travis","tr@v1s",703
"tray","tr8",410
"trays","tr8z",78
"treacherous","trEC3res",111
"treachery","trEC3ri",96
"tread","trEd",116
"treadmill","trEdm1l",42
"treason","trizen",259
"treasure","trEZ3r",972
"treasurer","trEZ3r3r",57
"treasures","trEZ3rz",131
"treasury","trEZ3ri",194
"treat","trit",2646
"treated","trit1d",1219
"treated","trited",1219
"treaties","tritiz",42
"treating","trit1N",605
"treatise","trit1s",15
"treatment","tritment",985
"treatments","tritments",121
"treats","trits",317
"treaty","triti",239
"tree","tri",3315
"trees","triz",1565
"treetop","tritap",13
"trek","trEk",229
"tremble","trEmbel",114
"trembling","trEmbl1N",136
"tremendous","tr1mEndes",431
"tremendous","tremEndes",431
"tremendously","tremEndesli",53
"tremor","trEm3r",41
"trench","trEnC",157
"trenches","trEnCez",108
"trend","trEnd",106
"trendy","trEndi",44
"trenton","trEnten",82
"trespass","trEsp@s",73
"trespasser","trEsp@s3r",6
"trespasses","trEsp@sez",44
"trespassing","trEsp@s1N",155
"trey","tr8",344
"triad","tr5@d",175
"triads","tr5@dz",49
"triage","triaZ",84
"trial","tr5el",2518
"trial","tr5l",2518
"trials","tr5elz",197
"trials","tr5lz",197
"triangle","tr5@Ngel",218
"tribal","tr5bel",95
"tribe","tr5b",325
"tribes","tr5bz",99
"tribunal","tr5bjunel",55
"tribune","tr1bjun",103
"tribute","tr1bjut",267
"triceratops","tr5sEretaps",2
"trick","tr1k",2411
"tricked","tr1kt",251
"tricking","tr1k1N",44
"trickle","tr1kel",16
"tricks","tr1ks",969
"tricky","tr1ki",406
"tricycle","tr5s1kel",27
"tried","tr5d",9529
"tries","tr5z",807
"trifle","tr5fel",107
"trig","tr1g",39
"trigger","tr1g3r",861
"triggered","tr1g3rd",126
"triggers","tr1g3rz",73
"trill","tr1l",6
"trillion","tr1ljen",52
"trim","tr1m",218
"trimester","tr5mEst3r",43
"trimmed","tr1md",47
"trina","trine",65
"trinity","tr1neti",149
"trinkets","tr1Nk1ts",43
"trio","trio",66
"trip","tr1p",4202
"tripe","tr5p",41
"triple","tr1pel",479
"triplet","tr1plet",2
"triplets","tr1plets",61
"tripod","tr5pad",46
"tripped","tr1pt",221
"tripping","tr1p1N",194
"trips","tr1ps",367
"tristan","tr1sten",156
"trite","tr5t",40
"triton","tr5ten",43
"triumph","tr5emf",237
"triumphant","tr5^mfent",70
"trivia","tr1vie",45
"trivial","tr1viel",93
"trojan","troGen",83
"troll","trol",138
"trolley","trali",72
"trolls","trolz",70
"trombone","trambon",65
"troop","trup",296
"trooper","trup3r",226
"troopers","trup3rz",86
"troops","trups",983
"trophies","trofiz",117
"trophy","trofi",385
"tropical","trap1kel",163
"tropics","trap1ks",40
"trot","trat",92
"trouble","tr^bel",11401
"troubled","tr^beld",346
"troublemaker","tr^belm8k3r",110
"troublemakers","tr^belm8k3rz",42
"troubles","tr^belz",593
"troublesome","tr^belsem",79
"troubling","tr^bl1N",119
"trough","traf",72
"troupe","trup",90
"trouser","trOz3r",20
"trousers","trOz3rz",263
"trousseau","truso",20
"trout","trOt",205
"troy","tr2",636
"truce","trus",220
"truck","tr^k",3716
"trucker","tr^k3r",61
"trucking","tr^k1N",53
"truckload","tr^klod",51
"trucks","tr^ks",503
"trudge","tr^G",12
"true","tru",12921
"truly","truli",1830
"truman","trumen",203
"trump","tr^mp",115
"trumpet","tr^mpet",210
"trumpets","tr^mpets",43
"trunk","tr^Nk",1010
"trunks","tr^Nks",128
"trust","tr^st",9087
"trusted","tr^st1d",856
"trustee","tr^sti",42
"trustees","tr^stiz",67
"trusting","tr^st1N",294
"trusts","tr^sts",189
"trustworthy","tr^stw3rDi",94
"trusty","tr^sti",72
"truth","truT",9801
"truthful","truTfel",109
"truthfully","truTfeli",120
"truths","truTs",81
"try","tr5",24314
"trying","tr51N",22849
"tryout","tr5Ot",44
"tryouts","tr5Ots",65
"tryst","tr1st",20
"tsar","zar",19
"tsunami","sunami",27
"tub","t^b",647
"tuba","tube",61
"tube","tub",838
"tubes","tubz",337
"tubs","t^bz",46
"tuck","t^k",406
"tucked","t^kt",158
"tucker","t^k3r",366
"tucson","tusan",125
"tuesday","tuzd8",1206
"tuesdays","tuzd8z",79
"tuff","t^f",43
"tug","t^g",140
"tugboat","t^gbot",23
"tuition","tu1Sen",206
"tulip","tul1p",40
"tulips","tul1ps",58
"tulsa","t^lse",96
"tum","t^m",76
"tumble","t^mbel",79
"tumbling","t^mbl1N",62
"tummy","t^mi",177
"tumor","tum3r",263
"tumors","tum3rz",55
"tuna","tune",408
"tune","tun",796
"tuned","tund",182
"tunes","tunz",195
"tung","t^N",86
"tuning","tun1N",96
"tunnel","t^nel",912
"tunnels","t^nelz",221
"turban","t3rben",66
"turbine","t3rb5n",46
"turbo","t3rbo",148
"turbulence","t3rbjelens",99
"turd","t3rd",141
"turf","t3rf",218
"turk","t3rk",154
"turkey","t3rki",1153
"turkeys","t3rkiz",66
"turkish","t3rk1S",199
"turks","t3rks",79
"turmeric","t3rm3r1k",2
"turmoil","t3rm2l",63
"turn","t3rn",15630
"turned","t3rnd",5388
"turner","t3rn3r",574
"turning","t3rn1N",2061
"turnip","t3rn1p",88
"turnout","t3rnOt",84
"turnpike","t3rnp5k",47
"turns","t3rnz",2552
"turnstiles","t3rnst5lz",59
"turpentine","t3rpent5n",47
"turquoise","t3rk2z",45
"turret","t3ret",45
"turtle","t3rtel",869
"turtleneck","t3rtelnEk",42
"turtles","t3rtelz",153
"tush","tUS",66
"tushy","tUSi",44
"tusk","t^sk",13
"tut","t^t",49
"tutor","tut3r",235
"tutoring","tut3r1N",102
"tutti","tuti",47
"tutu","tutu",35
"tux","t^ks",176
"tuxedo","t^ksido",158
"twain","tw8n",145
"twas","tw^z",72
"twat","twat",67
"tweed","twid",61
"tweet","twit",43
"tweezers","twiz3rs",52
"twelfth","twElfT",46
"twelve","twElv",960
"twenties","twEntiz",67
"twenty","twEnti",1378
"twerp","tw3rp",77
"twice","tw5s",3191
"twig","tw1g",69
"twilight","tw5l5t",156
"twin","tw1n",532
"twine","tw5n",29
"twinge","tw1nG",26
"twinkle","tw1Nkel",157
"twinkly","tw1Nkli",7
"twins","tw1nz",770
"twirl","tw3rl",67
"twirling","tw3rl1N",46
"twist","tw1st",643
"twisted","tw1st1d",540
"twisted","tw1sted",540
"twister","tw1st3r",79
"twisting","tw1st1N",111
"twists","tw1sts",59
"twisty","tw1sti",12
"twit","tw1t",71
"twitch","tw1C",109
"twitching","tw1C1N",55
"two","tu",54384
"twos","tuz",77
"tycoon","t5kun",52
"tying","t51N",158
"tyler","t5l3r",709
"type","t5p",3093
"typed","t5pt",90
"types","t5ps",479
"typewriter","t5pr5t3r",161
"typhoon","t5fun",75
"typical","t1p1kel",642
"typical","t1pekel",642
"typically","t1p1keli",138
"typing","t5p1N",165
"typist","t5p1st",42
"tyrannosaur","t1r@nescr",2
"tyrannosaurus","t1r@nescres",20
"tyranny","t1reni",82
"tyrant","t5rent",98
"tyre","t5r",124
"tyres","t5rz",136
"tyrone","t5ron",100
"tzar","zar",1
"udder","^d3r",11
"ugh","^g",738
"uglier","^gli3r",49
"ugliest","^gliest",81
"ugliness","^glines",63
"ugly","^gli",2150
"uh","^",36579
"ulcer","^ls3r",131
"ulcers","^ls3rz",64
"ulterior","elt1ri3r",46
"ultimate","^ltemet",460
"ultimately","^ltemetli",288
"ultimatum","^lt1m8tem",66
"ultra","^ltre",57
"ultrasound","^ltresOnd",125
"ulysses","jul1siz",53
"um","^m",11197
"umbilical","^mb1l1kel",62
"umbrella","^mbrEle",382
"umbrellas","^mbrElez",51
"umm","^m",334
"ump","^mp",18
"umpire","^mp5r",54
"una","une",86
"unable","^n8bel",523
"unacceptable","^neksEptebel",271
"unaccounted","^nekOnted",50
"unanimous","jun@nemes",107
"unannounced","^nenOnst",67
"unanswered","^n@ns3rd",50
"unarmed","^narmd",197
"unattended","^netEnded",51
"unattractive","^netr@kt1v",92
"unauthorized","^naT3r5zd",118
"unavailable","^nev8lebel",105
"unavoidable","^nev2debel",61
"unaware","^newEr",120
"unbearable","^nbErebel",129
"unbeatable","^nbitebel",40
"unbelievable","^nbelivebel",1500
"unbelievably","^nbelivebli",112
"unborn","^nbcrn",116
"unbuckle","^nb^kel",18
"unbuckled","^nb^keld",12
"unbutton","^nb^ten",38
"unbuttoned","^nb^tend",18
"unc","^Nk",51
"uncanny","^nk@ni",76
"uncertain","^ns3rten",121
"uncertainty","^ns3rtenti",69
"uncharted","^nCarted",60
"uncle","^Nkel",6327
"unclean","^nklin",65
"unclear","^nkl1r",75
"uncles","^Nkelz",110
"uncomfortable","^nk^mf3rtebel",798
"uncommon","^nkamen",110
"unconditional","^nkend1Senel",47
"unconscious","^nkanSes",583
"unconsciously","^nkanSesli",44
"uncontrollable","^nkentrolebel",56
"unconventional","^nkenvEnSenel",44
"uncooked","^nkUkt",5
"uncool","^nkul",66
"uncover","^nk^v3r",98
"uncovered","^nk^v3rd",130
"undead","^ndEd",119
"undefeated","^ndefited",111
"undeniable","^nden5ebel",49
"under","^nd3r",13358
"underage","^nd3r8G",111
"undercover","^nd3rk^v3r",598
"underdog","^nd3rdag",49
"underestimate","^nd3rEstem8t",258
"underestimate","^nd3rEstemet",258
"underestimated","^nd3rEstem8ted",128
"undergo","^nd3rgo",42
"underground","^nd3rgrOnd",613
"underlay","^nd3rl8",96
"underline","^nd3rl5n",18
"underlying","^nd3rl51N",64
"undermine","^nd3rm5n",74
"underneath","^nd3rniT",829
"underpants","^nd3rp@nts",150
"undersea","^nd3rsi",40
"undershirt","^nd3rS3rt",15
"understand","^nd3rst@nd",24605
"understandable","^nd3rst@ndebel",201
"understanding","^nd3rst@nd1N",1117
"understands","^nd3rst@ndz",549
"understatement","^nd3rst8tment",88
"understood","^nd3rstUd",1639
"understudy","^nd3rst^di",98
"undertake","^nd3rt8k",52
"undertaker","^nd3rt8k3r",78
"undertaking","^nd3rt8k1N",40
"underwater","^nd3rwat3r",323
"underway","^nd3rw8",148
"underwear","^nd3rwEr",1105
"underwood","^nd3rwUd",41
"underworld","^nd3rw3rld",181
"undetected","^ndetEkted",57
"undies","^ndiz",48
"undivided","^nd1v5ded",47
"undo","^ndu",223
"undone","^nd^n",125
"undoubtedly","^ndOtedli",171
"undress","^ndrEs",124
"undressed","^ndrEst",123
"undying","^nd51N",44
"uneasy","^nizi",106
"unemployed","^nEmpl2d",186
"unemployment","^nempl2ment",160
"unethical","^nET1kel",90
"uneven","^niven",39
"uneventful","^n1vEntfel",40
"unexpected","^n1kspEkt1d",448
"unexpectedly","^n1kspEktedli",90
"unexplained","^n1kspl8nd",79
"unfair","^nfEr",502
"unfaithful","^nf8Tfel",120
"unfamiliar","^nfem1lj3r",78
"unfasten","^nf@sen",8
"unfinished","^nf1n1St",179
"unfit","^nf1t",79
"unfold","^nfold",69
"unforgettable","^nf3rgEtebel",48
"unforgivable","^nfcrg1vebel",100
"unfortunate","^nfcrCenet",604
"unfortunately","^nfcrCenetli",1652
"unfreeze","^nfriz",35
"unfriendliness","^nfrEndlines",1
"unfriendly","^nfrEndli",53
"unfrozen","^nfrozen",9
"ungrateful","^ngr8tfel",235
"unhand","^nh@nd",43
"unhappiness","^nh@pines",59
"unhappy","^nh@pi",843
"unharmed","^nharmd",77
"unhealthy","^nhElTi",83
"unheard","^nh3rd",76
"unholy","^nholi",68
"unhook","^nhUk",44
"unhurt","^nh3rt",5
"unicorn","jun1kcrn",126
"unicorns","jun1kcrnz",62
"unicycle","junes5kel",11
"unidentified","^n5dEntef5d",187
"unification","junefek8Sen",82
"unified","junef5d",59
"uniform","junefcrm",1266
"uniforms","junefcrmz",403
"unimaginable","^n1m@G1nebel",47
"unimportant","^n1mpcrtent",125
"uninvited","^n1nv5ted",71
"union","junjen",1111
"unions","junjenz",71
"unique","junik",696
"unit","jun1t",1845
"unite","jun5t",154
"united","jun5ted",2564
"units","jun1ts",1032
"unity","juneti",138
"universal","junev3rsel",299
"universe","junev3rs",1289
"universities","junev3rsetiz",71
"university","junev3rseti",1203
"unjust","^nG^st",59
"unkind","^nk5nd",71
"unknown","^nnon",774
"unleash","^nliS",85
"unleashed","^nliSt",52
"unless","^nlEs",5798
"unlike","^nl5k",530
"unlikely","^nl5kli",258
"unlimited","^nl1m1ted",143
"unlisted","^nl1sted",49
"unload","^nlod",235
"unloaded","^nloded",74
"unloading","^nlod1N",89
"unlock","^nlak",280
"unlocked","^nlakt",194
"unloved","^nl^vd",18
"unlucky","^nl^ki",210
"unmarked","^nmarkt",70
"unmarried","^nmErid",104
"unmistakable","^nm1st8kebel",45
"unnatural","^nn@C3rel",140
"unnecessarily","^nnEsesEreli",41
"unnecessary","^nnEsesEri",316
"unnoticed","^nnotest",62
"unofficial","^nef1Sel",50
"unopened","^nopend",28
"unorthodox","^ncrTedaks",72
"unpack","^np@k",165
"unpacked","^np@kt",59
"unpacking","^np@k1N",57
"unpaid","^np8d",51
"unpleasant","^nplEzent",311
"unplug","^npl^g",44
"unplugged","^npl^gd",43
"unpopular","^npapjul3r",66
"unprecedented","^nprEsedEnted",80
"unpredictable","^npr1d1ktebel",175
"unprepared","^npr1pErd",78
"unprofessional","^nprefESenel",77
"unprotected","^npretEkted",63
"unravel","^nr@vel",49
"unreal","^nril",127
"unrealistic","^nriel1st1k",56
"unreasonable","^nrizenebel",194
"unrelated","^nr1l8ted",54
"unreliable","^nr1l5ebel",85
"unresolved","^nr1zalvd",42
"unrest","^nrEst",52
"unroll","^nrol",9
"unsafe","^ns8f",77
"unsalted","^nsalted",3
"unscrew","^nskru",25
"unseen","^nsin",110
"unselfish","^nsElf1S",44
"unsettling","^nsEtl1N",41
"unsolved","^nsalvd",106
"unspeakable","^nspikebel",95
"unspoken","^nspoken",58
"unstable","^nst8bel",260
"unsteady","^nstEdi",17
"unstoppable","^nstapebel",87
"unsuccessful","^nseksEsfel",44
"unsure","^nSUr",52
"unsuspecting","^nsespEkt1N",53
"untangle","^nt@Ngel",15
"unthankful","^nT@Nkfel",1
"unthinkable","^nT1Nkebel",69
"untie","^nt5",264
"untied","^nt5d",55
"until","^nt1l",15426
"untimely","^nt5mli",44
"unto","^ntu",389
"untold","^ntold",62
"untouchable","^nt^Cebel",44
"untouched","^nt^Ct",52
"untraceable","^ntr8sebel",59
"untrue","^ntru",74
"untruthful","^ntruTfel",5
"unusual","^njuZuel",1210
"unusual","^njuZwel",1210
"unusually","^njuZueli",95
"unveiling","^nv8l1N",52
"unwanted","^nwanted",70
"unwilling","^nw1l1N",59
"unwind","^nw5nd",66
"unwise","^nw5z",48
"unworn","^nwcrn",1
"unworthy","^nw3rDi",97
"unwrap","^nr@p",25
"unwrapped","^nr@pt",20
"unzip","^nz1p",42
"up","^p",187170
"upbeat","^pbit",56
"upbringing","^pbr1N1N",59
"upcoming","^pk^m1N",88
"update","^pd8t",252
"updated","^pd8ted",67
"updates","^pd8ts",59
"upfront","^pfr^nt",46
"upgrade","^pgr8d",110
"upgraded","^pgr8ded",50
"uphill","^ph1l",48
"uphold","^phold",123
"upholstery","epholst3ri",59
"uplink","upl1Nk",75
"upload","^plod",58
"upon","epan",3199
"upped","^pt",44
"upper","^p3r",616
"uppity","^peti",42
"upright","^pr5t",154
"uprising","^pr5z1N",59
"upriver","^pr1v3r",48
"uproar","^prcr",53
"ups","^ps",130
"upset","^psEt",3800
"upsets","^psEts",76
"upsetting","^psEt1N",218
"upside","^ps5d",474
"upstairs","^pstErz",3607
"upstanding","^pst@nd1N",56
"upstate","^pst8t",131
"upstream","^pstrim",51
"uptight","^pt5t",206
"uptown","^ptOn",246
"upward","^pw3rd",86
"upwards","^pw3rdz",46
"uranium","jUr8niem",109
"uranus","jUr8nes",35
"uranus","jUrenes",35
"urban","3rben",237
"urchin","3rCen",22
"urea","jUrie",2
"urge","3rG",339
"urged","3rGd",57
"urgency","3rGensi",73
"urgent","3rGent",758
"urgently","3rGentli",59
"urges","3rGez",93
"urging","3rG1N",56
"urinate","jUr1n8t",56
"urine","jUr1n",332
"urn","3rn",99
"us","^s",86478
"use","jus",17536
"use","juz",17536
"used","juzd",17551
"useful","jusfel",669
"useless","jusles",1017
"user","juz3r",79
"users","juz3rz",63
"uses","jusez",778
"uses","juzez",778
"usher","^S3r",121
"using","juz1N",3520
"usual","juZuel",1899
"usual","juZwel",1899
"usually","juZeli",3214
"utah","juta",250
"utensil","jutEnsel",12
"uterus","jut3res",92
"uther","uT3r",54
"utility","jut1leti",114
"utilize","jutel5z",45
"utmost","^tmost",118
"utopia","jutopie",57
"utter","^t3r",257
"uttered","^t3rd",41
"utterly","^t3rli",249
"vacancy","v8kensi",45
"vacant","v8kent",135
"vacate","v8k8t",56
"vacation","vek8Sen",1673
"vacations","v8k8Senz",93
"vaccine","v@ksin",98
"vacuum","v@kjum",294
"vagina","veG5ne",258
"vaginal","v@Genel",66
"vague","v8g",231
"vaguely","v8gli",129
"vail","v8l",81
"vain","v8n",332
"val","v@l",452
"valance","v@lens",49
"vale","v8l",75
"valedictorian","v@led1ktcrien",63
"valentine","v@lent5n",768
"valet","v@l8",263
"valiant","v@ljent",126
"valid","v@l1d",164
"validate","v@led8t",41
"valium","v@liem",139
"valley","v@li",1275
"valleys","v@liz",52
"valor","v@l3r",64
"valour","v@l3r",15
"valuable","v@ljebel",795
"valuable","v@ljubel",795
"valuables","v@ljebelz",63
"value","v@lju",1097
"valued","v@ljud",95
"values","v@ljuz",432
"valve","v@lv",247
"valves","v@lvz",74
"vamp","v@mp",47
"vampire","v@mp5r",894
"vampires","v@mp5rz",459
"van","v@n",2641
"vancouver","v@nkuv3r",90
"vandalism","v@ndel1zm",79
"vandals","v@ndelz",46
"vanessa","venEse",354
"vanilla","ven1le",203
"vanish","v@n1S",163
"vanished","v@n1St",283
"vanishing","v@n1S1N",56
"vanity","v@n1ti",210
"vanity","v@neti",210
"vanquish","v@Nkw1S",243
"vanquished","v@Nkw1St",100
"vanquishing","v@Nkw1S1N",68
"vans","v@nz",53
"vapor","v8p3r",31
"variables","vEriebelz",52
"variation","vEri8Sen",64
"variations","vEri8Senz",48
"varied","vErid",41
"variety","ver5eti",294
"various","vEries",456
"varsity","varseti",89
"vary","vEri",47
"vascular","v@skjel3r",86
"vase","v8s",196
"vase","vaz",196
"vasectomy","v@sEktemi",50
"vaseline","v@selin",41
"vast","v@st",311
"vat","v@t",76
"vatican","v@t1ken",140
"vaudeville","vadv1l",58
"vault","valt",614
"vaults","valts",46
"veal","vil",181
"vector","vEkt3r",78
"veda","v8de",71
"vee","vi",1
"veer","v1r",55
"vega","v8ge",116
"vegas","v8ges",2054
"vegetable","vEGtebel",291
"vegetables","vEGtebelz",338
"vegetarian","vEGetErien",202
"vegetation","vEGet8Sen",41
"veggie","vEGi",30
"vehement","vehiment",6
"vehement","viement",6
"vehicle","vi1kel",1153
"vehicle","vih1kel",1153
"vehicles","vi1kelz",306
"vehicles","vih1kelz",306
"veil","v8l",151
"vein","v8n",183
"veins","v8nz",282
"velcro","vElkro",43
"veldt","vElt",3
"velocity","velaseti",142
"velvet","vElv1t",320
"vend","vEnd",5
"vendetta","vEndEte",62
"vending","vEnd1N",110
"vendor","vEnd3r",65
"veneer","ven1r",45
"venezuela","vEnezw8le",62
"vengeance","vEnGens",276
"vengeful","vEnGfel",51
"venice","vEn1s",332
"venice","vEnes",332
"venom","vEnem",119
"vent","vEnt",225
"ventilation","vEntel8Sen",110
"ventilator","vEntel8t3r",64
"venting","vEnt1N",50
"ventriloquist","vEntr1lekw1st",49
"vents","vEnts",85
"venture","vEnC3r",241
"venue","vEnju",73
"venus","vines",249
"vera","v1re",283
"verb","v3rb",54
"verbal","v3rbel",149
"verde","v3rdi",60
"verde","vErd8",60
"verdict","v3rd1kt",558
"verge","v3rG",167
"verification","vErefek8Sen",46
"verified","vEref5d",105
"verify","vEref5",248
"veritable","vEretebel",50
"vermin","v3rmen",121
"vermont","v3rmant",223
"vermouth","v3rmuT",50
"vernacular","v3rn@kjul3r",25
"vernon","v3rnen",183
"veronica","v3ran1ke",587
"versa","v3rse",84
"versatile","v3rsetel",48
"verse","v3rs",238
"versed","v3rst",56
"verses","v3rsez",56
"version","v3rZen",828
"versions","v3rZenz",62
"versus","v3rses",411
"vertebrae","v3rtebr8",77
"vertical","v3rt1kel",141
"verve","v3rv",12
"very","vEri",63304
"vessel","vEsel",477
"vessels","vEselz",154
"vest","vEst",284
"vested","vEsted",111
"vestibule","vEst1bjul",20
"vests","vEsts",56
"vet","vEt",296
"veteran","vEt3ren",191
"veteran","vEtren",191
"veterans","vEt3renz",95
"veterans","vEtrenz",95
"veterinarian","vEt3renErien",64
"veterinarian","vEtrenErien",64
"veto","vito",46
"vex","vEks",10
"via","vie",180
"viable","v5ebel",121
"vial","v5el",66
"vials","v5elz",66
"vibe","v5b",266
"vibes","v5bz",55
"vibrant","v5brent",52
"vibrate","v5br8t",56
"vibrating","v5br8t1N",64
"vibration","v5br8Sen",80
"vibrations","v5br8Senz",103
"vibrator","v5br8t3r",60
"vic","v1k",998
"vicar","v1k3r",75
"vice","v5s",950
"vicinity","ves1neti",153
"vicious","v1Ses",438
"vicissitude","v1s1s1tud",1
"victim","v1ktem",2434
"victims","v1kt1mz",1196
"victor","v1kt3r",909
"victoria","v1ktcrie",375
"victorian","v1ktcrien",67
"victories","v1kt3riz",62
"victorious","v1ktcries",66
"victory","v1kt3ri",1094
"video","v1dio",2105
"videos","v1dioz",220
"videotape","v1diot8p",264
"videotapes","v1diot8ps",49
"vie","v5",110
"vienna","viEne",247
"vietcong","viEtkaN",59
"vietnam","viEtnam",817
"vietnamese","viEtnemiz",260
"view","vju",1965
"viewed","vjud",53
"viewer","vju3r",78
"viewers","vju3rz",143
"viewing","vju1N",109
"viewpoint","vjup2nt",50
"views","vjuz",206
"vigil","v1Gel",44
"vigilante","v1Gel@nti",83
"vignette","v1njEt",16
"viking","v5k1N",141
"vikings","v5k1Nz",59
"vil","v1l",43
"vila","vile",58
"vile","v5l",226
"villa","v1le",224
"village","v1l1G",1712
"villagers","v1l1G3rz",127
"villages","v1l1Gez",123
"villain","v1len",212
"villains","v1lenz",86
"ville","v1l",50
"vincent","v1ns1nt",946
"vincent","v1nsEnt",946
"vinci","v1nCi",93
"vindictive","v1nd1kt1v",54
"vine","v5n",107
"vinegar","v1neg3r",86
"vines","v5nz",80
"vineyard","v1nj3rd",142
"vinny","v1ni",98
"vintage","v1nt1G",149
"vinyl","v5nel",63
"vinyls","v5nelz",2
"viola","v5ole",151
"viola","viole",151
"violate","v5el8t",122
"violated","v5el8t1d",233
"violating","v5el8t1N",114
"violation","v5el8Sen",385
"violations","v5el8Senz",100
"violence","v5elens",1173
"violent","v5elent",850
"violently","v5elentli",95
"violet","v5el1t",410
"violets","v5elets",53
"violin","v5el1n",242
"violins","v5el1nz",54
"viper","v5p3r",129
"vipers","v5p3rz",41
"viral","v5rel",45
"virge","v3rG",55
"virgil","v3rGel",337
"virgin","v3rG1n",961
"virginia","v3rG1nje",718
"virginity","v3rG1n1ti",199
"virgins","v3rGenz",150
"virtual","v3rCuel",133
"virtually","v3rCueli",209
"virtue","v3rCu",263
"virtues","v3rCuz",81
"virtuous","v3rCues",88
"virus","v5res",964
"viruses","v5resez",59
"visa","vize",216
"viscous","v1skes",13
"vise","v5s",20
"visibility","v1zeb1leti",61
"visible","v1zebel",253
"vision","v1Zen",1218
"visionary","v1ZenEri",66
"visions","v1Zenz",420
"visit","v1z1t",2993
"visitation","v1zet8Sen",81
"visited","v1z1t1d",350
"visiting","v1z1t1N",787
"visitor","v1z1t3r",446
"visitors","v1z1t3rz",506
"visits","v1z1ts",233
"vista","v1ste",142
"vista","viste",142
"visual","v1Zuel",586
"visualize","v1Zuel5z",88
"visually","v1Zueli",42
"vital","v5tel",396
"vitals","v5telz",184
"vitamin","v5temen",136
"vitamins","v5temenz",181
"viva","vive",159
"vivian","v1vien",301
"vivid","v1ved",104
"vixen","v1ksen",49
"vocabulary","vok@bjelEri",119
"vocal","vokel",151
"vocation","vok8Sen",42
"vodka","vadke",515
"vogue","vog",119
"voguer","vog3r",1
"vogues","vogz",3
"voguing","vog1N",1
"voice","v2s",4394
"voicemail","v2sm8l",52
"voices","v2sez",793
"void","v2d",209
"voila","vwala",129
"volatile","valetel",59
"volcanic","valk@n1k",57
"volcano","valk8no",170
"volcanoes","valk8noz",46
"vole","vol",89
"volkswagen","volksw@gen",42
"volleyball","valibal",58
"volt","volt",9
"voltage","volt1G",85
"volts","volts",64
"volume","valjum",354
"volumes","valjumz",54
"voluntarily","valentEreli",100
"voluntary","valentEri",103
"volunteer","valent1r",475
"volunteered","valent1rd",245
"volunteering","valent1r1N",98
"volunteers","valent1rz",263
"vomit","vam1t",272
"vomited","vam1ted",50
"vomiting","vam1t1N",149
"von","van",554
"voodoo","vudu",243
"vortex","vcrtEks",76
"vote","vot",1751
"voted","vot1d",354
"voted","voted",354
"voter","vot3r",41
"voters","vot3rz",106
"votes","vots",400
"voting","vot1N",241
"vouch","vOC",126
"voucher","vOC3r",46
"vow","vO",276
"vowed","vOd",83
"vowel","vOel",36
"vows","vOz",331
"voyage","v21G",306
"voyager","v21G3r",58
"vroom","vrum",42
"vue","vju",1
"vulcan","v^lken",150
"vulgar","v^lg3r",167
"vulnerability","v^ln3reb1leti",41
"vulnerable","v^ln3rebel",437
"vulture","v^lC3r",90
"vultures","v^lC3rz",115
"wack","w@k",87
"wacko","w@ko",141
"wacky","w@ki",164
"wad","wad",89
"waddle","wadel",23
"wade","w8d",840
"wafer","w8f3r",15
"waffle","wafel",108
"waffles","wafelz",132
"wag","w@g",26
"wage","w8G",159
"wager","w8G3r",202
"wages","w8Gez",198
"wagner","w@gn3r",150
"wagon","w@gen",906
"wagons","w@genz",165
"wail","w8l",44
"wailing","w8l1N",156
"wails","w8lz",45
"waist","w8st",262
"wait","w8t",42343
"waited","w8t1d",1485
"waiter","w8t3r",673
"waiters","w8t3rz",114
"waiting","w8t1N",10767
"waitress","w8tres",588
"waitresses","w8tresez",84
"waits","w8ts",307
"waive","w8v",88
"waiver","w8v3r",49
"wake","w8k",5366
"wakes","w8ks",345
"wakeup","w8k^p",5
"waking","w8k1N",447
"waldorf","waldcrf",50
"wales","w8lz",106
"walk","wak",11009
"walked","wakt",2737
"walker","wak3r",808
"walkie","waki",45
"walking","wak1N",3826
"walkout","wakOt",93
"walks","waks",936
"wall","wal",3605
"wallet","walet",1163
"wallets","walets",77
"walleye","wal5",7
"walleyed","wal5d",9
"walleyes","wal5z",1
"wallop","walep",42
"wallow","walo",82
"wallowing","walo1N",41
"wallpaper","walp8p3r",171
"walls","walz",1261
"wally","wali",722
"walnut","walnet",100
"walnuts","waln^ts",64
"walrus","walres",57
"walsh","walS",251
"walt","walt",896
"walter","walt3r",1972
"waltz","wals",279
"waltz","walts",279
"waltzed","walst",19
"waltzed","waltst",19
"waltzers","wals3rz",1
"waltzers","walts3rz",1
"waltzing","wals1N",43
"waltzing","walts1N",43
"wan","wan",94
"wand","wand",157
"wander","wand3r",299
"wandered","wand3rd",176
"wandering","wand3r1N",403
"wanders","wand3rz",45
"wane","w8n",13
"wang","w@N",376
"wanker","w@Nk3r",111
"wanna","wane",25796
"wannabe","wanebi",64
"want","want",140718
"wanted","want1d",25616
"wanting","want1N",1251
"wanton","wanten",42
"wants","wants",15655
"war","wcr",8912
"ward","wcrd",727
"warden","wcrden",573
"wardrobe","wcrdrob",330
"wards","wcrdz",52
"ware","wEr",112
"warehouse","wErhOs",509
"warfare","wcrfEr",150
"warhead","wcrhEd",165
"warheads","wcrhEdz",82
"warlike","wcrl5k",14
"warlock","wcrlak",185
"warlocks","wcrlaks",87
"warm","wcrm",2659
"warmed","wcrmd",112
"warmer","wcrm3r",184
"warmest","wcrmest",42
"warming","wcrm1N",203
"warms","wcrmz",44
"warmth","wcrmT",227
"warn","wcrn",1293
"warned","wcrnd",808
"warner","warn3r",272
"warning","wcrn1N",1630
"warnings","wcrn1Nz",81
"warp","wcrp",280
"warpath","wcrp@T",44
"warped","wcrpt",83
"warrant","wcrent",1060
"warrants","wcrents",164
"warranty","wcrenti",42
"warren","wcren",754
"warrior","wcri3r",516
"warriors","wcri3rz",336
"warriors","wcrj3rz",336
"wars","wcrz",465
"warsaw","wcrsa",99
"warship","wcrS1p",48
"wart","wcrt",63
"warthog","wcrthag",16
"wartime","wcrt5m",58
"warts","wcrts",52
"was","w^z",288391
"wash","waS",2077
"washable","waSebel",6
"washcloth","waSklaT",19
"washed","waSt",718
"washer","waS3r",104
"washes","waSez",93
"washing","waS1N",462
"washington","waS1Nten",2142
"washroom","waSrum",86
"washtub","waSt^b",5
"wasp","wasp",73
"waste","w8st",2716
"wastebasket","w8stb@sket",32
"wasted","w8st1d",854
"wasted","w8sted",854
"wasteful","w8stfel",30
"wasteland","w8stl@nd",50
"waster","w8st3r",2
"wasting","w8st1N",1135
"watch","waC",16831
"watchdog","waCdag",53
"watched","waCt",1353
"watcher","waC3r",51
"watchers","waC3rz",50
"watches","waCez",406
"watchful","waCfel",20
"watching","waC1N",5081
"watchman","waCmen",126
"water","wat3r",11478
"watered","wat3rd",49
"waterfall","wat3rfal",95
"waterfront","wat3rfr^nt",53
"watergate","wat3rg8t",70
"watering","wat3r1N",109
"waterloo","wat3rlu",42
"watermelon","wat3rmElen",112
"waterproof","wat3rpruf",50
"waters","wat3rz",553
"watery","wat3ri",36
"watson","watsen",1066
"watt","wat",96
"wattle","watel",47
"watts","wats",63
"wave","w8v",1084
"waved","w8vd",105
"waves","w8vz",674
"waving","w8v1N",266
"wavy","w8vi",28
"wax","w@ks",461
"waxed","w@kst",69
"waxing","w@ks1N",51
"way","w8",72661
"wayne","w8n",1060
"ways","w8z",2633
"we","wi",459607
"weak","wik",1607
"weaken","wiken",60
"weakened","wikend",77
"weaker","wik3r",121
"weakest","wikest",65
"weakling","wikl1N",43
"weakness","wiknes",454
"weaknesses","wiknesez",110
"wealth","wElT",324
"wealthy","wElTi",376
"wean","win",13
"weapon","wEpen",2379
"weaponry","wEpenri",54
"weapons","wEpenz",2065
"wear","wEr",5576
"wearer","wEr3r",27
"wearing","wEr1N",4410
"wears","wErz",651
"weary","w1ri",212
"weasel","wizel",250
"weasels","wizelz",50
"weather","wED3r",1746
"weatherman","wED3rm@n",107
"weathers","wED3rz",45
"weave","wiv",105
"weaver","wiv3r",413
"weaving","wiv1N",43
"web","wEb",470
"webber","wEb3r",93
"website","wEbs5t",220
"webster","wEbst3r",322
"wed","wEd",125
"wedded","wEded",164
"wedding","wEd1N",5173
"weddings","wEd1Nz",228
"wedge","wEG",119
"wedged","wEGd",50
"wedgie","wEGi",44
"wedlock","wEdlak",54
"wednesday","wEnzd8",932
"wednesdays","wEnzd8z",68
"wee","wi",434
"weed","wid",600
"weeds","widz",121
"week","wik",12164
"weekday","wikd8",22
"weekend","wik1nd",3118
"weekend","wikEnd",3118
"weekends","wikEndz",377
"weekly","wikli",237
"weeks","wiks",6637
"weenie","wini",144
"weep","wip",280
"weeping","wip1N",162
"weigh","w8",363
"weighed","w8d",153
"weighing","w81N",116
"weighs","w8z",178
"weight","w8t",1850
"weights","w8ts",136
"weir","w1r",47
"weird","w1rd",5156
"weirder","w1rd3r",84
"weirdest","w1rdest",123
"weirdness","w1rdnes",48
"weirdo","w1rdo",162
"weirdos","w1rdoz",49
"welch","wElC",68
"welcome","wElkem",9140
"welcomed","wElkemd",104
"welcomes","wElkemz",54
"welcoming","wElkem1N",133
"weld","wEld",32
"welfare","wElfEr",402
"welk","wElk",20
"well","wEl",152523
"wellington","wEl1Nten",148
"wells","wElz",480
"welsh","wElS",60
"welt","wElt",9
"wen","wEn",183
"wench","wEnC",88
"went","wEnt",20987
"wept","wEpt",71
"were","w3r",84804
"werewolf","wErwUlf",227
"werewolves","wErwUlvz",77
"wesley","wEsli",571
"west","wEst",3088
"westbound","wEstbOnd",46
"western","wEst3rn",679
"westminster","wEstm1nst3r",46
"wet","wEt",2000
"wetlands","wEtl@ndz",42
"wetting","wEt1N",42
"whack","w@k",455
"whacked","w@kt",207
"whacking","w@k1N",64
"whale","w8l",574
"whales","w8lz",297
"whaling","w8l1N",45
"wham","w@m",98
"wharf","wcrf",65
"wharfs","wcrfs",1
"wharves","wcrvz",1
"what","w^t",501965
"whatever","w^tEv3r",12584
"whatnot","w^tnat",101
"whats","w^ts",102
"whatsoever","w^tsoEv3r",470
"wheat","wit",293
"whee","wi",86
"wheel","wil",1380
"wheelbarrow","wilbEro",31
"wheelchair","wilCEr",316
"wheeled","wild",41
"wheeler","wil3r",195
"wheelie","wili",11
"wheels","wilz",678
"wheeze","wiz",29
"whelk","wElk",2
"whelp","wElp",24
"when","wEn",103739
"whence","wEns",53
"whenever","wEnEv3r",1790
"where","wEr",93341
"whereabouts","wErebOts",327
"whereas","wEr@z",181
"wherefore","wErfcr",44
"wherever","wErEv3r",1500
"whether","wED3r",3424
"which","w1C",24339
"whichever","w1CEv3r",163
"whiff","w1f",127
"whig","w1g",3
"while","w5l",17821
"whilst","w5lst",77
"whim","w1m",119
"whimpering","w1mp3r1N",127
"whimpers","w1mp3rz",77
"whimsical","w1mz1kel",40
"whine","w5n",83
"whiner","w5n3r",14
"whiney","w5ni",14
"whining","w5n1N",244
"whinny","w1ni",13
"whinnying","w1ni1N",41
"whiny","w5ni",52
"whip","w1p",671
"whiplash","w1pl@S",90
"whipped","w1pt",370
"whipper","w1p3r",91
"whipping","w1p1N",112
"whips","w1ps",60
"whir","w3r",5
"whirl","w3rl",89
"whirling","w3rl1N",35
"whirlwind","w3rlw1nd",49
"whirring","w3r1N",138
"whisk","w1sk",29
"whisker","w1sk3r",13
"whiskers","w1sk3rz",109
"whiskey","w1ski",822
"whisky","w1ski",205
"whisper","w1sp3r",403
"whispered","w1sp3rd",103
"whispering","w1sp3r1N",413
"whispers","w1sp3rs",280
"whistle","w1sel",788
"whistler","w1sl3r",73
"whistles","w1selz",216
"whistling","w1sl1N",261
"whit","w1t",99
"white","w5t",8744
"whitehead","w5thEd",45
"whiten","w5ten",3
"whites","w5ts",232
"whitey","w5ti",404
"whitfield","w1tfild",81
"whitman","w1tmen",89
"whitney","w1tni",166
"whiz","w1z",199
"who","hu",113370
"whoa","wo",8023
"whoever","huEv3r",2203
"whole","hol",19660
"wholesale","hols8l",85
"wholesome","holsem",81
"wholly","holi",69
"whom","hum",1795
"whomever","humEv3r",62
"whoop","wup",197
"whoopee","wupi",82
"whoopee","wUpi",82
"whooping","wup1N",105
"whooping","wUp1N",105
"whoops","wups",228
"whoosh","wuS",60
"whopper","wap3r",43
"whopping","wap1N",31
"whore","hcr",1076
"whorehouse","hcrhOs",79
"whores","hcrz",297
"whorl","w3rl",3
"whose","huz",3187
"whup","wUp",68
"why","w5",114687
"whys","w5z",1
"wichita","w1C1ta",122
"wick","w1k",128
"wicked","w1k1d",678
"wicker","w1k3r",48
"wide","w5d",1214
"widely","w5dli",76
"widen","w5den",42
"wider","w5d3r",127
"widespread","w5dsprEd",47
"widow","w1do",617
"widower","w1do3r",72
"widows","w1doz",95
"width","w1dT",35
"wield","wild",39
"wiener","win3r",113
"wife","w5f",17795
"wig","w1g",426
"wiggle","w1gel",152
"wiggler","w1gl3r",8
"wigs","w1gz",71
"wiki","w1ki",67
"wild","w5ld",2923
"wildcat","w5ldk@t",71
"wildcats","w5ldk@ts",81
"wildebeest","w1ldebist",22
"wilder","w5ld3r",106
"wilderness","w1ld3rnes",201
"wildest","w5ldest",124
"wildfire","w5ldf5r",50
"wildflower","w5ldflO3r",3
"wildlife","w5ldl5f",98
"wildly","w5ldli",98
"wiles","w5lz",52
"will","w1l",108306
"william","w1ljem",1653
"williams","w1ljemz",856
"willie","w1li",1093
"willies","w1liz",45
"willing","w1l1N",2512
"willingly","w1l1Nli",121
"willingness","w1l1Nnes",68
"willow","w1lo",318
"willows","w1loz",97
"willpower","w1lpO3r",54
"wills","w1lz",112
"willy","w1li",470
"wilson","w1lsen",1187
"wilt","w1lt",93
"wilton","w1lten",69
"wimp","w1mp",159
"wimps","w1mps",52
"wimpy","w1mpi",43
"win","w1n",6867
"winch","w1nC",69
"winchester","w1nCEst3r",328
"wind","w1nd",3028
"wind","w5nd",3028
"windbag","w1ndb@g",41
"winding","w1nd1N",100
"winding","w5nd1N",100
"windmill","w1ndm1l",65
"window","w1ndo",4386
"windows","w1ndoz",1190
"windpipe","w1ndp5p",46
"winds","w1ndz",384
"winds","w5ndz",384
"windshield","w1ndSild",167
"windsor","w1ndz3r",71
"windy","w1ndi",134
"wine","w5n",3078
"wines","w5nz",74
"wing","w1N",1032
"winged","w1Nd",58
"winged","w1Ned",58
"wingman","w1Nmen",57
"wings","w1Nz",1003
"wink","w1Nk",180
"winner","w1n3r",1592
"winners","w1n3rz",323
"winning","w1n1N",1192
"winnings","w1n1Nz",90
"wino","w5no",42
"wins","w1nz",988
"winslow","w1nzlo",58
"winter","w1nt3r",1337
"winters","w1nt3rz",144
"wintertime","w1nt3rt5m",22
"wipe","w5p",861
"wiped","w5pt",401
"wipeout","w5pOt",14
"wipes","w5ps",71
"wiping","w5p1N",111
"wire","w5r",1403
"wired","w5rd",386
"wireless","w5rles",135
"wires","w5rz",355
"wiring","w5r1N",118
"wisconsin","w1skansen",230
"wisdom","w1zdem",565
"wise","w5z",1452
"wisely","w5zli",81
"wiser","w5z3r",132
"wish","w1S",11991
"wishbone","w1Sbon",25
"wished","w1St",420
"wisher","w1S3r",2
"wishes","w1Sez",940
"wishful","w1Sfel",53
"wishing","w1S1N",339
"wisp","w1sp",21
"wisteria","w1stErie",87
"wit","w1t",302
"witch","w1C",1410
"witchcraft","w1Ckr@ft",140
"witches","w1Cez",533
"with","w1T",257465
"withdraw","w1Ddra",337
"withdraw","w1Tdra",337
"withdrawal","w1Ddrael",146
"withdrawing","w1Ddra1N",40
"withdrawn","w1Ddran",115
"withdrew","w1Ddru",53
"wither","w1D3r",47
"withered","w1D3rd",55
"withheld","w1DhEld",52
"withhold","w1Dhold",53
"withholding","w1Dhold1N",96
"within","w1D1n",3017
"within","w1T1n",3017
"without","w1TOt",18087
"withstand","w1Dst@nd",83
"witness","w1tnes",2621
"witnessed","w1tnest",291
"witnesses","w1tnesez",1005
"witnessing","w1tnes1N",61
"wits","w1ts",146
"witter","w1t3r",147
"witty","w1ti",163
"wives","w5vz",787
"wizard","w1z3rd",542
"wizards","w1z3rdz",55
"wobble","wabel",30
"wobbly","wabli",37
"woe","wo",119
"woke","wok",1344
"woken","woken",76
"wolf","wUlf",1034
"wolfram","wUlfrem",249
"wolves","wUlvz",302
"woman","wUmen",22166
"womb","wum",177
"women","w1men",9978
"won","w^n",38729
"wonder","w^nd3r",5966
"wondered","w^nd3rd",760
"wonderful","w^nd3rfel",8364
"wonderfully","w^nd3rfeli",114
"wondering","w^nd3r1N",3231
"wonderland","w^nd3rl@nd",93
"wonders","w^nd3rz",297
"wondrous","w^ndres",83
"wong","waN",542
"wont","want",81
"woo","wu",343
"wood","wUd",1377
"woodbury","wUdbEri",44
"wooden","wUden",367
"woodhouse","wUdhOs",92
"woodland","wUdlend",57
"woodpecker","wUdpEk3r",50
"woodpile","wUdp5l",11
"woods","wUdz",1482
"woodward","wUdwcrd",108
"woodwork","wUdw3rk",43
"woody","wUdi",433
"woof","wUf",141
"wool","wUl",161
"woozy","wuzi",43
"wop","wap",88
"word","w3rd",12013
"words","w3rdz",6223
"wore","wcr",1081
"work","w3rk",40699
"workable","w3rkebel",17
"workbench","wcrkbEnC",10
"workbook","w3rkbUk",6
"worked","w3rkt",5877
"worker","wcrk3r",558
"workers","w3rk3rz",595
"working","w3rk1N",12775
"workings","w3rk1Nz",42
"workload","w3rklod",45
"workman","w3rkmen",40
"workmen","w3rkmen",50
"workout","w3rkOt",141
"workplace","w3rkpl8s",124
"works","w3rks",5357
"worksheet","w3rkSit",5
"workshop","w3rkSap",143
"workup","w3rk^p",49
"world","w3rld",23216
"worldly","w3rldli",77
"worlds","w3rldz",453
"worldwide","w3rldw5d",161
"worm","w3rm",516
"wormhole","w3rmhol",98
"worms","w3rmz",321
"wormy","w3rmi",11
"worn","wcrn",514
"worried","w3rid",4831
"worrier","w3ri3r",15
"worries","w3riz",541
"worry","w3ri",14638
"worrying","w3ri1N",827
"worse","w3rs",5002
"worsen","w3rsen",20
"worship","wcrS1p",409
"worship","wcrSep",409
"worshipped","w3rS1pt",98
"worships","w3rS1ps",68
"worst","w3rst",2874
"worth","w3rT",5569
"worthless","w3rTles",473
"worthwhile","w3rTw5l",206
"worthy","w3rDi",527
"would","wUd",90162
"wound","wOnd",1353
"wound","wund",1353
"wounded","wund1d",992
"wounds","wundz",717
"wove","wov",12
"wow","wO",8160
"wrack","r@k",5
"wrap","r@p",908
"wrapped","r@pt",600
"wrapper","r@p3r",85
"wrapping","r@p1N",147
"wraps","r@ps",117
"wrath","r@T",199
"wreak","rik",30
"wreath","riT",54
"wreck","rEk",697
"wreckage","rEk1G",106
"wrecked","rEkt",272
"wrecking","rEk1N",109
"wrecks","rEks",58
"wren","rEn",19
"wrench","rEnC",202
"wrest","rEst",6
"wrestle","rEsel",176
"wrestled","rEseld",47
"wrestler","rEsl3r",91
"wrestling","rEsl1N",446
"wretch","rEC",83
"wretched","rEC1d",185
"wriggle","r1gel",21
"wright","r5t",207
"wring","r1N",62
"wrinkle","r1Nkel",96
"wrinkled","r1Nkeld",86
"wrinkles","r1Nkelz",103
"wrinkly","r1Nkli",17
"wrist","r1st",527
"wrists","r1sts",222
"wristwatch","r1stwaC",59
"writ","r1t",88
"write","r5t",6467
"writer","r5t3r",1200
"writers","r5t3rz",303
"writes","r5ts",421
"writhe","r5D",9
"writing","r5t1N",2852
"writings","r5t1Nz",54
"written","r1ten",2247
"wrong","raN",26678
"wronged","raNd",56
"wrongful","raNfel",54
"wrongly","raNli",48
"wrongs","raNz",53
"wrote","rot",3629
"wrought","rat",44
"wry","r5",10
"wuss","wUs",95
"wye","w5",1
"wynn","w1n",102
"wyoming","w5om1N",110
"xerox","z1raks",48
"xi","s5",112
"xi","Si",112
"xylophone","z5lefon",9
"ya","j@",7664
"yacht","jat",419
"yahoo","jahu",149
"yak","j@k",71
"yale","j8l",734
"yam","j@m",43
"yams","j@mz",44
"yan","j@n",179
"yang","j@N",252
"yank","j@Nk",240
"yanked","j@Nkt",60
"yankee","j@Nki",459
"yankees","j@Nkiz",309
"yanking","j@Nk1N",40
"yanks","j@Nks",122
"yap","j@p",73
"yapping","j@p1N",58
"yard","jard",1278
"yards","jardz",760
"yardstick","jardst1k",17
"yarn","jarn",81
"yaw","ja",11
"yawl","jal",12
"yawn","jan",51
"yawning","jan1N",48
"yay","j8",346
"yea","j8",351
"yeah","j@",152262
"year","j1r",14174
"yearbook","j1rbUk",241
"yearly","j1rli",45
"yearn","j3rn",49
"yearning","j3rn1N",81
"years","j1rz",29003
"yeast","jist",44
"yee","ji",53
"yell","jEl",939
"yelled","jEld",313
"yelling","jEl1N",1087
"yellow","jElo",1724
"yellowness","jElones",1
"yells","jElz",216
"yelp","jElp",7
"yen","jEn",312
"yep","jEp",2600
"yes","jEs",101835
"yesterday","jEst3rd8",4935
"yet","jEt",17428
"yggdrasil","1gdres1l",70
"yi","ji",147
"yield","jild",206
"yikes","j5ks",111
"yin","j1n",168
"yip","j1p",64
"yipe","j5p",1
"yipes","j5ps",1
"yippee","j1pi",72
"yo","jo",4177
"yodel","jodel",43
"yoga","joge",227
"yogurt","jog3rt",116
"yoke","jok",22
"yolk","jok",21
"yon","jan",40
"yonder","jand3r",178
"yonkers","jaNk3rz",48
"yore","jcr",13
"york","jcrk",7069
"yorker","jcrk3r",107
"yorkers","jcrk3rz",64
"yorkshire","jcrkS3r",51
"you","ju",2134713
"young","j^N",12402
"younger","j^Ng3r",1257
"youngest","j^Ngest",255
"youngster","j^Nst3r",74
"youngsters","j^Nst3rz",88
"your","jcr",328715
"yours","jcrz",10441
"yourself","jcrsElf",22151
"yourselves","jcrsElvz",1479
"yourselves","jUrsElvz",1479
"yous","juz",46
"youth","juT",858
"youthful","juTfel",79
"yoyo","jojo",14
"yuck","j^k",194
"yucky","j^ki",22
"yugoslavia","jugoslavie",44
"yule","jul",19
"yum","j^m",207
"yummy","j^mi",228
"yup","j^p",594
"yuppie","j^pi",45
"zack","z@k",1056
"zak","z@k",76
"zap","z@p",125
"zeal","zil",31
"zealand","zilend",115
"zealous","zEles",15
"zebra","zibre",128
"zed","zEd",52
"zee","zi",58
"zen","zEn",130
"zephyr","zEf3r",50
"zeppelin","zEp1l1n",60
"zero","ziro",1094
"zeros","z1roz",50
"zest","zEst",35
"zeus","zus",311
"zigzag","z1gz@g",23
"zilch","z1lC",45
"zillion","z1ljen",67
"zinc","z1Nk",43
"zing","z1N",60
"zion","z5en",66
"zip","z1p",389
"zipper","z1p3r",144
"zippered","z1p3rd",3
"zippy","z1pi",19
"zit","z1t",52
"zombie","zambi",184
"zombies","zambiz",115
"zone","zon",1026
"zones","zonz",90
"zoning","zon1N",61
"zoo","zu",696
"zoom","zum",181
"zorro","zcro",136
"zounds","zOndz",5
"zucchini","zukini",49
"zulu","zulu",50
"zurich","zUr1k",124
